ISO-10303-21;
HEADER;
/* Generated by software containing ST-Developer
 * from STEP Tools, Inc. (www.steptools.com) 
 */
/* OPTION: using custom renumber hook */

FILE_DESCRIPTION(
/* description */ ('STEP AP214'),
/* implementation_level */ '2;1');

FILE_NAME(
/* name */ 'SFM-120-01-L-D-A-TR',
/* time_stamp */ '2026-08-01T10:39:19+02:00',
/* author */ ('License CC BY-ND 4.0'),
/* organization */ ('CADENAS'),
/* preprocessor_version */ 'ST-DEVELOPER v20',
/* originating_system */ 'PARTsolutions',
/* authorisation */ '  ');

FILE_SCHEMA (('AUTOMOTIVE_DESIGN {1 0 10303 214 3 1 1}'));
ENDSEC;

DATA;
#10=PROPERTY_DEFINITION_REPRESENTATION(#14,#12);
#11=PROPERTY_DEFINITION_REPRESENTATION(#15,#13);
#12=REPRESENTATION('',(#16),#12543);
#13=REPRESENTATION('',(#17),#12543);
#14=PROPERTY_DEFINITION('pmi validation property','',#12555);
#15=PROPERTY_DEFINITION('pmi validation property','',#12555);
#16=VALUE_REPRESENTATION_ITEM('number of annotations',COUNT_MEASURE(0.));
#17=VALUE_REPRESENTATION_ITEM('number of views',COUNT_MEASURE(0.));
#18=CONTEXT_DEPENDENT_SHAPE_REPRESENTATION(#22,#12557);
#19=CONTEXT_DEPENDENT_SHAPE_REPRESENTATION(#23,#12559);
#20=NEXT_ASSEMBLY_USAGE_OCCURRENCE('NAUO1','SFM-120-01-L-D-A_terminal',
'SFM-120-01-L-D-A_terminal',#12560,#12561,'');
#21=NEXT_ASSEMBLY_USAGE_OCCURRENCE('NAUO2','C-20-01-D-L_pins',
'C-20-01-D-L_pins',#12560,#12562,'');
#22=(
REPRESENTATION_RELATIONSHIP(' ',' ',#7932,#7931)
REPRESENTATION_RELATIONSHIP_WITH_TRANSFORMATION(#24)
SHAPE_REPRESENTATION_RELATIONSHIP()
);
#23=(
REPRESENTATION_RELATIONSHIP(' ',' ',#7933,#7931)
REPRESENTATION_RELATIONSHIP_WITH_TRANSFORMATION(#25)
SHAPE_REPRESENTATION_RELATIONSHIP()
);
#24=ITEM_DEFINED_TRANSFORMATION(' ',' ',#7934,#8185);
#25=ITEM_DEFINED_TRANSFORMATION(' ',' ',#7934,#8388);
#26=SHAPE_REPRESENTATION_RELATIONSHIP('','',#7932,#28);
#27=SHAPE_REPRESENTATION_RELATIONSHIP('','',#7933,#29);
#28=ADVANCED_BREP_SHAPE_REPRESENTATION('',(#7926),#12544);
#29=ADVANCED_BREP_SHAPE_REPRESENTATION('',(#7927),#12545);
#30=SPHERICAL_SURFACE('',#7981,0.0249999999999999);
#31=SPHERICAL_SURFACE('',#7984,0.025);
#32=CYLINDRICAL_SURFACE('',#7956,0.0200000000000001);
#33=CYLINDRICAL_SURFACE('',#7960,0.0200000000000001);
#34=CYLINDRICAL_SURFACE('',#7962,0.0200000000000001);
#35=CYLINDRICAL_SURFACE('',#7965,0.0200000000000001);
#36=CYLINDRICAL_SURFACE('',#7979,0.0250000000000001);
#37=CYLINDRICAL_SURFACE('',#7982,0.025);
#38=LINE('',#10346,#1080);
#39=LINE('',#10348,#1081);
#40=LINE('',#10350,#1082);
#41=LINE('',#10352,#1083);
#42=LINE('',#10354,#1084);
#43=LINE('',#10356,#1085);
#44=LINE('',#10358,#1086);
#45=LINE('',#10362,#1087);
#46=LINE('',#10366,#1088);
#47=LINE('',#10371,#1089);
#48=LINE('',#10375,#1090);
#49=LINE('',#10379,#1091);
#50=LINE('',#10383,#1092);
#51=LINE('',#10385,#1093);
#52=LINE('',#10388,#1094);
#53=LINE('',#10390,#1095);
#54=LINE('',#10392,#1096);
#55=LINE('',#10394,#1097);
#56=LINE('',#10396,#1098);
#57=LINE('',#10398,#1099);
#58=LINE('',#10400,#1100);
#59=LINE('',#10402,#1101);
#60=LINE('',#10403,#1102);
#61=LINE('',#10405,#1103);
#62=LINE('',#10407,#1104);
#63=LINE('',#10410,#1105);
#64=LINE('',#10412,#1106);
#65=LINE('',#10413,#1107);
#66=LINE('',#10415,#1108);
#67=LINE('',#10417,#1109);
#68=LINE('',#10419,#1110);
#69=LINE('',#10422,#1111);
#70=LINE('',#10424,#1112);
#71=LINE('',#10425,#1113);
#72=LINE('',#10426,#1114);
#73=LINE('',#10428,#1115);
#74=LINE('',#10431,#1116);
#75=LINE('',#10435,#1117);
#76=LINE('',#10437,#1118);
#77=LINE('',#10440,#1119);
#78=LINE('',#10441,#1120);
#79=LINE('',#10443,#1121);
#80=LINE('',#10446,#1122);
#81=LINE('',#10447,#1123);
#82=LINE('',#10449,#1124);
#83=LINE('',#10452,#1125);
#84=LINE('',#10454,#1126);
#85=LINE('',#10456,#1127);
#86=LINE('',#10457,#1128);
#87=LINE('',#10460,#1129);
#88=LINE('',#10462,#1130);
#89=LINE('',#10464,#1131);
#90=LINE('',#10465,#1132);
#91=LINE('',#10468,#1133);
#92=LINE('',#10470,#1134);
#93=LINE('',#10472,#1135);
#94=LINE('',#10473,#1136);
#95=LINE('',#10476,#1137);
#96=LINE('',#10478,#1138);
#97=LINE('',#10480,#1139);
#98=LINE('',#10481,#1140);
#99=LINE('',#10484,#1141);
#100=LINE('',#10486,#1142);
#101=LINE('',#10488,#1143);
#102=LINE('',#10489,#1144);
#103=LINE('',#10492,#1145);
#104=LINE('',#10494,#1146);
#105=LINE('',#10496,#1147);
#106=LINE('',#10497,#1148);
#107=LINE('',#10500,#1149);
#108=LINE('',#10502,#1150);
#109=LINE('',#10504,#1151);
#110=LINE('',#10505,#1152);
#111=LINE('',#10508,#1153);
#112=LINE('',#10510,#1154);
#113=LINE('',#10512,#1155);
#114=LINE('',#10513,#1156);
#115=LINE('',#10516,#1157);
#116=LINE('',#10518,#1158);
#117=LINE('',#10520,#1159);
#118=LINE('',#10521,#1160);
#119=LINE('',#10524,#1161);
#120=LINE('',#10526,#1162);
#121=LINE('',#10528,#1163);
#122=LINE('',#10529,#1164);
#123=LINE('',#10532,#1165);
#124=LINE('',#10534,#1166);
#125=LINE('',#10536,#1167);
#126=LINE('',#10537,#1168);
#127=LINE('',#10540,#1169);
#128=LINE('',#10542,#1170);
#129=LINE('',#10544,#1171);
#130=LINE('',#10545,#1172);
#131=LINE('',#10548,#1173);
#132=LINE('',#10550,#1174);
#133=LINE('',#10552,#1175);
#134=LINE('',#10553,#1176);
#135=LINE('',#10556,#1177);
#136=LINE('',#10558,#1178);
#137=LINE('',#10560,#1179);
#138=LINE('',#10561,#1180);
#139=LINE('',#10564,#1181);
#140=LINE('',#10566,#1182);
#141=LINE('',#10568,#1183);
#142=LINE('',#10569,#1184);
#143=LINE('',#10572,#1185);
#144=LINE('',#10574,#1186);
#145=LINE('',#10576,#1187);
#146=LINE('',#10577,#1188);
#147=LINE('',#10580,#1189);
#148=LINE('',#10582,#1190);
#149=LINE('',#10584,#1191);
#150=LINE('',#10585,#1192);
#151=LINE('',#10588,#1193);
#152=LINE('',#10590,#1194);
#153=LINE('',#10592,#1195);
#154=LINE('',#10593,#1196);
#155=LINE('',#10596,#1197);
#156=LINE('',#10598,#1198);
#157=LINE('',#10600,#1199);
#158=LINE('',#10601,#1200);
#159=LINE('',#10604,#1201);
#160=LINE('',#10606,#1202);
#161=LINE('',#10608,#1203);
#162=LINE('',#10609,#1204);
#163=LINE('',#10612,#1205);
#164=LINE('',#10614,#1206);
#165=LINE('',#10616,#1207);
#166=LINE('',#10617,#1208);
#167=LINE('',#10620,#1209);
#168=LINE('',#10622,#1210);
#169=LINE('',#10624,#1211);
#170=LINE('',#10625,#1212);
#171=LINE('',#10628,#1213);
#172=LINE('',#10630,#1214);
#173=LINE('',#10632,#1215);
#174=LINE('',#10633,#1216);
#175=LINE('',#10636,#1217);
#176=LINE('',#10638,#1218);
#177=LINE('',#10640,#1219);
#178=LINE('',#10641,#1220);
#179=LINE('',#10644,#1221);
#180=LINE('',#10646,#1222);
#181=LINE('',#10648,#1223);
#182=LINE('',#10649,#1224);
#183=LINE('',#10652,#1225);
#184=LINE('',#10654,#1226);
#185=LINE('',#10656,#1227);
#186=LINE('',#10657,#1228);
#187=LINE('',#10660,#1229);
#188=LINE('',#10662,#1230);
#189=LINE('',#10664,#1231);
#190=LINE('',#10665,#1232);
#191=LINE('',#10668,#1233);
#192=LINE('',#10670,#1234);
#193=LINE('',#10672,#1235);
#194=LINE('',#10673,#1236);
#195=LINE('',#10676,#1237);
#196=LINE('',#10678,#1238);
#197=LINE('',#10680,#1239);
#198=LINE('',#10681,#1240);
#199=LINE('',#10684,#1241);
#200=LINE('',#10686,#1242);
#201=LINE('',#10688,#1243);
#202=LINE('',#10689,#1244);
#203=LINE('',#10692,#1245);
#204=LINE('',#10694,#1246);
#205=LINE('',#10696,#1247);
#206=LINE('',#10697,#1248);
#207=LINE('',#10700,#1249);
#208=LINE('',#10702,#1250);
#209=LINE('',#10704,#1251);
#210=LINE('',#10705,#1252);
#211=LINE('',#10708,#1253);
#212=LINE('',#10710,#1254);
#213=LINE('',#10712,#1255);
#214=LINE('',#10713,#1256);
#215=LINE('',#10716,#1257);
#216=LINE('',#10718,#1258);
#217=LINE('',#10720,#1259);
#218=LINE('',#10721,#1260);
#219=LINE('',#10724,#1261);
#220=LINE('',#10726,#1262);
#221=LINE('',#10728,#1263);
#222=LINE('',#10729,#1264);
#223=LINE('',#10732,#1265);
#224=LINE('',#10734,#1266);
#225=LINE('',#10736,#1267);
#226=LINE('',#10737,#1268);
#227=LINE('',#10740,#1269);
#228=LINE('',#10742,#1270);
#229=LINE('',#10744,#1271);
#230=LINE('',#10745,#1272);
#231=LINE('',#10748,#1273);
#232=LINE('',#10750,#1274);
#233=LINE('',#10752,#1275);
#234=LINE('',#10753,#1276);
#235=LINE('',#10756,#1277);
#236=LINE('',#10758,#1278);
#237=LINE('',#10760,#1279);
#238=LINE('',#10761,#1280);
#239=LINE('',#10764,#1281);
#240=LINE('',#10766,#1282);
#241=LINE('',#10768,#1283);
#242=LINE('',#10769,#1284);
#243=LINE('',#10770,#1285);
#244=LINE('',#10771,#1286);
#245=LINE('',#10773,#1287);
#246=LINE('',#10775,#1288);
#247=LINE('',#10777,#1289);
#248=LINE('',#10781,#1290);
#249=LINE('',#10783,#1291);
#250=LINE('',#10785,#1292);
#251=LINE('',#10787,#1293);
#252=LINE('',#10789,#1294);
#253=LINE('',#10793,#1295);
#254=LINE('',#10797,#1296);
#255=LINE('',#10799,#1297);
#256=LINE('',#10803,#1298);
#257=LINE('',#10805,#1299);
#258=LINE('',#10807,#1300);
#259=LINE('',#10809,#1301);
#260=LINE('',#10811,#1302);
#261=LINE('',#10813,#1303);
#262=LINE('',#10815,#1304);
#263=LINE('',#10817,#1305);
#264=LINE('',#10819,#1306);
#265=LINE('',#10820,#1307);
#266=LINE('',#10826,#1308);
#267=LINE('',#10827,#1309);
#268=LINE('',#10839,#1310);
#269=LINE('',#10841,#1311);
#270=LINE('',#10843,#1312);
#271=LINE('',#10845,#1313);
#272=LINE('',#10847,#1314);
#273=LINE('',#10849,#1315);
#274=LINE('',#10851,#1316);
#275=LINE('',#10853,#1317);
#276=LINE('',#10856,#1318);
#277=LINE('',#10858,#1319);
#278=LINE('',#10860,#1320);
#279=LINE('',#10862,#1321);
#280=LINE('',#10864,#1322);
#281=LINE('',#10866,#1323);
#282=LINE('',#10868,#1324);
#283=LINE('',#10870,#1325);
#284=LINE('',#10873,#1326);
#285=LINE('',#10875,#1327);
#286=LINE('',#10877,#1328);
#287=LINE('',#10879,#1329);
#288=LINE('',#10881,#1330);
#289=LINE('',#10883,#1331);
#290=LINE('',#10885,#1332);
#291=LINE('',#10887,#1333);
#292=LINE('',#10890,#1334);
#293=LINE('',#10892,#1335);
#294=LINE('',#10894,#1336);
#295=LINE('',#10896,#1337);
#296=LINE('',#10898,#1338);
#297=LINE('',#10900,#1339);
#298=LINE('',#10902,#1340);
#299=LINE('',#10904,#1341);
#300=LINE('',#10907,#1342);
#301=LINE('',#10909,#1343);
#302=LINE('',#10911,#1344);
#303=LINE('',#10913,#1345);
#304=LINE('',#10915,#1346);
#305=LINE('',#10917,#1347);
#306=LINE('',#10919,#1348);
#307=LINE('',#10921,#1349);
#308=LINE('',#10924,#1350);
#309=LINE('',#10926,#1351);
#310=LINE('',#10928,#1352);
#311=LINE('',#10930,#1353);
#312=LINE('',#10932,#1354);
#313=LINE('',#10934,#1355);
#314=LINE('',#10936,#1356);
#315=LINE('',#10938,#1357);
#316=LINE('',#10941,#1358);
#317=LINE('',#10943,#1359);
#318=LINE('',#10945,#1360);
#319=LINE('',#10947,#1361);
#320=LINE('',#10949,#1362);
#321=LINE('',#10951,#1363);
#322=LINE('',#10953,#1364);
#323=LINE('',#10955,#1365);
#324=LINE('',#10958,#1366);
#325=LINE('',#10960,#1367);
#326=LINE('',#10962,#1368);
#327=LINE('',#10964,#1369);
#328=LINE('',#10966,#1370);
#329=LINE('',#10968,#1371);
#330=LINE('',#10970,#1372);
#331=LINE('',#10972,#1373);
#332=LINE('',#10975,#1374);
#333=LINE('',#10977,#1375);
#334=LINE('',#10979,#1376);
#335=LINE('',#10981,#1377);
#336=LINE('',#10983,#1378);
#337=LINE('',#10985,#1379);
#338=LINE('',#10987,#1380);
#339=LINE('',#10989,#1381);
#340=LINE('',#10992,#1382);
#341=LINE('',#10994,#1383);
#342=LINE('',#10996,#1384);
#343=LINE('',#10998,#1385);
#344=LINE('',#11000,#1386);
#345=LINE('',#11002,#1387);
#346=LINE('',#11004,#1388);
#347=LINE('',#11006,#1389);
#348=LINE('',#11009,#1390);
#349=LINE('',#11011,#1391);
#350=LINE('',#11013,#1392);
#351=LINE('',#11015,#1393);
#352=LINE('',#11017,#1394);
#353=LINE('',#11019,#1395);
#354=LINE('',#11021,#1396);
#355=LINE('',#11023,#1397);
#356=LINE('',#11026,#1398);
#357=LINE('',#11028,#1399);
#358=LINE('',#11030,#1400);
#359=LINE('',#11032,#1401);
#360=LINE('',#11034,#1402);
#361=LINE('',#11036,#1403);
#362=LINE('',#11038,#1404);
#363=LINE('',#11040,#1405);
#364=LINE('',#11043,#1406);
#365=LINE('',#11045,#1407);
#366=LINE('',#11047,#1408);
#367=LINE('',#11049,#1409);
#368=LINE('',#11051,#1410);
#369=LINE('',#11053,#1411);
#370=LINE('',#11055,#1412);
#371=LINE('',#11057,#1413);
#372=LINE('',#11060,#1414);
#373=LINE('',#11062,#1415);
#374=LINE('',#11064,#1416);
#375=LINE('',#11066,#1417);
#376=LINE('',#11068,#1418);
#377=LINE('',#11070,#1419);
#378=LINE('',#11072,#1420);
#379=LINE('',#11074,#1421);
#380=LINE('',#11077,#1422);
#381=LINE('',#11079,#1423);
#382=LINE('',#11081,#1424);
#383=LINE('',#11083,#1425);
#384=LINE('',#11085,#1426);
#385=LINE('',#11087,#1427);
#386=LINE('',#11089,#1428);
#387=LINE('',#11091,#1429);
#388=LINE('',#11094,#1430);
#389=LINE('',#11096,#1431);
#390=LINE('',#11098,#1432);
#391=LINE('',#11100,#1433);
#392=LINE('',#11102,#1434);
#393=LINE('',#11104,#1435);
#394=LINE('',#11106,#1436);
#395=LINE('',#11108,#1437);
#396=LINE('',#11111,#1438);
#397=LINE('',#11113,#1439);
#398=LINE('',#11115,#1440);
#399=LINE('',#11117,#1441);
#400=LINE('',#11119,#1442);
#401=LINE('',#11121,#1443);
#402=LINE('',#11123,#1444);
#403=LINE('',#11125,#1445);
#404=LINE('',#11128,#1446);
#405=LINE('',#11130,#1447);
#406=LINE('',#11132,#1448);
#407=LINE('',#11134,#1449);
#408=LINE('',#11136,#1450);
#409=LINE('',#11138,#1451);
#410=LINE('',#11140,#1452);
#411=LINE('',#11142,#1453);
#412=LINE('',#11145,#1454);
#413=LINE('',#11147,#1455);
#414=LINE('',#11149,#1456);
#415=LINE('',#11151,#1457);
#416=LINE('',#11153,#1458);
#417=LINE('',#11155,#1459);
#418=LINE('',#11157,#1460);
#419=LINE('',#11159,#1461);
#420=LINE('',#11162,#1462);
#421=LINE('',#11164,#1463);
#422=LINE('',#11166,#1464);
#423=LINE('',#11168,#1465);
#424=LINE('',#11170,#1466);
#425=LINE('',#11172,#1467);
#426=LINE('',#11174,#1468);
#427=LINE('',#11176,#1469);
#428=LINE('',#11179,#1470);
#429=LINE('',#11181,#1471);
#430=LINE('',#11183,#1472);
#431=LINE('',#11185,#1473);
#432=LINE('',#11187,#1474);
#433=LINE('',#11189,#1475);
#434=LINE('',#11191,#1476);
#435=LINE('',#11193,#1477);
#436=LINE('',#11196,#1478);
#437=LINE('',#11198,#1479);
#438=LINE('',#11200,#1480);
#439=LINE('',#11202,#1481);
#440=LINE('',#11204,#1482);
#441=LINE('',#11206,#1483);
#442=LINE('',#11208,#1484);
#443=LINE('',#11210,#1485);
#444=LINE('',#11213,#1486);
#445=LINE('',#11215,#1487);
#446=LINE('',#11217,#1488);
#447=LINE('',#11219,#1489);
#448=LINE('',#11221,#1490);
#449=LINE('',#11223,#1491);
#450=LINE('',#11225,#1492);
#451=LINE('',#11227,#1493);
#452=LINE('',#11230,#1494);
#453=LINE('',#11232,#1495);
#454=LINE('',#11234,#1496);
#455=LINE('',#11236,#1497);
#456=LINE('',#11238,#1498);
#457=LINE('',#11240,#1499);
#458=LINE('',#11242,#1500);
#459=LINE('',#11244,#1501);
#460=LINE('',#11247,#1502);
#461=LINE('',#11249,#1503);
#462=LINE('',#11251,#1504);
#463=LINE('',#11253,#1505);
#464=LINE('',#11255,#1506);
#465=LINE('',#11257,#1507);
#466=LINE('',#11259,#1508);
#467=LINE('',#11261,#1509);
#468=LINE('',#11264,#1510);
#469=LINE('',#11266,#1511);
#470=LINE('',#11268,#1512);
#471=LINE('',#11270,#1513);
#472=LINE('',#11272,#1514);
#473=LINE('',#11274,#1515);
#474=LINE('',#11276,#1516);
#475=LINE('',#11278,#1517);
#476=LINE('',#11281,#1518);
#477=LINE('',#11283,#1519);
#478=LINE('',#11285,#1520);
#479=LINE('',#11287,#1521);
#480=LINE('',#11289,#1522);
#481=LINE('',#11291,#1523);
#482=LINE('',#11293,#1524);
#483=LINE('',#11295,#1525);
#484=LINE('',#11298,#1526);
#485=LINE('',#11300,#1527);
#486=LINE('',#11302,#1528);
#487=LINE('',#11304,#1529);
#488=LINE('',#11306,#1530);
#489=LINE('',#11308,#1531);
#490=LINE('',#11310,#1532);
#491=LINE('',#11312,#1533);
#492=LINE('',#11315,#1534);
#493=LINE('',#11317,#1535);
#494=LINE('',#11319,#1536);
#495=LINE('',#11321,#1537);
#496=LINE('',#11323,#1538);
#497=LINE('',#11325,#1539);
#498=LINE('',#11327,#1540);
#499=LINE('',#11329,#1541);
#500=LINE('',#11332,#1542);
#501=LINE('',#11334,#1543);
#502=LINE('',#11336,#1544);
#503=LINE('',#11338,#1545);
#504=LINE('',#11340,#1546);
#505=LINE('',#11342,#1547);
#506=LINE('',#11344,#1548);
#507=LINE('',#11346,#1549);
#508=LINE('',#11349,#1550);
#509=LINE('',#11351,#1551);
#510=LINE('',#11353,#1552);
#511=LINE('',#11355,#1553);
#512=LINE('',#11357,#1554);
#513=LINE('',#11359,#1555);
#514=LINE('',#11361,#1556);
#515=LINE('',#11363,#1557);
#516=LINE('',#11366,#1558);
#517=LINE('',#11368,#1559);
#518=LINE('',#11370,#1560);
#519=LINE('',#11372,#1561);
#520=LINE('',#11374,#1562);
#521=LINE('',#11376,#1563);
#522=LINE('',#11378,#1564);
#523=LINE('',#11380,#1565);
#524=LINE('',#11383,#1566);
#525=LINE('',#11385,#1567);
#526=LINE('',#11387,#1568);
#527=LINE('',#11389,#1569);
#528=LINE('',#11391,#1570);
#529=LINE('',#11393,#1571);
#530=LINE('',#11395,#1572);
#531=LINE('',#11397,#1573);
#532=LINE('',#11400,#1574);
#533=LINE('',#11402,#1575);
#534=LINE('',#11404,#1576);
#535=LINE('',#11406,#1577);
#536=LINE('',#11408,#1578);
#537=LINE('',#11410,#1579);
#538=LINE('',#11412,#1580);
#539=LINE('',#11414,#1581);
#540=LINE('',#11417,#1582);
#541=LINE('',#11419,#1583);
#542=LINE('',#11421,#1584);
#543=LINE('',#11423,#1585);
#544=LINE('',#11425,#1586);
#545=LINE('',#11427,#1587);
#546=LINE('',#11429,#1588);
#547=LINE('',#11431,#1589);
#548=LINE('',#11434,#1590);
#549=LINE('',#11436,#1591);
#550=LINE('',#11438,#1592);
#551=LINE('',#11440,#1593);
#552=LINE('',#11442,#1594);
#553=LINE('',#11444,#1595);
#554=LINE('',#11446,#1596);
#555=LINE('',#11448,#1597);
#556=LINE('',#11451,#1598);
#557=LINE('',#11453,#1599);
#558=LINE('',#11455,#1600);
#559=LINE('',#11457,#1601);
#560=LINE('',#11459,#1602);
#561=LINE('',#11461,#1603);
#562=LINE('',#11463,#1604);
#563=LINE('',#11465,#1605);
#564=LINE('',#11468,#1606);
#565=LINE('',#11470,#1607);
#566=LINE('',#11472,#1608);
#567=LINE('',#11474,#1609);
#568=LINE('',#11476,#1610);
#569=LINE('',#11478,#1611);
#570=LINE('',#11480,#1612);
#571=LINE('',#11482,#1613);
#572=LINE('',#11485,#1614);
#573=LINE('',#11487,#1615);
#574=LINE('',#11489,#1616);
#575=LINE('',#11491,#1617);
#576=LINE('',#11493,#1618);
#577=LINE('',#11495,#1619);
#578=LINE('',#11497,#1620);
#579=LINE('',#11499,#1621);
#580=LINE('',#11502,#1622);
#581=LINE('',#11504,#1623);
#582=LINE('',#11506,#1624);
#583=LINE('',#11508,#1625);
#584=LINE('',#11510,#1626);
#585=LINE('',#11512,#1627);
#586=LINE('',#11514,#1628);
#587=LINE('',#11516,#1629);
#588=LINE('',#11520,#1630);
#589=LINE('',#11523,#1631);
#590=LINE('',#11525,#1632);
#591=LINE('',#11527,#1633);
#592=LINE('',#11529,#1634);
#593=LINE('',#11532,#1635);
#594=LINE('',#11534,#1636);
#595=LINE('',#11536,#1637);
#596=LINE('',#11538,#1638);
#597=LINE('',#11541,#1639);
#598=LINE('',#11543,#1640);
#599=LINE('',#11545,#1641);
#600=LINE('',#11547,#1642);
#601=LINE('',#11550,#1643);
#602=LINE('',#11552,#1644);
#603=LINE('',#11554,#1645);
#604=LINE('',#11556,#1646);
#605=LINE('',#11559,#1647);
#606=LINE('',#11561,#1648);
#607=LINE('',#11563,#1649);
#608=LINE('',#11565,#1650);
#609=LINE('',#11568,#1651);
#610=LINE('',#11570,#1652);
#611=LINE('',#11571,#1653);
#612=LINE('',#11573,#1654);
#613=LINE('',#11574,#1655);
#614=LINE('',#11576,#1656);
#615=LINE('',#11578,#1657);
#616=LINE('',#11579,#1658);
#617=LINE('',#11581,#1659);
#618=LINE('',#11583,#1660);
#619=LINE('',#11585,#1661);
#620=LINE('',#11587,#1662);
#621=LINE('',#11589,#1663);
#622=LINE('',#11590,#1664);
#623=LINE('',#11592,#1665);
#624=LINE('',#11593,#1666);
#625=LINE('',#11595,#1667);
#626=LINE('',#11597,#1668);
#627=LINE('',#11598,#1669);
#628=LINE('',#11601,#1670);
#629=LINE('',#11603,#1671);
#630=LINE('',#11605,#1672);
#631=LINE('',#11607,#1673);
#632=LINE('',#11609,#1674);
#633=LINE('',#11611,#1675);
#634=LINE('',#11613,#1676);
#635=LINE('',#11615,#1677);
#636=LINE('',#11617,#1678);
#637=LINE('',#11620,#1679);
#638=LINE('',#11622,#1680);
#639=LINE('',#11624,#1681);
#640=LINE('',#11626,#1682);
#641=LINE('',#11628,#1683);
#642=LINE('',#11630,#1684);
#643=LINE('',#11632,#1685);
#644=LINE('',#11634,#1686);
#645=LINE('',#11636,#1687);
#646=LINE('',#11638,#1688);
#647=LINE('',#11641,#1689);
#648=LINE('',#11643,#1690);
#649=LINE('',#11645,#1691);
#650=LINE('',#11647,#1692);
#651=LINE('',#11649,#1693);
#652=LINE('',#11651,#1694);
#653=LINE('',#11653,#1695);
#654=LINE('',#11655,#1696);
#655=LINE('',#11657,#1697);
#656=LINE('',#11659,#1698);
#657=LINE('',#11662,#1699);
#658=LINE('',#11664,#1700);
#659=LINE('',#11666,#1701);
#660=LINE('',#11668,#1702);
#661=LINE('',#11670,#1703);
#662=LINE('',#11672,#1704);
#663=LINE('',#11674,#1705);
#664=LINE('',#11676,#1706);
#665=LINE('',#11678,#1707);
#666=LINE('',#11680,#1708);
#667=LINE('',#11683,#1709);
#668=LINE('',#11685,#1710);
#669=LINE('',#11687,#1711);
#670=LINE('',#11689,#1712);
#671=LINE('',#11691,#1713);
#672=LINE('',#11693,#1714);
#673=LINE('',#11695,#1715);
#674=LINE('',#11697,#1716);
#675=LINE('',#11699,#1717);
#676=LINE('',#11701,#1718);
#677=LINE('',#11704,#1719);
#678=LINE('',#11706,#1720);
#679=LINE('',#11708,#1721);
#680=LINE('',#11710,#1722);
#681=LINE('',#11712,#1723);
#682=LINE('',#11714,#1724);
#683=LINE('',#11716,#1725);
#684=LINE('',#11718,#1726);
#685=LINE('',#11720,#1727);
#686=LINE('',#11722,#1728);
#687=LINE('',#11725,#1729);
#688=LINE('',#11727,#1730);
#689=LINE('',#11729,#1731);
#690=LINE('',#11731,#1732);
#691=LINE('',#11733,#1733);
#692=LINE('',#11735,#1734);
#693=LINE('',#11737,#1735);
#694=LINE('',#11739,#1736);
#695=LINE('',#11741,#1737);
#696=LINE('',#11743,#1738);
#697=LINE('',#11746,#1739);
#698=LINE('',#11748,#1740);
#699=LINE('',#11750,#1741);
#700=LINE('',#11752,#1742);
#701=LINE('',#11754,#1743);
#702=LINE('',#11756,#1744);
#703=LINE('',#11758,#1745);
#704=LINE('',#11760,#1746);
#705=LINE('',#11762,#1747);
#706=LINE('',#11764,#1748);
#707=LINE('',#11767,#1749);
#708=LINE('',#11769,#1750);
#709=LINE('',#11771,#1751);
#710=LINE('',#11773,#1752);
#711=LINE('',#11775,#1753);
#712=LINE('',#11777,#1754);
#713=LINE('',#11779,#1755);
#714=LINE('',#11781,#1756);
#715=LINE('',#11783,#1757);
#716=LINE('',#11785,#1758);
#717=LINE('',#11788,#1759);
#718=LINE('',#11790,#1760);
#719=LINE('',#11792,#1761);
#720=LINE('',#11794,#1762);
#721=LINE('',#11796,#1763);
#722=LINE('',#11798,#1764);
#723=LINE('',#11800,#1765);
#724=LINE('',#11802,#1766);
#725=LINE('',#11804,#1767);
#726=LINE('',#11806,#1768);
#727=LINE('',#11809,#1769);
#728=LINE('',#11811,#1770);
#729=LINE('',#11813,#1771);
#730=LINE('',#11815,#1772);
#731=LINE('',#11817,#1773);
#732=LINE('',#11819,#1774);
#733=LINE('',#11821,#1775);
#734=LINE('',#11823,#1776);
#735=LINE('',#11825,#1777);
#736=LINE('',#11827,#1778);
#737=LINE('',#11830,#1779);
#738=LINE('',#11832,#1780);
#739=LINE('',#11834,#1781);
#740=LINE('',#11836,#1782);
#741=LINE('',#11838,#1783);
#742=LINE('',#11840,#1784);
#743=LINE('',#11842,#1785);
#744=LINE('',#11844,#1786);
#745=LINE('',#11846,#1787);
#746=LINE('',#11848,#1788);
#747=LINE('',#11851,#1789);
#748=LINE('',#11853,#1790);
#749=LINE('',#11855,#1791);
#750=LINE('',#11857,#1792);
#751=LINE('',#11859,#1793);
#752=LINE('',#11861,#1794);
#753=LINE('',#11863,#1795);
#754=LINE('',#11865,#1796);
#755=LINE('',#11867,#1797);
#756=LINE('',#11869,#1798);
#757=LINE('',#11872,#1799);
#758=LINE('',#11874,#1800);
#759=LINE('',#11876,#1801);
#760=LINE('',#11878,#1802);
#761=LINE('',#11880,#1803);
#762=LINE('',#11882,#1804);
#763=LINE('',#11884,#1805);
#764=LINE('',#11886,#1806);
#765=LINE('',#11888,#1807);
#766=LINE('',#11890,#1808);
#767=LINE('',#11893,#1809);
#768=LINE('',#11895,#1810);
#769=LINE('',#11897,#1811);
#770=LINE('',#11899,#1812);
#771=LINE('',#11901,#1813);
#772=LINE('',#11903,#1814);
#773=LINE('',#11905,#1815);
#774=LINE('',#11907,#1816);
#775=LINE('',#11909,#1817);
#776=LINE('',#11911,#1818);
#777=LINE('',#11914,#1819);
#778=LINE('',#11916,#1820);
#779=LINE('',#11918,#1821);
#780=LINE('',#11920,#1822);
#781=LINE('',#11922,#1823);
#782=LINE('',#11924,#1824);
#783=LINE('',#11926,#1825);
#784=LINE('',#11928,#1826);
#785=LINE('',#11930,#1827);
#786=LINE('',#11932,#1828);
#787=LINE('',#11935,#1829);
#788=LINE('',#11937,#1830);
#789=LINE('',#11939,#1831);
#790=LINE('',#11941,#1832);
#791=LINE('',#11943,#1833);
#792=LINE('',#11945,#1834);
#793=LINE('',#11947,#1835);
#794=LINE('',#11949,#1836);
#795=LINE('',#11951,#1837);
#796=LINE('',#11953,#1838);
#797=LINE('',#11956,#1839);
#798=LINE('',#11958,#1840);
#799=LINE('',#11960,#1841);
#800=LINE('',#11962,#1842);
#801=LINE('',#11964,#1843);
#802=LINE('',#11966,#1844);
#803=LINE('',#11968,#1845);
#804=LINE('',#11970,#1846);
#805=LINE('',#11972,#1847);
#806=LINE('',#11974,#1848);
#807=LINE('',#11977,#1849);
#808=LINE('',#11979,#1850);
#809=LINE('',#11981,#1851);
#810=LINE('',#11983,#1852);
#811=LINE('',#11985,#1853);
#812=LINE('',#11987,#1854);
#813=LINE('',#11989,#1855);
#814=LINE('',#11991,#1856);
#815=LINE('',#11993,#1857);
#816=LINE('',#11995,#1858);
#817=LINE('',#11998,#1859);
#818=LINE('',#12000,#1860);
#819=LINE('',#12002,#1861);
#820=LINE('',#12004,#1862);
#821=LINE('',#12006,#1863);
#822=LINE('',#12008,#1864);
#823=LINE('',#12010,#1865);
#824=LINE('',#12012,#1866);
#825=LINE('',#12014,#1867);
#826=LINE('',#12016,#1868);
#827=LINE('',#12019,#1869);
#828=LINE('',#12021,#1870);
#829=LINE('',#12023,#1871);
#830=LINE('',#12025,#1872);
#831=LINE('',#12027,#1873);
#832=LINE('',#12029,#1874);
#833=LINE('',#12031,#1875);
#834=LINE('',#12033,#1876);
#835=LINE('',#12035,#1877);
#836=LINE('',#12037,#1878);
#837=LINE('',#12040,#1879);
#838=LINE('',#12042,#1880);
#839=LINE('',#12044,#1881);
#840=LINE('',#12046,#1882);
#841=LINE('',#12048,#1883);
#842=LINE('',#12050,#1884);
#843=LINE('',#12052,#1885);
#844=LINE('',#12054,#1886);
#845=LINE('',#12056,#1887);
#846=LINE('',#12058,#1888);
#847=LINE('',#12061,#1889);
#848=LINE('',#12063,#1890);
#849=LINE('',#12065,#1891);
#850=LINE('',#12067,#1892);
#851=LINE('',#12069,#1893);
#852=LINE('',#12071,#1894);
#853=LINE('',#12073,#1895);
#854=LINE('',#12075,#1896);
#855=LINE('',#12077,#1897);
#856=LINE('',#12079,#1898);
#857=LINE('',#12082,#1899);
#858=LINE('',#12084,#1900);
#859=LINE('',#12086,#1901);
#860=LINE('',#12088,#1902);
#861=LINE('',#12090,#1903);
#862=LINE('',#12092,#1904);
#863=LINE('',#12094,#1905);
#864=LINE('',#12096,#1906);
#865=LINE('',#12098,#1907);
#866=LINE('',#12100,#1908);
#867=LINE('',#12103,#1909);
#868=LINE('',#12105,#1910);
#869=LINE('',#12107,#1911);
#870=LINE('',#12109,#1912);
#871=LINE('',#12111,#1913);
#872=LINE('',#12113,#1914);
#873=LINE('',#12115,#1915);
#874=LINE('',#12117,#1916);
#875=LINE('',#12119,#1917);
#876=LINE('',#12121,#1918);
#877=LINE('',#12124,#1919);
#878=LINE('',#12126,#1920);
#879=LINE('',#12128,#1921);
#880=LINE('',#12130,#1922);
#881=LINE('',#12132,#1923);
#882=LINE('',#12134,#1924);
#883=LINE('',#12136,#1925);
#884=LINE('',#12138,#1926);
#885=LINE('',#12140,#1927);
#886=LINE('',#12142,#1928);
#887=LINE('',#12145,#1929);
#888=LINE('',#12147,#1930);
#889=LINE('',#12149,#1931);
#890=LINE('',#12151,#1932);
#891=LINE('',#12153,#1933);
#892=LINE('',#12155,#1934);
#893=LINE('',#12157,#1935);
#894=LINE('',#12159,#1936);
#895=LINE('',#12161,#1937);
#896=LINE('',#12163,#1938);
#897=LINE('',#12166,#1939);
#898=LINE('',#12168,#1940);
#899=LINE('',#12170,#1941);
#900=LINE('',#12172,#1942);
#901=LINE('',#12174,#1943);
#902=LINE('',#12176,#1944);
#903=LINE('',#12178,#1945);
#904=LINE('',#12180,#1946);
#905=LINE('',#12182,#1947);
#906=LINE('',#12184,#1948);
#907=LINE('',#12187,#1949);
#908=LINE('',#12189,#1950);
#909=LINE('',#12191,#1951);
#910=LINE('',#12193,#1952);
#911=LINE('',#12195,#1953);
#912=LINE('',#12197,#1954);
#913=LINE('',#12199,#1955);
#914=LINE('',#12201,#1956);
#915=LINE('',#12203,#1957);
#916=LINE('',#12205,#1958);
#917=LINE('',#12208,#1959);
#918=LINE('',#12210,#1960);
#919=LINE('',#12212,#1961);
#920=LINE('',#12214,#1962);
#921=LINE('',#12216,#1963);
#922=LINE('',#12218,#1964);
#923=LINE('',#12220,#1965);
#924=LINE('',#12222,#1966);
#925=LINE('',#12224,#1967);
#926=LINE('',#12226,#1968);
#927=LINE('',#12229,#1969);
#928=LINE('',#12231,#1970);
#929=LINE('',#12233,#1971);
#930=LINE('',#12235,#1972);
#931=LINE('',#12237,#1973);
#932=LINE('',#12239,#1974);
#933=LINE('',#12241,#1975);
#934=LINE('',#12243,#1976);
#935=LINE('',#12245,#1977);
#936=LINE('',#12247,#1978);
#937=LINE('',#12250,#1979);
#938=LINE('',#12252,#1980);
#939=LINE('',#12254,#1981);
#940=LINE('',#12256,#1982);
#941=LINE('',#12258,#1983);
#942=LINE('',#12260,#1984);
#943=LINE('',#12262,#1985);
#944=LINE('',#12264,#1986);
#945=LINE('',#12266,#1987);
#946=LINE('',#12268,#1988);
#947=LINE('',#12271,#1989);
#948=LINE('',#12273,#1990);
#949=LINE('',#12275,#1991);
#950=LINE('',#12277,#1992);
#951=LINE('',#12279,#1993);
#952=LINE('',#12281,#1994);
#953=LINE('',#12283,#1995);
#954=LINE('',#12285,#1996);
#955=LINE('',#12287,#1997);
#956=LINE('',#12289,#1998);
#957=LINE('',#12292,#1999);
#958=LINE('',#12294,#2000);
#959=LINE('',#12296,#2001);
#960=LINE('',#12298,#2002);
#961=LINE('',#12300,#2003);
#962=LINE('',#12302,#2004);
#963=LINE('',#12304,#2005);
#964=LINE('',#12306,#2006);
#965=LINE('',#12308,#2007);
#966=LINE('',#12310,#2008);
#967=LINE('',#12313,#2009);
#968=LINE('',#12315,#2010);
#969=LINE('',#12317,#2011);
#970=LINE('',#12319,#2012);
#971=LINE('',#12321,#2013);
#972=LINE('',#12323,#2014);
#973=LINE('',#12325,#2015);
#974=LINE('',#12327,#2016);
#975=LINE('',#12329,#2017);
#976=LINE('',#12331,#2018);
#977=LINE('',#12334,#2019);
#978=LINE('',#12336,#2020);
#979=LINE('',#12338,#2021);
#980=LINE('',#12340,#2022);
#981=LINE('',#12342,#2023);
#982=LINE('',#12344,#2024);
#983=LINE('',#12346,#2025);
#984=LINE('',#12348,#2026);
#985=LINE('',#12350,#2027);
#986=LINE('',#12352,#2028);
#987=LINE('',#12355,#2029);
#988=LINE('',#12357,#2030);
#989=LINE('',#12359,#2031);
#990=LINE('',#12361,#2032);
#991=LINE('',#12363,#2033);
#992=LINE('',#12365,#2034);
#993=LINE('',#12367,#2035);
#994=LINE('',#12369,#2036);
#995=LINE('',#12371,#2037);
#996=LINE('',#12373,#2038);
#997=LINE('',#12375,#2039);
#998=LINE('',#12377,#2040);
#999=LINE('',#12379,#2041);
#1000=LINE('',#12381,#2042);
#1001=LINE('',#12383,#2043);
#1002=LINE('',#12385,#2044);
#1003=LINE('',#12387,#2045);
#1004=LINE('',#12389,#2046);
#1005=LINE('',#12391,#2047);
#1006=LINE('',#12393,#2048);
#1007=LINE('',#12395,#2049);
#1008=LINE('',#12397,#2050);
#1009=LINE('',#12398,#2051);
#1010=LINE('',#12400,#2052);
#1011=LINE('',#12401,#2053);
#1012=LINE('',#12403,#2054);
#1013=LINE('',#12404,#2055);
#1014=LINE('',#12406,#2056);
#1015=LINE('',#12407,#2057);
#1016=LINE('',#12409,#2058);
#1017=LINE('',#12410,#2059);
#1018=LINE('',#12412,#2060);
#1019=LINE('',#12413,#2061);
#1020=LINE('',#12415,#2062);
#1021=LINE('',#12416,#2063);
#1022=LINE('',#12418,#2064);
#1023=LINE('',#12419,#2065);
#1024=LINE('',#12421,#2066);
#1025=LINE('',#12422,#2067);
#1026=LINE('',#12424,#2068);
#1027=LINE('',#12425,#2069);
#1028=LINE('',#12427,#2070);
#1029=LINE('',#12428,#2071);
#1030=LINE('',#12430,#2072);
#1031=LINE('',#12431,#2073);
#1032=LINE('',#12433,#2074);
#1033=LINE('',#12434,#2075);
#1034=LINE('',#12436,#2076);
#1035=LINE('',#12437,#2077);
#1036=LINE('',#12439,#2078);
#1037=LINE('',#12440,#2079);
#1038=LINE('',#12442,#2080);
#1039=LINE('',#12443,#2081);
#1040=LINE('',#12445,#2082);
#1041=LINE('',#12446,#2083);
#1042=LINE('',#12448,#2084);
#1043=LINE('',#12449,#2085);
#1044=LINE('',#12451,#2086);
#1045=LINE('',#12452,#2087);
#1046=LINE('',#12454,#2088);
#1047=LINE('',#12455,#2089);
#1048=LINE('',#12457,#2090);
#1049=LINE('',#12458,#2091);
#1050=LINE('',#12460,#2092);
#1051=LINE('',#12461,#2093);
#1052=LINE('',#12463,#2094);
#1053=LINE('',#12464,#2095);
#1054=LINE('',#12466,#2096);
#1055=LINE('',#12467,#2097);
#1056=LINE('',#12469,#2098);
#1057=LINE('',#12470,#2099);
#1058=LINE('',#12472,#2100);
#1059=LINE('',#12473,#2101);
#1060=LINE('',#12475,#2102);
#1061=LINE('',#12476,#2103);
#1062=LINE('',#12478,#2104);
#1063=LINE('',#12479,#2105);
#1064=LINE('',#12481,#2106);
#1065=LINE('',#12482,#2107);
#1066=LINE('',#12484,#2108);
#1067=LINE('',#12485,#2109);
#1068=LINE('',#12487,#2110);
#1069=LINE('',#12488,#2111);
#1070=LINE('',#12490,#2112);
#1071=LINE('',#12491,#2113);
#1072=LINE('',#12493,#2114);
#1073=LINE('',#12494,#2115);
#1074=LINE('',#12496,#2116);
#1075=LINE('',#12497,#2117);
#1076=LINE('',#12499,#2118);
#1077=LINE('',#12500,#2119);
#1078=LINE('',#12502,#2120);
#1079=LINE('',#12503,#2121);
#1080=VECTOR('',#8395,39.3700787401575);
#1081=VECTOR('',#8396,39.3700787401575);
#1082=VECTOR('',#8397,39.3700787401575);
#1083=VECTOR('',#8398,39.3700787401575);
#1084=VECTOR('',#8399,39.3700787401575);
#1085=VECTOR('',#8400,39.3700787401575);
#1086=VECTOR('',#8401,39.3700787401575);
#1087=VECTOR('',#8406,39.3700787401575);
#1088=VECTOR('',#8409,39.3700787401575);
#1089=VECTOR('',#8414,39.3700787401575);
#1090=VECTOR('',#8417,39.3700787401575);
#1091=VECTOR('',#8422,39.3700787401575);
#1092=VECTOR('',#8425,39.3700787401575);
#1093=VECTOR('',#8428,39.3700787401575);
#1094=VECTOR('',#8429,39.3700787401575);
#1095=VECTOR('',#8430,39.3700787401575);
#1096=VECTOR('',#8431,39.3700787401575);
#1097=VECTOR('',#8432,39.3700787401575);
#1098=VECTOR('',#8433,39.3700787401575);
#1099=VECTOR('',#8434,39.3700787401575);
#1100=VECTOR('',#8435,39.3700787401575);
#1101=VECTOR('',#8436,39.3700787401575);
#1102=VECTOR('',#8437,39.3700787401575);
#1103=VECTOR('',#8438,39.3700787401575);
#1104=VECTOR('',#8441,39.3700787401575);
#1105=VECTOR('',#8442,39.3700787401575);
#1106=VECTOR('',#8443,39.3700787401575);
#1107=VECTOR('',#8444,39.3700787401575);
#1108=VECTOR('',#8445,39.3700787401575);
#1109=VECTOR('',#8446,39.3700787401575);
#1110=VECTOR('',#8447,39.3700787401575);
#1111=VECTOR('',#8452,39.3700787401575);
#1112=VECTOR('',#8453,39.3700787401575);
#1113=VECTOR('',#8454,39.3700787401575);
#1114=VECTOR('',#8455,39.3700787401575);
#1115=VECTOR('',#8456,39.3700787401575);
#1116=VECTOR('',#8461,39.3700787401575);
#1117=VECTOR('',#8464,39.3700787401575);
#1118=VECTOR('',#8467,39.3700787401575);
#1119=VECTOR('',#8468,39.3700787401575);
#1120=VECTOR('',#8469,39.3700787401575);
#1121=VECTOR('',#8472,39.3700787401575);
#1122=VECTOR('',#8473,39.3700787401575);
#1123=VECTOR('',#8474,39.3700787401575);
#1124=VECTOR('',#8477,39.3700787401575);
#1125=VECTOR('',#8478,39.3700787401575);
#1126=VECTOR('',#8479,39.3700787401575);
#1127=VECTOR('',#8480,39.3700787401575);
#1128=VECTOR('',#8481,39.3700787401575);
#1129=VECTOR('',#8482,39.3700787401575);
#1130=VECTOR('',#8483,39.3700787401575);
#1131=VECTOR('',#8484,39.3700787401575);
#1132=VECTOR('',#8485,39.3700787401575);
#1133=VECTOR('',#8486,39.3700787401575);
#1134=VECTOR('',#8487,39.3700787401575);
#1135=VECTOR('',#8488,39.3700787401575);
#1136=VECTOR('',#8489,39.3700787401575);
#1137=VECTOR('',#8490,39.3700787401575);
#1138=VECTOR('',#8491,39.3700787401575);
#1139=VECTOR('',#8492,39.3700787401575);
#1140=VECTOR('',#8493,39.3700787401575);
#1141=VECTOR('',#8494,39.3700787401575);
#1142=VECTOR('',#8495,39.3700787401575);
#1143=VECTOR('',#8496,39.3700787401575);
#1144=VECTOR('',#8497,39.3700787401575);
#1145=VECTOR('',#8498,39.3700787401575);
#1146=VECTOR('',#8499,39.3700787401575);
#1147=VECTOR('',#8500,39.3700787401575);
#1148=VECTOR('',#8501,39.3700787401575);
#1149=VECTOR('',#8502,39.3700787401575);
#1150=VECTOR('',#8503,39.3700787401575);
#1151=VECTOR('',#8504,39.3700787401575);
#1152=VECTOR('',#8505,39.3700787401575);
#1153=VECTOR('',#8506,39.3700787401575);
#1154=VECTOR('',#8507,39.3700787401575);
#1155=VECTOR('',#8508,39.3700787401575);
#1156=VECTOR('',#8509,39.3700787401575);
#1157=VECTOR('',#8510,39.3700787401575);
#1158=VECTOR('',#8511,39.3700787401575);
#1159=VECTOR('',#8512,39.3700787401575);
#1160=VECTOR('',#8513,39.3700787401575);
#1161=VECTOR('',#8514,39.3700787401575);
#1162=VECTOR('',#8515,39.3700787401575);
#1163=VECTOR('',#8516,39.3700787401575);
#1164=VECTOR('',#8517,39.3700787401575);
#1165=VECTOR('',#8518,39.3700787401575);
#1166=VECTOR('',#8519,39.3700787401575);
#1167=VECTOR('',#8520,39.3700787401575);
#1168=VECTOR('',#8521,39.3700787401575);
#1169=VECTOR('',#8522,39.3700787401575);
#1170=VECTOR('',#8523,39.3700787401575);
#1171=VECTOR('',#8524,39.3700787401575);
#1172=VECTOR('',#8525,39.3700787401575);
#1173=VECTOR('',#8526,39.3700787401575);
#1174=VECTOR('',#8527,39.3700787401575);
#1175=VECTOR('',#8528,39.3700787401575);
#1176=VECTOR('',#8529,39.3700787401575);
#1177=VECTOR('',#8530,39.3700787401575);
#1178=VECTOR('',#8531,39.3700787401575);
#1179=VECTOR('',#8532,39.3700787401575);
#1180=VECTOR('',#8533,39.3700787401575);
#1181=VECTOR('',#8534,39.3700787401575);
#1182=VECTOR('',#8535,39.3700787401575);
#1183=VECTOR('',#8536,39.3700787401575);
#1184=VECTOR('',#8537,39.3700787401575);
#1185=VECTOR('',#8538,39.3700787401575);
#1186=VECTOR('',#8539,39.3700787401575);
#1187=VECTOR('',#8540,39.3700787401575);
#1188=VECTOR('',#8541,39.3700787401575);
#1189=VECTOR('',#8542,39.3700787401575);
#1190=VECTOR('',#8543,39.3700787401575);
#1191=VECTOR('',#8544,39.3700787401575);
#1192=VECTOR('',#8545,39.3700787401575);
#1193=VECTOR('',#8546,39.3700787401575);
#1194=VECTOR('',#8547,39.3700787401575);
#1195=VECTOR('',#8548,39.3700787401575);
#1196=VECTOR('',#8549,39.3700787401575);
#1197=VECTOR('',#8550,39.3700787401575);
#1198=VECTOR('',#8551,39.3700787401575);
#1199=VECTOR('',#8552,39.3700787401575);
#1200=VECTOR('',#8553,39.3700787401575);
#1201=VECTOR('',#8554,39.3700787401575);
#1202=VECTOR('',#8555,39.3700787401575);
#1203=VECTOR('',#8556,39.3700787401575);
#1204=VECTOR('',#8557,39.3700787401575);
#1205=VECTOR('',#8558,39.3700787401575);
#1206=VECTOR('',#8559,39.3700787401575);
#1207=VECTOR('',#8560,39.3700787401575);
#1208=VECTOR('',#8561,39.3700787401575);
#1209=VECTOR('',#8562,39.3700787401575);
#1210=VECTOR('',#8563,39.3700787401575);
#1211=VECTOR('',#8564,39.3700787401575);
#1212=VECTOR('',#8565,39.3700787401575);
#1213=VECTOR('',#8566,39.3700787401575);
#1214=VECTOR('',#8567,39.3700787401575);
#1215=VECTOR('',#8568,39.3700787401575);
#1216=VECTOR('',#8569,39.3700787401575);
#1217=VECTOR('',#8570,39.3700787401575);
#1218=VECTOR('',#8571,39.3700787401575);
#1219=VECTOR('',#8572,39.3700787401575);
#1220=VECTOR('',#8573,39.3700787401575);
#1221=VECTOR('',#8574,39.3700787401575);
#1222=VECTOR('',#8575,39.3700787401575);
#1223=VECTOR('',#8576,39.3700787401575);
#1224=VECTOR('',#8577,39.3700787401575);
#1225=VECTOR('',#8578,39.3700787401575);
#1226=VECTOR('',#8579,39.3700787401575);
#1227=VECTOR('',#8580,39.3700787401575);
#1228=VECTOR('',#8581,39.3700787401575);
#1229=VECTOR('',#8582,39.3700787401575);
#1230=VECTOR('',#8583,39.3700787401575);
#1231=VECTOR('',#8584,39.3700787401575);
#1232=VECTOR('',#8585,39.3700787401575);
#1233=VECTOR('',#8586,39.3700787401575);
#1234=VECTOR('',#8587,39.3700787401575);
#1235=VECTOR('',#8588,39.3700787401575);
#1236=VECTOR('',#8589,39.3700787401575);
#1237=VECTOR('',#8590,39.3700787401575);
#1238=VECTOR('',#8591,39.3700787401575);
#1239=VECTOR('',#8592,39.3700787401575);
#1240=VECTOR('',#8593,39.3700787401575);
#1241=VECTOR('',#8594,39.3700787401575);
#1242=VECTOR('',#8595,39.3700787401575);
#1243=VECTOR('',#8596,39.3700787401575);
#1244=VECTOR('',#8597,39.3700787401575);
#1245=VECTOR('',#8598,39.3700787401575);
#1246=VECTOR('',#8599,39.3700787401575);
#1247=VECTOR('',#8600,39.3700787401575);
#1248=VECTOR('',#8601,39.3700787401575);
#1249=VECTOR('',#8602,39.3700787401575);
#1250=VECTOR('',#8603,39.3700787401575);
#1251=VECTOR('',#8604,39.3700787401575);
#1252=VECTOR('',#8605,39.3700787401575);
#1253=VECTOR('',#8606,39.3700787401575);
#1254=VECTOR('',#8607,39.3700787401575);
#1255=VECTOR('',#8608,39.3700787401575);
#1256=VECTOR('',#8609,39.3700787401575);
#1257=VECTOR('',#8610,39.3700787401575);
#1258=VECTOR('',#8611,39.3700787401575);
#1259=VECTOR('',#8612,39.3700787401575);
#1260=VECTOR('',#8613,39.3700787401575);
#1261=VECTOR('',#8614,39.3700787401575);
#1262=VECTOR('',#8615,39.3700787401575);
#1263=VECTOR('',#8616,39.3700787401575);
#1264=VECTOR('',#8617,39.3700787401575);
#1265=VECTOR('',#8618,39.3700787401575);
#1266=VECTOR('',#8619,39.3700787401575);
#1267=VECTOR('',#8620,39.3700787401575);
#1268=VECTOR('',#8621,39.3700787401575);
#1269=VECTOR('',#8622,39.3700787401575);
#1270=VECTOR('',#8623,39.3700787401575);
#1271=VECTOR('',#8624,39.3700787401575);
#1272=VECTOR('',#8625,39.3700787401575);
#1273=VECTOR('',#8626,39.3700787401575);
#1274=VECTOR('',#8627,39.3700787401575);
#1275=VECTOR('',#8628,39.3700787401575);
#1276=VECTOR('',#8629,39.3700787401575);
#1277=VECTOR('',#8630,39.3700787401575);
#1278=VECTOR('',#8631,39.3700787401575);
#1279=VECTOR('',#8632,39.3700787401575);
#1280=VECTOR('',#8633,39.3700787401575);
#1281=VECTOR('',#8634,39.3700787401575);
#1282=VECTOR('',#8635,39.3700787401575);
#1283=VECTOR('',#8636,39.3700787401575);
#1284=VECTOR('',#8637,39.3700787401575);
#1285=VECTOR('',#8638,39.3700787401575);
#1286=VECTOR('',#8639,39.3700787401575);
#1287=VECTOR('',#8640,39.3700787401575);
#1288=VECTOR('',#8641,39.3700787401575);
#1289=VECTOR('',#8644,39.3700787401575);
#1290=VECTOR('',#8649,39.3700787401575);
#1291=VECTOR('',#8650,39.3700787401575);
#1292=VECTOR('',#8653,39.3700787401575);
#1293=VECTOR('',#8654,39.3700787401575);
#1294=VECTOR('',#8655,39.3700787401575);
#1295=VECTOR('',#8662,39.3700787401575);
#1296=VECTOR('',#8667,39.3700787401575);
#1297=VECTOR('',#8668,39.3700787401575);
#1298=VECTOR('',#8673,39.3700787401575);
#1299=VECTOR('',#8676,39.3700787401575);
#1300=VECTOR('',#8677,39.3700787401575);
#1301=VECTOR('',#8680,39.3700787401575);
#1302=VECTOR('',#8683,39.3700787401575);
#1303=VECTOR('',#8686,39.3700787401575);
#1304=VECTOR('',#8687,39.3700787401575);
#1305=VECTOR('',#8688,39.3700787401575);
#1306=VECTOR('',#8691,39.3700787401575);
#1307=VECTOR('',#8692,39.3700787401575);
#1308=VECTOR('',#8703,39.3700787401575);
#1309=VECTOR('',#8704,39.3700787401575);
#1310=VECTOR('',#8723,39.3700787401575);
#1311=VECTOR('',#8724,39.3700787401575);
#1312=VECTOR('',#8725,39.3700787401575);
#1313=VECTOR('',#8728,39.3700787401575);
#1314=VECTOR('',#8729,39.3700787401575);
#1315=VECTOR('',#8732,39.3700787401575);
#1316=VECTOR('',#8733,39.3700787401575);
#1317=VECTOR('',#8736,39.3700787401575);
#1318=VECTOR('',#8741,39.3700787401575);
#1319=VECTOR('',#8742,39.3700787401575);
#1320=VECTOR('',#8743,39.3700787401575);
#1321=VECTOR('',#8746,39.3700787401575);
#1322=VECTOR('',#8747,39.3700787401575);
#1323=VECTOR('',#8750,39.3700787401575);
#1324=VECTOR('',#8751,39.3700787401575);
#1325=VECTOR('',#8754,39.3700787401575);
#1326=VECTOR('',#8759,39.3700787401575);
#1327=VECTOR('',#8760,39.3700787401575);
#1328=VECTOR('',#8761,39.3700787401575);
#1329=VECTOR('',#8764,39.3700787401575);
#1330=VECTOR('',#8765,39.3700787401575);
#1331=VECTOR('',#8768,39.3700787401575);
#1332=VECTOR('',#8769,39.3700787401575);
#1333=VECTOR('',#8772,39.3700787401575);
#1334=VECTOR('',#8777,39.3700787401575);
#1335=VECTOR('',#8778,39.3700787401575);
#1336=VECTOR('',#8779,39.3700787401575);
#1337=VECTOR('',#8782,39.3700787401575);
#1338=VECTOR('',#8783,39.3700787401575);
#1339=VECTOR('',#8786,39.3700787401575);
#1340=VECTOR('',#8787,39.3700787401575);
#1341=VECTOR('',#8790,39.3700787401575);
#1342=VECTOR('',#8795,39.3700787401575);
#1343=VECTOR('',#8796,39.3700787401575);
#1344=VECTOR('',#8797,39.3700787401575);
#1345=VECTOR('',#8800,39.3700787401575);
#1346=VECTOR('',#8801,39.3700787401575);
#1347=VECTOR('',#8804,39.3700787401575);
#1348=VECTOR('',#8805,39.3700787401575);
#1349=VECTOR('',#8808,39.3700787401575);
#1350=VECTOR('',#8813,39.3700787401575);
#1351=VECTOR('',#8814,39.3700787401575);
#1352=VECTOR('',#8815,39.3700787401575);
#1353=VECTOR('',#8818,39.3700787401575);
#1354=VECTOR('',#8819,39.3700787401575);
#1355=VECTOR('',#8822,39.3700787401575);
#1356=VECTOR('',#8823,39.3700787401575);
#1357=VECTOR('',#8826,39.3700787401575);
#1358=VECTOR('',#8831,39.3700787401575);
#1359=VECTOR('',#8832,39.3700787401575);
#1360=VECTOR('',#8833,39.3700787401575);
#1361=VECTOR('',#8836,39.3700787401575);
#1362=VECTOR('',#8837,39.3700787401575);
#1363=VECTOR('',#8840,39.3700787401575);
#1364=VECTOR('',#8841,39.3700787401575);
#1365=VECTOR('',#8844,39.3700787401575);
#1366=VECTOR('',#8849,39.3700787401575);
#1367=VECTOR('',#8850,39.3700787401575);
#1368=VECTOR('',#8851,39.3700787401575);
#1369=VECTOR('',#8854,39.3700787401575);
#1370=VECTOR('',#8855,39.3700787401575);
#1371=VECTOR('',#8858,39.3700787401575);
#1372=VECTOR('',#8859,39.3700787401575);
#1373=VECTOR('',#8862,39.3700787401575);
#1374=VECTOR('',#8867,39.3700787401575);
#1375=VECTOR('',#8868,39.3700787401575);
#1376=VECTOR('',#8869,39.3700787401575);
#1377=VECTOR('',#8872,39.3700787401575);
#1378=VECTOR('',#8873,39.3700787401575);
#1379=VECTOR('',#8876,39.3700787401575);
#1380=VECTOR('',#8877,39.3700787401575);
#1381=VECTOR('',#8880,39.3700787401575);
#1382=VECTOR('',#8885,39.3700787401575);
#1383=VECTOR('',#8886,39.3700787401575);
#1384=VECTOR('',#8887,39.3700787401575);
#1385=VECTOR('',#8890,39.3700787401575);
#1386=VECTOR('',#8891,39.3700787401575);
#1387=VECTOR('',#8894,39.3700787401575);
#1388=VECTOR('',#8895,39.3700787401575);
#1389=VECTOR('',#8898,39.3700787401575);
#1390=VECTOR('',#8903,39.3700787401575);
#1391=VECTOR('',#8904,39.3700787401575);
#1392=VECTOR('',#8905,39.3700787401575);
#1393=VECTOR('',#8908,39.3700787401575);
#1394=VECTOR('',#8909,39.3700787401575);
#1395=VECTOR('',#8912,39.3700787401575);
#1396=VECTOR('',#8913,39.3700787401575);
#1397=VECTOR('',#8916,39.3700787401575);
#1398=VECTOR('',#8921,39.3700787401575);
#1399=VECTOR('',#8922,39.3700787401575);
#1400=VECTOR('',#8923,39.3700787401575);
#1401=VECTOR('',#8926,39.3700787401575);
#1402=VECTOR('',#8927,39.3700787401575);
#1403=VECTOR('',#8930,39.3700787401575);
#1404=VECTOR('',#8931,39.3700787401575);
#1405=VECTOR('',#8934,39.3700787401575);
#1406=VECTOR('',#8939,39.3700787401575);
#1407=VECTOR('',#8940,39.3700787401575);
#1408=VECTOR('',#8941,39.3700787401575);
#1409=VECTOR('',#8944,39.3700787401575);
#1410=VECTOR('',#8945,39.3700787401575);
#1411=VECTOR('',#8948,39.3700787401575);
#1412=VECTOR('',#8949,39.3700787401575);
#1413=VECTOR('',#8952,39.3700787401575);
#1414=VECTOR('',#8957,39.3700787401575);
#1415=VECTOR('',#8958,39.3700787401575);
#1416=VECTOR('',#8959,39.3700787401575);
#1417=VECTOR('',#8962,39.3700787401575);
#1418=VECTOR('',#8963,39.3700787401575);
#1419=VECTOR('',#8966,39.3700787401575);
#1420=VECTOR('',#8967,39.3700787401575);
#1421=VECTOR('',#8970,39.3700787401575);
#1422=VECTOR('',#8975,39.3700787401575);
#1423=VECTOR('',#8976,39.3700787401575);
#1424=VECTOR('',#8977,39.3700787401575);
#1425=VECTOR('',#8980,39.3700787401575);
#1426=VECTOR('',#8981,39.3700787401575);
#1427=VECTOR('',#8984,39.3700787401575);
#1428=VECTOR('',#8985,39.3700787401575);
#1429=VECTOR('',#8988,39.3700787401575);
#1430=VECTOR('',#8993,39.3700787401575);
#1431=VECTOR('',#8994,39.3700787401575);
#1432=VECTOR('',#8995,39.3700787401575);
#1433=VECTOR('',#8998,39.3700787401575);
#1434=VECTOR('',#8999,39.3700787401575);
#1435=VECTOR('',#9002,39.3700787401575);
#1436=VECTOR('',#9003,39.3700787401575);
#1437=VECTOR('',#9006,39.3700787401575);
#1438=VECTOR('',#9011,39.3700787401575);
#1439=VECTOR('',#9012,39.3700787401575);
#1440=VECTOR('',#9013,39.3700787401575);
#1441=VECTOR('',#9016,39.3700787401575);
#1442=VECTOR('',#9017,39.3700787401575);
#1443=VECTOR('',#9020,39.3700787401575);
#1444=VECTOR('',#9021,39.3700787401575);
#1445=VECTOR('',#9024,39.3700787401575);
#1446=VECTOR('',#9029,39.3700787401575);
#1447=VECTOR('',#9030,39.3700787401575);
#1448=VECTOR('',#9031,39.3700787401575);
#1449=VECTOR('',#9034,39.3700787401575);
#1450=VECTOR('',#9035,39.3700787401575);
#1451=VECTOR('',#9038,39.3700787401575);
#1452=VECTOR('',#9039,39.3700787401575);
#1453=VECTOR('',#9042,39.3700787401575);
#1454=VECTOR('',#9047,39.3700787401575);
#1455=VECTOR('',#9048,39.3700787401575);
#1456=VECTOR('',#9049,39.3700787401575);
#1457=VECTOR('',#9052,39.3700787401575);
#1458=VECTOR('',#9053,39.3700787401575);
#1459=VECTOR('',#9056,39.3700787401575);
#1460=VECTOR('',#9057,39.3700787401575);
#1461=VECTOR('',#9060,39.3700787401575);
#1462=VECTOR('',#9065,39.3700787401575);
#1463=VECTOR('',#9066,39.3700787401575);
#1464=VECTOR('',#9067,39.3700787401575);
#1465=VECTOR('',#9070,39.3700787401575);
#1466=VECTOR('',#9071,39.3700787401575);
#1467=VECTOR('',#9074,39.3700787401575);
#1468=VECTOR('',#9075,39.3700787401575);
#1469=VECTOR('',#9078,39.3700787401575);
#1470=VECTOR('',#9083,39.3700787401575);
#1471=VECTOR('',#9084,39.3700787401575);
#1472=VECTOR('',#9085,39.3700787401575);
#1473=VECTOR('',#9088,39.3700787401575);
#1474=VECTOR('',#9089,39.3700787401575);
#1475=VECTOR('',#9092,39.3700787401575);
#1476=VECTOR('',#9093,39.3700787401575);
#1477=VECTOR('',#9096,39.3700787401575);
#1478=VECTOR('',#9101,39.3700787401575);
#1479=VECTOR('',#9102,39.3700787401575);
#1480=VECTOR('',#9103,39.3700787401575);
#1481=VECTOR('',#9106,39.3700787401575);
#1482=VECTOR('',#9107,39.3700787401575);
#1483=VECTOR('',#9110,39.3700787401575);
#1484=VECTOR('',#9111,39.3700787401575);
#1485=VECTOR('',#9114,39.3700787401575);
#1486=VECTOR('',#9119,39.3700787401575);
#1487=VECTOR('',#9120,39.3700787401575);
#1488=VECTOR('',#9121,39.3700787401575);
#1489=VECTOR('',#9124,39.3700787401575);
#1490=VECTOR('',#9125,39.3700787401575);
#1491=VECTOR('',#9128,39.3700787401575);
#1492=VECTOR('',#9129,39.3700787401575);
#1493=VECTOR('',#9132,39.3700787401575);
#1494=VECTOR('',#9137,39.3700787401575);
#1495=VECTOR('',#9138,39.3700787401575);
#1496=VECTOR('',#9139,39.3700787401575);
#1497=VECTOR('',#9142,39.3700787401575);
#1498=VECTOR('',#9143,39.3700787401575);
#1499=VECTOR('',#9146,39.3700787401575);
#1500=VECTOR('',#9147,39.3700787401575);
#1501=VECTOR('',#9150,39.3700787401575);
#1502=VECTOR('',#9155,39.3700787401575);
#1503=VECTOR('',#9156,39.3700787401575);
#1504=VECTOR('',#9157,39.3700787401575);
#1505=VECTOR('',#9160,39.3700787401575);
#1506=VECTOR('',#9161,39.3700787401575);
#1507=VECTOR('',#9164,39.3700787401575);
#1508=VECTOR('',#9165,39.3700787401575);
#1509=VECTOR('',#9168,39.3700787401575);
#1510=VECTOR('',#9173,39.3700787401575);
#1511=VECTOR('',#9174,39.3700787401575);
#1512=VECTOR('',#9175,39.3700787401575);
#1513=VECTOR('',#9178,39.3700787401575);
#1514=VECTOR('',#9179,39.3700787401575);
#1515=VECTOR('',#9182,39.3700787401575);
#1516=VECTOR('',#9183,39.3700787401575);
#1517=VECTOR('',#9186,39.3700787401575);
#1518=VECTOR('',#9191,39.3700787401575);
#1519=VECTOR('',#9192,39.3700787401575);
#1520=VECTOR('',#9193,39.3700787401575);
#1521=VECTOR('',#9196,39.3700787401575);
#1522=VECTOR('',#9197,39.3700787401575);
#1523=VECTOR('',#9200,39.3700787401575);
#1524=VECTOR('',#9201,39.3700787401575);
#1525=VECTOR('',#9204,39.3700787401575);
#1526=VECTOR('',#9209,39.3700787401575);
#1527=VECTOR('',#9210,39.3700787401575);
#1528=VECTOR('',#9211,39.3700787401575);
#1529=VECTOR('',#9214,39.3700787401575);
#1530=VECTOR('',#9215,39.3700787401575);
#1531=VECTOR('',#9218,39.3700787401575);
#1532=VECTOR('',#9219,39.3700787401575);
#1533=VECTOR('',#9222,39.3700787401575);
#1534=VECTOR('',#9227,39.3700787401575);
#1535=VECTOR('',#9228,39.3700787401575);
#1536=VECTOR('',#9229,39.3700787401575);
#1537=VECTOR('',#9232,39.3700787401575);
#1538=VECTOR('',#9233,39.3700787401575);
#1539=VECTOR('',#9236,39.3700787401575);
#1540=VECTOR('',#9237,39.3700787401575);
#1541=VECTOR('',#9240,39.3700787401575);
#1542=VECTOR('',#9245,39.3700787401575);
#1543=VECTOR('',#9246,39.3700787401575);
#1544=VECTOR('',#9247,39.3700787401575);
#1545=VECTOR('',#9250,39.3700787401575);
#1546=VECTOR('',#9251,39.3700787401575);
#1547=VECTOR('',#9254,39.3700787401575);
#1548=VECTOR('',#9255,39.3700787401575);
#1549=VECTOR('',#9258,39.3700787401575);
#1550=VECTOR('',#9263,39.3700787401575);
#1551=VECTOR('',#9264,39.3700787401575);
#1552=VECTOR('',#9265,39.3700787401575);
#1553=VECTOR('',#9268,39.3700787401575);
#1554=VECTOR('',#9269,39.3700787401575);
#1555=VECTOR('',#9272,39.3700787401575);
#1556=VECTOR('',#9273,39.3700787401575);
#1557=VECTOR('',#9276,39.3700787401575);
#1558=VECTOR('',#9281,39.3700787401575);
#1559=VECTOR('',#9282,39.3700787401575);
#1560=VECTOR('',#9283,39.3700787401575);
#1561=VECTOR('',#9286,39.3700787401575);
#1562=VECTOR('',#9287,39.3700787401575);
#1563=VECTOR('',#9290,39.3700787401575);
#1564=VECTOR('',#9291,39.3700787401575);
#1565=VECTOR('',#9294,39.3700787401575);
#1566=VECTOR('',#9299,39.3700787401575);
#1567=VECTOR('',#9300,39.3700787401575);
#1568=VECTOR('',#9301,39.3700787401575);
#1569=VECTOR('',#9304,39.3700787401575);
#1570=VECTOR('',#9305,39.3700787401575);
#1571=VECTOR('',#9308,39.3700787401575);
#1572=VECTOR('',#9309,39.3700787401575);
#1573=VECTOR('',#9312,39.3700787401575);
#1574=VECTOR('',#9317,39.3700787401575);
#1575=VECTOR('',#9318,39.3700787401575);
#1576=VECTOR('',#9319,39.3700787401575);
#1577=VECTOR('',#9322,39.3700787401575);
#1578=VECTOR('',#9323,39.3700787401575);
#1579=VECTOR('',#9326,39.3700787401575);
#1580=VECTOR('',#9327,39.3700787401575);
#1581=VECTOR('',#9330,39.3700787401575);
#1582=VECTOR('',#9335,39.3700787401575);
#1583=VECTOR('',#9336,39.3700787401575);
#1584=VECTOR('',#9337,39.3700787401575);
#1585=VECTOR('',#9340,39.3700787401575);
#1586=VECTOR('',#9341,39.3700787401575);
#1587=VECTOR('',#9344,39.3700787401575);
#1588=VECTOR('',#9345,39.3700787401575);
#1589=VECTOR('',#9348,39.3700787401575);
#1590=VECTOR('',#9353,39.3700787401575);
#1591=VECTOR('',#9354,39.3700787401575);
#1592=VECTOR('',#9355,39.3700787401575);
#1593=VECTOR('',#9358,39.3700787401575);
#1594=VECTOR('',#9359,39.3700787401575);
#1595=VECTOR('',#9362,39.3700787401575);
#1596=VECTOR('',#9363,39.3700787401575);
#1597=VECTOR('',#9366,39.3700787401575);
#1598=VECTOR('',#9371,39.3700787401575);
#1599=VECTOR('',#9372,39.3700787401575);
#1600=VECTOR('',#9373,39.3700787401575);
#1601=VECTOR('',#9376,39.3700787401575);
#1602=VECTOR('',#9377,39.3700787401575);
#1603=VECTOR('',#9380,39.3700787401575);
#1604=VECTOR('',#9381,39.3700787401575);
#1605=VECTOR('',#9384,39.3700787401575);
#1606=VECTOR('',#9389,39.3700787401575);
#1607=VECTOR('',#9390,39.3700787401575);
#1608=VECTOR('',#9391,39.3700787401575);
#1609=VECTOR('',#9394,39.3700787401575);
#1610=VECTOR('',#9395,39.3700787401575);
#1611=VECTOR('',#9398,39.3700787401575);
#1612=VECTOR('',#9399,39.3700787401575);
#1613=VECTOR('',#9402,39.3700787401575);
#1614=VECTOR('',#9407,39.3700787401575);
#1615=VECTOR('',#9408,39.3700787401575);
#1616=VECTOR('',#9409,39.3700787401575);
#1617=VECTOR('',#9412,39.3700787401575);
#1618=VECTOR('',#9413,39.3700787401575);
#1619=VECTOR('',#9416,39.3700787401575);
#1620=VECTOR('',#9417,39.3700787401575);
#1621=VECTOR('',#9420,39.3700787401575);
#1622=VECTOR('',#9425,39.3700787401575);
#1623=VECTOR('',#9426,39.3700787401575);
#1624=VECTOR('',#9427,39.3700787401575);
#1625=VECTOR('',#9430,39.3700787401575);
#1626=VECTOR('',#9431,39.3700787401575);
#1627=VECTOR('',#9434,39.3700787401575);
#1628=VECTOR('',#9435,39.3700787401575);
#1629=VECTOR('',#9438,39.3700787401575);
#1630=VECTOR('',#9445,39.3700787401575);
#1631=VECTOR('',#9446,39.3700787401575);
#1632=VECTOR('',#9447,39.3700787401575);
#1633=VECTOR('',#9448,39.3700787401575);
#1634=VECTOR('',#9451,39.3700787401575);
#1635=VECTOR('',#9452,39.3700787401575);
#1636=VECTOR('',#9453,39.3700787401575);
#1637=VECTOR('',#9454,39.3700787401575);
#1638=VECTOR('',#9457,39.3700787401575);
#1639=VECTOR('',#9458,39.3700787401575);
#1640=VECTOR('',#9459,39.3700787401575);
#1641=VECTOR('',#9460,39.3700787401575);
#1642=VECTOR('',#9463,39.3700787401575);
#1643=VECTOR('',#9464,39.3700787401575);
#1644=VECTOR('',#9465,39.3700787401575);
#1645=VECTOR('',#9466,39.3700787401575);
#1646=VECTOR('',#9469,39.3700787401575);
#1647=VECTOR('',#9470,39.3700787401575);
#1648=VECTOR('',#9471,39.3700787401575);
#1649=VECTOR('',#9472,39.3700787401575);
#1650=VECTOR('',#9475,39.3700787401575);
#1651=VECTOR('',#9476,39.3700787401575);
#1652=VECTOR('',#9477,39.3700787401575);
#1653=VECTOR('',#9478,39.3700787401575);
#1654=VECTOR('',#9479,39.3700787401575);
#1655=VECTOR('',#9480,39.3700787401575);
#1656=VECTOR('',#9481,39.3700787401575);
#1657=VECTOR('',#9482,39.3700787401575);
#1658=VECTOR('',#9483,39.3700787401575);
#1659=VECTOR('',#9486,39.3700787401575);
#1660=VECTOR('',#9487,39.3700787401575);
#1661=VECTOR('',#9488,39.3700787401575);
#1662=VECTOR('',#9491,39.3700787401575);
#1663=VECTOR('',#9492,39.3700787401575);
#1664=VECTOR('',#9493,39.3700787401575);
#1665=VECTOR('',#9494,39.3700787401575);
#1666=VECTOR('',#9495,39.3700787401575);
#1667=VECTOR('',#9496,39.3700787401575);
#1668=VECTOR('',#9497,39.3700787401575);
#1669=VECTOR('',#9498,39.3700787401575);
#1670=VECTOR('',#9503,39.3700787401575);
#1671=VECTOR('',#9504,39.3700787401575);
#1672=VECTOR('',#9507,39.3700787401575);
#1673=VECTOR('',#9508,39.3700787401575);
#1674=VECTOR('',#9511,39.3700787401575);
#1675=VECTOR('',#9512,39.3700787401575);
#1676=VECTOR('',#9515,39.3700787401575);
#1677=VECTOR('',#9516,39.3700787401575);
#1678=VECTOR('',#9519,39.3700787401575);
#1679=VECTOR('',#9520,39.3700787401575);
#1680=VECTOR('',#9521,39.3700787401575);
#1681=VECTOR('',#9522,39.3700787401575);
#1682=VECTOR('',#9525,39.3700787401575);
#1683=VECTOR('',#9526,39.3700787401575);
#1684=VECTOR('',#9527,39.3700787401575);
#1685=VECTOR('',#9530,39.3700787401575);
#1686=VECTOR('',#9531,39.3700787401575);
#1687=VECTOR('',#9532,39.3700787401575);
#1688=VECTOR('',#9535,39.3700787401575);
#1689=VECTOR('',#9536,39.3700787401575);
#1690=VECTOR('',#9537,39.3700787401575);
#1691=VECTOR('',#9538,39.3700787401575);
#1692=VECTOR('',#9541,39.3700787401575);
#1693=VECTOR('',#9542,39.3700787401575);
#1694=VECTOR('',#9543,39.3700787401575);
#1695=VECTOR('',#9546,39.3700787401575);
#1696=VECTOR('',#9547,39.3700787401575);
#1697=VECTOR('',#9548,39.3700787401575);
#1698=VECTOR('',#9551,39.3700787401575);
#1699=VECTOR('',#9552,39.3700787401575);
#1700=VECTOR('',#9553,39.3700787401575);
#1701=VECTOR('',#9554,39.3700787401575);
#1702=VECTOR('',#9557,39.3700787401575);
#1703=VECTOR('',#9558,39.3700787401575);
#1704=VECTOR('',#9559,39.3700787401575);
#1705=VECTOR('',#9562,39.3700787401575);
#1706=VECTOR('',#9563,39.3700787401575);
#1707=VECTOR('',#9564,39.3700787401575);
#1708=VECTOR('',#9567,39.3700787401575);
#1709=VECTOR('',#9568,39.3700787401575);
#1710=VECTOR('',#9569,39.3700787401575);
#1711=VECTOR('',#9570,39.3700787401575);
#1712=VECTOR('',#9573,39.3700787401575);
#1713=VECTOR('',#9574,39.3700787401575);
#1714=VECTOR('',#9575,39.3700787401575);
#1715=VECTOR('',#9578,39.3700787401575);
#1716=VECTOR('',#9579,39.3700787401575);
#1717=VECTOR('',#9580,39.3700787401575);
#1718=VECTOR('',#9583,39.3700787401575);
#1719=VECTOR('',#9584,39.3700787401575);
#1720=VECTOR('',#9585,39.3700787401575);
#1721=VECTOR('',#9586,39.3700787401575);
#1722=VECTOR('',#9589,39.3700787401575);
#1723=VECTOR('',#9590,39.3700787401575);
#1724=VECTOR('',#9591,39.3700787401575);
#1725=VECTOR('',#9594,39.3700787401575);
#1726=VECTOR('',#9595,39.3700787401575);
#1727=VECTOR('',#9596,39.3700787401575);
#1728=VECTOR('',#9599,39.3700787401575);
#1729=VECTOR('',#9600,39.3700787401575);
#1730=VECTOR('',#9601,39.3700787401575);
#1731=VECTOR('',#9602,39.3700787401575);
#1732=VECTOR('',#9605,39.3700787401575);
#1733=VECTOR('',#9606,39.3700787401575);
#1734=VECTOR('',#9607,39.3700787401575);
#1735=VECTOR('',#9610,39.3700787401575);
#1736=VECTOR('',#9611,39.3700787401575);
#1737=VECTOR('',#9612,39.3700787401575);
#1738=VECTOR('',#9615,39.3700787401575);
#1739=VECTOR('',#9616,39.3700787401575);
#1740=VECTOR('',#9617,39.3700787401575);
#1741=VECTOR('',#9618,39.3700787401575);
#1742=VECTOR('',#9621,39.3700787401575);
#1743=VECTOR('',#9622,39.3700787401575);
#1744=VECTOR('',#9623,39.3700787401575);
#1745=VECTOR('',#9626,39.3700787401575);
#1746=VECTOR('',#9627,39.3700787401575);
#1747=VECTOR('',#9628,39.3700787401575);
#1748=VECTOR('',#9631,39.3700787401575);
#1749=VECTOR('',#9632,39.3700787401575);
#1750=VECTOR('',#9633,39.3700787401575);
#1751=VECTOR('',#9634,39.3700787401575);
#1752=VECTOR('',#9637,39.3700787401575);
#1753=VECTOR('',#9638,39.3700787401575);
#1754=VECTOR('',#9639,39.3700787401575);
#1755=VECTOR('',#9642,39.3700787401575);
#1756=VECTOR('',#9643,39.3700787401575);
#1757=VECTOR('',#9644,39.3700787401575);
#1758=VECTOR('',#9647,39.3700787401575);
#1759=VECTOR('',#9648,39.3700787401575);
#1760=VECTOR('',#9649,39.3700787401575);
#1761=VECTOR('',#9650,39.3700787401575);
#1762=VECTOR('',#9653,39.3700787401575);
#1763=VECTOR('',#9654,39.3700787401575);
#1764=VECTOR('',#9655,39.3700787401575);
#1765=VECTOR('',#9658,39.3700787401575);
#1766=VECTOR('',#9659,39.3700787401575);
#1767=VECTOR('',#9660,39.3700787401575);
#1768=VECTOR('',#9663,39.3700787401575);
#1769=VECTOR('',#9664,39.3700787401575);
#1770=VECTOR('',#9665,39.3700787401575);
#1771=VECTOR('',#9666,39.3700787401575);
#1772=VECTOR('',#9669,39.3700787401575);
#1773=VECTOR('',#9670,39.3700787401575);
#1774=VECTOR('',#9671,39.3700787401575);
#1775=VECTOR('',#9674,39.3700787401575);
#1776=VECTOR('',#9675,39.3700787401575);
#1777=VECTOR('',#9676,39.3700787401575);
#1778=VECTOR('',#9679,39.3700787401575);
#1779=VECTOR('',#9680,39.3700787401575);
#1780=VECTOR('',#9681,39.3700787401575);
#1781=VECTOR('',#9682,39.3700787401575);
#1782=VECTOR('',#9685,39.3700787401575);
#1783=VECTOR('',#9686,39.3700787401575);
#1784=VECTOR('',#9687,39.3700787401575);
#1785=VECTOR('',#9690,39.3700787401575);
#1786=VECTOR('',#9691,39.3700787401575);
#1787=VECTOR('',#9692,39.3700787401575);
#1788=VECTOR('',#9695,39.3700787401575);
#1789=VECTOR('',#9696,39.3700787401575);
#1790=VECTOR('',#9697,39.3700787401575);
#1791=VECTOR('',#9698,39.3700787401575);
#1792=VECTOR('',#9701,39.3700787401575);
#1793=VECTOR('',#9702,39.3700787401575);
#1794=VECTOR('',#9703,39.3700787401575);
#1795=VECTOR('',#9706,39.3700787401575);
#1796=VECTOR('',#9707,39.3700787401575);
#1797=VECTOR('',#9708,39.3700787401575);
#1798=VECTOR('',#9711,39.3700787401575);
#1799=VECTOR('',#9712,39.3700787401575);
#1800=VECTOR('',#9713,39.3700787401575);
#1801=VECTOR('',#9714,39.3700787401575);
#1802=VECTOR('',#9717,39.3700787401575);
#1803=VECTOR('',#9718,39.3700787401575);
#1804=VECTOR('',#9719,39.3700787401575);
#1805=VECTOR('',#9722,39.3700787401575);
#1806=VECTOR('',#9723,39.3700787401575);
#1807=VECTOR('',#9724,39.3700787401575);
#1808=VECTOR('',#9727,39.3700787401575);
#1809=VECTOR('',#9728,39.3700787401575);
#1810=VECTOR('',#9729,39.3700787401575);
#1811=VECTOR('',#9730,39.3700787401575);
#1812=VECTOR('',#9733,39.3700787401575);
#1813=VECTOR('',#9734,39.3700787401575);
#1814=VECTOR('',#9735,39.3700787401575);
#1815=VECTOR('',#9738,39.3700787401575);
#1816=VECTOR('',#9739,39.3700787401575);
#1817=VECTOR('',#9740,39.3700787401575);
#1818=VECTOR('',#9743,39.3700787401575);
#1819=VECTOR('',#9744,39.3700787401575);
#1820=VECTOR('',#9745,39.3700787401575);
#1821=VECTOR('',#9746,39.3700787401575);
#1822=VECTOR('',#9749,39.3700787401575);
#1823=VECTOR('',#9750,39.3700787401575);
#1824=VECTOR('',#9751,39.3700787401575);
#1825=VECTOR('',#9754,39.3700787401575);
#1826=VECTOR('',#9755,39.3700787401575);
#1827=VECTOR('',#9756,39.3700787401575);
#1828=VECTOR('',#9759,39.3700787401575);
#1829=VECTOR('',#9760,39.3700787401575);
#1830=VECTOR('',#9761,39.3700787401575);
#1831=VECTOR('',#9762,39.3700787401575);
#1832=VECTOR('',#9765,39.3700787401575);
#1833=VECTOR('',#9766,39.3700787401575);
#1834=VECTOR('',#9767,39.3700787401575);
#1835=VECTOR('',#9770,39.3700787401575);
#1836=VECTOR('',#9771,39.3700787401575);
#1837=VECTOR('',#9772,39.3700787401575);
#1838=VECTOR('',#9775,39.3700787401575);
#1839=VECTOR('',#9776,39.3700787401575);
#1840=VECTOR('',#9777,39.3700787401575);
#1841=VECTOR('',#9778,39.3700787401575);
#1842=VECTOR('',#9781,39.3700787401575);
#1843=VECTOR('',#9782,39.3700787401575);
#1844=VECTOR('',#9783,39.3700787401575);
#1845=VECTOR('',#9786,39.3700787401575);
#1846=VECTOR('',#9787,39.3700787401575);
#1847=VECTOR('',#9788,39.3700787401575);
#1848=VECTOR('',#9791,39.3700787401575);
#1849=VECTOR('',#9792,39.3700787401575);
#1850=VECTOR('',#9793,39.3700787401575);
#1851=VECTOR('',#9794,39.3700787401575);
#1852=VECTOR('',#9797,39.3700787401575);
#1853=VECTOR('',#9798,39.3700787401575);
#1854=VECTOR('',#9799,39.3700787401575);
#1855=VECTOR('',#9802,39.3700787401575);
#1856=VECTOR('',#9803,39.3700787401575);
#1857=VECTOR('',#9804,39.3700787401575);
#1858=VECTOR('',#9807,39.3700787401575);
#1859=VECTOR('',#9808,39.3700787401575);
#1860=VECTOR('',#9809,39.3700787401575);
#1861=VECTOR('',#9810,39.3700787401575);
#1862=VECTOR('',#9813,39.3700787401575);
#1863=VECTOR('',#9814,39.3700787401575);
#1864=VECTOR('',#9815,39.3700787401575);
#1865=VECTOR('',#9818,39.3700787401575);
#1866=VECTOR('',#9819,39.3700787401575);
#1867=VECTOR('',#9820,39.3700787401575);
#1868=VECTOR('',#9823,39.3700787401575);
#1869=VECTOR('',#9824,39.3700787401575);
#1870=VECTOR('',#9825,39.3700787401575);
#1871=VECTOR('',#9826,39.3700787401575);
#1872=VECTOR('',#9829,39.3700787401575);
#1873=VECTOR('',#9830,39.3700787401575);
#1874=VECTOR('',#9831,39.3700787401575);
#1875=VECTOR('',#9834,39.3700787401575);
#1876=VECTOR('',#9835,39.3700787401575);
#1877=VECTOR('',#9836,39.3700787401575);
#1878=VECTOR('',#9839,39.3700787401575);
#1879=VECTOR('',#9840,39.3700787401575);
#1880=VECTOR('',#9841,39.3700787401575);
#1881=VECTOR('',#9842,39.3700787401575);
#1882=VECTOR('',#9845,39.3700787401575);
#1883=VECTOR('',#9846,39.3700787401575);
#1884=VECTOR('',#9847,39.3700787401575);
#1885=VECTOR('',#9850,39.3700787401575);
#1886=VECTOR('',#9851,39.3700787401575);
#1887=VECTOR('',#9852,39.3700787401575);
#1888=VECTOR('',#9855,39.3700787401575);
#1889=VECTOR('',#9856,39.3700787401575);
#1890=VECTOR('',#9857,39.3700787401575);
#1891=VECTOR('',#9858,39.3700787401575);
#1892=VECTOR('',#9861,39.3700787401575);
#1893=VECTOR('',#9862,39.3700787401575);
#1894=VECTOR('',#9863,39.3700787401575);
#1895=VECTOR('',#9866,39.3700787401575);
#1896=VECTOR('',#9867,39.3700787401575);
#1897=VECTOR('',#9868,39.3700787401575);
#1898=VECTOR('',#9871,39.3700787401575);
#1899=VECTOR('',#9872,39.3700787401575);
#1900=VECTOR('',#9873,39.3700787401575);
#1901=VECTOR('',#9874,39.3700787401575);
#1902=VECTOR('',#9877,39.3700787401575);
#1903=VECTOR('',#9878,39.3700787401575);
#1904=VECTOR('',#9879,39.3700787401575);
#1905=VECTOR('',#9882,39.3700787401575);
#1906=VECTOR('',#9883,39.3700787401575);
#1907=VECTOR('',#9884,39.3700787401575);
#1908=VECTOR('',#9887,39.3700787401575);
#1909=VECTOR('',#9888,39.3700787401575);
#1910=VECTOR('',#9889,39.3700787401575);
#1911=VECTOR('',#9890,39.3700787401575);
#1912=VECTOR('',#9893,39.3700787401575);
#1913=VECTOR('',#9894,39.3700787401575);
#1914=VECTOR('',#9895,39.3700787401575);
#1915=VECTOR('',#9898,39.3700787401575);
#1916=VECTOR('',#9899,39.3700787401575);
#1917=VECTOR('',#9900,39.3700787401575);
#1918=VECTOR('',#9903,39.3700787401575);
#1919=VECTOR('',#9904,39.3700787401575);
#1920=VECTOR('',#9905,39.3700787401575);
#1921=VECTOR('',#9906,39.3700787401575);
#1922=VECTOR('',#9909,39.3700787401575);
#1923=VECTOR('',#9910,39.3700787401575);
#1924=VECTOR('',#9911,39.3700787401575);
#1925=VECTOR('',#9914,39.3700787401575);
#1926=VECTOR('',#9915,39.3700787401575);
#1927=VECTOR('',#9916,39.3700787401575);
#1928=VECTOR('',#9919,39.3700787401575);
#1929=VECTOR('',#9920,39.3700787401575);
#1930=VECTOR('',#9921,39.3700787401575);
#1931=VECTOR('',#9922,39.3700787401575);
#1932=VECTOR('',#9925,39.3700787401575);
#1933=VECTOR('',#9926,39.3700787401575);
#1934=VECTOR('',#9927,39.3700787401575);
#1935=VECTOR('',#9930,39.3700787401575);
#1936=VECTOR('',#9931,39.3700787401575);
#1937=VECTOR('',#9932,39.3700787401575);
#1938=VECTOR('',#9935,39.3700787401575);
#1939=VECTOR('',#9936,39.3700787401575);
#1940=VECTOR('',#9937,39.3700787401575);
#1941=VECTOR('',#9938,39.3700787401575);
#1942=VECTOR('',#9941,39.3700787401575);
#1943=VECTOR('',#9942,39.3700787401575);
#1944=VECTOR('',#9943,39.3700787401575);
#1945=VECTOR('',#9946,39.3700787401575);
#1946=VECTOR('',#9947,39.3700787401575);
#1947=VECTOR('',#9948,39.3700787401575);
#1948=VECTOR('',#9951,39.3700787401575);
#1949=VECTOR('',#9952,39.3700787401575);
#1950=VECTOR('',#9953,39.3700787401575);
#1951=VECTOR('',#9954,39.3700787401575);
#1952=VECTOR('',#9957,39.3700787401575);
#1953=VECTOR('',#9958,39.3700787401575);
#1954=VECTOR('',#9959,39.3700787401575);
#1955=VECTOR('',#9962,39.3700787401575);
#1956=VECTOR('',#9963,39.3700787401575);
#1957=VECTOR('',#9964,39.3700787401575);
#1958=VECTOR('',#9967,39.3700787401575);
#1959=VECTOR('',#9968,39.3700787401575);
#1960=VECTOR('',#9969,39.3700787401575);
#1961=VECTOR('',#9970,39.3700787401575);
#1962=VECTOR('',#9973,39.3700787401575);
#1963=VECTOR('',#9974,39.3700787401575);
#1964=VECTOR('',#9975,39.3700787401575);
#1965=VECTOR('',#9978,39.3700787401575);
#1966=VECTOR('',#9979,39.3700787401575);
#1967=VECTOR('',#9980,39.3700787401575);
#1968=VECTOR('',#9983,39.3700787401575);
#1969=VECTOR('',#9984,39.3700787401575);
#1970=VECTOR('',#9985,39.3700787401575);
#1971=VECTOR('',#9986,39.3700787401575);
#1972=VECTOR('',#9989,39.3700787401575);
#1973=VECTOR('',#9990,39.3700787401575);
#1974=VECTOR('',#9991,39.3700787401575);
#1975=VECTOR('',#9994,39.3700787401575);
#1976=VECTOR('',#9995,39.3700787401575);
#1977=VECTOR('',#9996,39.3700787401575);
#1978=VECTOR('',#9999,39.3700787401575);
#1979=VECTOR('',#10000,39.3700787401575);
#1980=VECTOR('',#10001,39.3700787401575);
#1981=VECTOR('',#10002,39.3700787401575);
#1982=VECTOR('',#10005,39.3700787401575);
#1983=VECTOR('',#10006,39.3700787401575);
#1984=VECTOR('',#10007,39.3700787401575);
#1985=VECTOR('',#10010,39.3700787401575);
#1986=VECTOR('',#10011,39.3700787401575);
#1987=VECTOR('',#10012,39.3700787401575);
#1988=VECTOR('',#10015,39.3700787401575);
#1989=VECTOR('',#10016,39.3700787401575);
#1990=VECTOR('',#10017,39.3700787401575);
#1991=VECTOR('',#10018,39.3700787401575);
#1992=VECTOR('',#10021,39.3700787401575);
#1993=VECTOR('',#10022,39.3700787401575);
#1994=VECTOR('',#10023,39.3700787401575);
#1995=VECTOR('',#10026,39.3700787401575);
#1996=VECTOR('',#10027,39.3700787401575);
#1997=VECTOR('',#10028,39.3700787401575);
#1998=VECTOR('',#10031,39.3700787401575);
#1999=VECTOR('',#10032,39.3700787401575);
#2000=VECTOR('',#10033,39.3700787401575);
#2001=VECTOR('',#10034,39.3700787401575);
#2002=VECTOR('',#10037,39.3700787401575);
#2003=VECTOR('',#10038,39.3700787401575);
#2004=VECTOR('',#10039,39.3700787401575);
#2005=VECTOR('',#10042,39.3700787401575);
#2006=VECTOR('',#10043,39.3700787401575);
#2007=VECTOR('',#10044,39.3700787401575);
#2008=VECTOR('',#10047,39.3700787401575);
#2009=VECTOR('',#10048,39.3700787401575);
#2010=VECTOR('',#10049,39.3700787401575);
#2011=VECTOR('',#10050,39.3700787401575);
#2012=VECTOR('',#10053,39.3700787401575);
#2013=VECTOR('',#10054,39.3700787401575);
#2014=VECTOR('',#10055,39.3700787401575);
#2015=VECTOR('',#10058,39.3700787401575);
#2016=VECTOR('',#10059,39.3700787401575);
#2017=VECTOR('',#10060,39.3700787401575);
#2018=VECTOR('',#10063,39.3700787401575);
#2019=VECTOR('',#10064,39.3700787401575);
#2020=VECTOR('',#10065,39.3700787401575);
#2021=VECTOR('',#10066,39.3700787401575);
#2022=VECTOR('',#10069,39.3700787401575);
#2023=VECTOR('',#10070,39.3700787401575);
#2024=VECTOR('',#10071,39.3700787401575);
#2025=VECTOR('',#10074,39.3700787401575);
#2026=VECTOR('',#10075,39.3700787401575);
#2027=VECTOR('',#10076,39.3700787401575);
#2028=VECTOR('',#10079,39.3700787401575);
#2029=VECTOR('',#10080,39.3700787401575);
#2030=VECTOR('',#10081,39.3700787401575);
#2031=VECTOR('',#10082,39.3700787401575);
#2032=VECTOR('',#10085,39.3700787401575);
#2033=VECTOR('',#10086,39.3700787401575);
#2034=VECTOR('',#10087,39.3700787401575);
#2035=VECTOR('',#10090,39.3700787401575);
#2036=VECTOR('',#10091,39.3700787401575);
#2037=VECTOR('',#10092,39.3700787401575);
#2038=VECTOR('',#10095,39.3700787401575);
#2039=VECTOR('',#10096,39.3700787401575);
#2040=VECTOR('',#10099,39.3700787401575);
#2041=VECTOR('',#10100,39.3700787401575);
#2042=VECTOR('',#10103,39.3700787401575);
#2043=VECTOR('',#10106,39.3700787401575);
#2044=VECTOR('',#10107,39.3700787401575);
#2045=VECTOR('',#10110,39.3700787401575);
#2046=VECTOR('',#10111,39.3700787401575);
#2047=VECTOR('',#10114,39.3700787401575);
#2048=VECTOR('',#10117,39.3700787401575);
#2049=VECTOR('',#10120,39.3700787401575);
#2050=VECTOR('',#10123,39.3700787401575);
#2051=VECTOR('',#10124,39.3700787401575);
#2052=VECTOR('',#10127,39.3700787401575);
#2053=VECTOR('',#10128,39.3700787401575);
#2054=VECTOR('',#10131,39.3700787401575);
#2055=VECTOR('',#10132,39.3700787401575);
#2056=VECTOR('',#10135,39.3700787401575);
#2057=VECTOR('',#10136,39.3700787401575);
#2058=VECTOR('',#10139,39.3700787401575);
#2059=VECTOR('',#10140,39.3700787401575);
#2060=VECTOR('',#10143,39.3700787401575);
#2061=VECTOR('',#10144,39.3700787401575);
#2062=VECTOR('',#10147,39.3700787401575);
#2063=VECTOR('',#10148,39.3700787401575);
#2064=VECTOR('',#10151,39.3700787401575);
#2065=VECTOR('',#10152,39.3700787401575);
#2066=VECTOR('',#10155,39.3700787401575);
#2067=VECTOR('',#10156,39.3700787401575);
#2068=VECTOR('',#10159,39.3700787401575);
#2069=VECTOR('',#10160,39.3700787401575);
#2070=VECTOR('',#10163,39.3700787401575);
#2071=VECTOR('',#10164,39.3700787401575);
#2072=VECTOR('',#10167,39.3700787401575);
#2073=VECTOR('',#10168,39.3700787401575);
#2074=VECTOR('',#10171,39.3700787401575);
#2075=VECTOR('',#10172,39.3700787401575);
#2076=VECTOR('',#10175,39.3700787401575);
#2077=VECTOR('',#10176,39.3700787401575);
#2078=VECTOR('',#10179,39.3700787401575);
#2079=VECTOR('',#10180,39.3700787401575);
#2080=VECTOR('',#10183,39.3700787401575);
#2081=VECTOR('',#10184,39.3700787401575);
#2082=VECTOR('',#10187,39.3700787401575);
#2083=VECTOR('',#10188,39.3700787401575);
#2084=VECTOR('',#10191,39.3700787401575);
#2085=VECTOR('',#10192,39.3700787401575);
#2086=VECTOR('',#10195,39.3700787401575);
#2087=VECTOR('',#10196,39.3700787401575);
#2088=VECTOR('',#10199,39.3700787401575);
#2089=VECTOR('',#10200,39.3700787401575);
#2090=VECTOR('',#10203,39.3700787401575);
#2091=VECTOR('',#10204,39.3700787401575);
#2092=VECTOR('',#10207,39.3700787401575);
#2093=VECTOR('',#10208,39.3700787401575);
#2094=VECTOR('',#10211,39.3700787401575);
#2095=VECTOR('',#10212,39.3700787401575);
#2096=VECTOR('',#10215,39.3700787401575);
#2097=VECTOR('',#10216,39.3700787401575);
#2098=VECTOR('',#10219,39.3700787401575);
#2099=VECTOR('',#10220,39.3700787401575);
#2100=VECTOR('',#10223,39.3700787401575);
#2101=VECTOR('',#10224,39.3700787401575);
#2102=VECTOR('',#10227,39.3700787401575);
#2103=VECTOR('',#10228,39.3700787401575);
#2104=VECTOR('',#10231,39.3700787401575);
#2105=VECTOR('',#10232,39.3700787401575);
#2106=VECTOR('',#10235,39.3700787401575);
#2107=VECTOR('',#10236,39.3700787401575);
#2108=VECTOR('',#10239,39.3700787401575);
#2109=VECTOR('',#10240,39.3700787401575);
#2110=VECTOR('',#10243,39.3700787401575);
#2111=VECTOR('',#10244,39.3700787401575);
#2112=VECTOR('',#10247,39.3700787401575);
#2113=VECTOR('',#10248,39.3700787401575);
#2114=VECTOR('',#10251,39.3700787401575);
#2115=VECTOR('',#10252,39.3700787401575);
#2116=VECTOR('',#10255,39.3700787401575);
#2117=VECTOR('',#10256,39.3700787401575);
#2118=VECTOR('',#10259,39.3700787401575);
#2119=VECTOR('',#10260,39.3700787401575);
#2120=VECTOR('',#10263,39.3700787401575);
#2121=VECTOR('',#10264,39.3700787401575);
#2122=ORIENTED_EDGE('',*,*,#4238,.F.);
#2123=ORIENTED_EDGE('',*,*,#4239,.F.);
#2124=ORIENTED_EDGE('',*,*,#4240,.F.);
#2125=ORIENTED_EDGE('',*,*,#4241,.F.);
#2126=ORIENTED_EDGE('',*,*,#4242,.F.);
#2127=ORIENTED_EDGE('',*,*,#4243,.F.);
#2128=ORIENTED_EDGE('',*,*,#4244,.F.);
#2129=ORIENTED_EDGE('',*,*,#4245,.F.);
#2130=ORIENTED_EDGE('',*,*,#4246,.F.);
#2131=ORIENTED_EDGE('',*,*,#4247,.F.);
#2132=ORIENTED_EDGE('',*,*,#4248,.F.);
#2133=ORIENTED_EDGE('',*,*,#4249,.F.);
#2134=ORIENTED_EDGE('',*,*,#4250,.F.);
#2135=ORIENTED_EDGE('',*,*,#4251,.F.);
#2136=ORIENTED_EDGE('',*,*,#4252,.F.);
#2137=ORIENTED_EDGE('',*,*,#4253,.F.);
#2138=ORIENTED_EDGE('',*,*,#4254,.F.);
#2139=ORIENTED_EDGE('',*,*,#4255,.F.);
#2140=ORIENTED_EDGE('',*,*,#4256,.F.);
#2141=ORIENTED_EDGE('',*,*,#4257,.F.);
#2142=ORIENTED_EDGE('',*,*,#4258,.F.);
#2143=ORIENTED_EDGE('',*,*,#4259,.T.);
#2144=ORIENTED_EDGE('',*,*,#4260,.T.);
#2145=ORIENTED_EDGE('',*,*,#4261,.F.);
#2146=ORIENTED_EDGE('',*,*,#4262,.T.);
#2147=ORIENTED_EDGE('',*,*,#4263,.F.);
#2148=ORIENTED_EDGE('',*,*,#4264,.F.);
#2149=ORIENTED_EDGE('',*,*,#4265,.F.);
#2150=ORIENTED_EDGE('',*,*,#4266,.F.);
#2151=ORIENTED_EDGE('',*,*,#4243,.T.);
#2152=ORIENTED_EDGE('',*,*,#4267,.F.);
#2153=ORIENTED_EDGE('',*,*,#4268,.F.);
#2154=ORIENTED_EDGE('',*,*,#4269,.F.);
#2155=ORIENTED_EDGE('',*,*,#4270,.F.);
#2156=ORIENTED_EDGE('',*,*,#4271,.F.);
#2157=ORIENTED_EDGE('',*,*,#4241,.T.);
#2158=ORIENTED_EDGE('',*,*,#4272,.T.);
#2159=ORIENTED_EDGE('',*,*,#4273,.F.);
#2160=ORIENTED_EDGE('',*,*,#4274,.F.);
#2161=ORIENTED_EDGE('',*,*,#4275,.T.);
#2162=ORIENTED_EDGE('',*,*,#4276,.F.);
#2163=ORIENTED_EDGE('',*,*,#4277,.F.);
#2164=ORIENTED_EDGE('',*,*,#4278,.F.);
#2165=ORIENTED_EDGE('',*,*,#4259,.F.);
#2166=ORIENTED_EDGE('',*,*,#4279,.F.);
#2167=ORIENTED_EDGE('',*,*,#4275,.F.);
#2168=ORIENTED_EDGE('',*,*,#4280,.F.);
#2169=ORIENTED_EDGE('',*,*,#4281,.F.);
#2170=ORIENTED_EDGE('',*,*,#4282,.F.);
#2171=ORIENTED_EDGE('',*,*,#4283,.F.);
#2172=ORIENTED_EDGE('',*,*,#4284,.F.);
#2173=ORIENTED_EDGE('',*,*,#4285,.F.);
#2174=ORIENTED_EDGE('',*,*,#4286,.T.);
#2175=ORIENTED_EDGE('',*,*,#4287,.F.);
#2176=ORIENTED_EDGE('',*,*,#4255,.T.);
#2177=ORIENTED_EDGE('',*,*,#4253,.T.);
#2178=ORIENTED_EDGE('',*,*,#4288,.T.);
#2179=ORIENTED_EDGE('',*,*,#4289,.F.);
#2180=ORIENTED_EDGE('',*,*,#4290,.F.);
#2181=ORIENTED_EDGE('',*,*,#4283,.T.);
#2182=ORIENTED_EDGE('',*,*,#4249,.T.);
#2183=ORIENTED_EDGE('',*,*,#4291,.T.);
#2184=ORIENTED_EDGE('',*,*,#4292,.F.);
#2185=ORIENTED_EDGE('',*,*,#4293,.F.);
#2186=ORIENTED_EDGE('',*,*,#4294,.F.);
#2187=ORIENTED_EDGE('',*,*,#4295,.F.);
#2188=ORIENTED_EDGE('',*,*,#4296,.F.);
#2189=ORIENTED_EDGE('',*,*,#4297,.F.);
#2190=ORIENTED_EDGE('',*,*,#4298,.F.);
#2191=ORIENTED_EDGE('',*,*,#4299,.F.);
#2192=ORIENTED_EDGE('',*,*,#4300,.F.);
#2193=ORIENTED_EDGE('',*,*,#4301,.F.);
#2194=ORIENTED_EDGE('',*,*,#4302,.F.);
#2195=ORIENTED_EDGE('',*,*,#4303,.F.);
#2196=ORIENTED_EDGE('',*,*,#4304,.F.);
#2197=ORIENTED_EDGE('',*,*,#4305,.F.);
#2198=ORIENTED_EDGE('',*,*,#4306,.F.);
#2199=ORIENTED_EDGE('',*,*,#4307,.F.);
#2200=ORIENTED_EDGE('',*,*,#4308,.F.);
#2201=ORIENTED_EDGE('',*,*,#4309,.F.);
#2202=ORIENTED_EDGE('',*,*,#4310,.F.);
#2203=ORIENTED_EDGE('',*,*,#4311,.F.);
#2204=ORIENTED_EDGE('',*,*,#4312,.F.);
#2205=ORIENTED_EDGE('',*,*,#4313,.F.);
#2206=ORIENTED_EDGE('',*,*,#4314,.F.);
#2207=ORIENTED_EDGE('',*,*,#4315,.F.);
#2208=ORIENTED_EDGE('',*,*,#4316,.F.);
#2209=ORIENTED_EDGE('',*,*,#4317,.F.);
#2210=ORIENTED_EDGE('',*,*,#4318,.F.);
#2211=ORIENTED_EDGE('',*,*,#4319,.F.);
#2212=ORIENTED_EDGE('',*,*,#4320,.F.);
#2213=ORIENTED_EDGE('',*,*,#4321,.F.);
#2214=ORIENTED_EDGE('',*,*,#4322,.F.);
#2215=ORIENTED_EDGE('',*,*,#4323,.F.);
#2216=ORIENTED_EDGE('',*,*,#4324,.F.);
#2217=ORIENTED_EDGE('',*,*,#4325,.F.);
#2218=ORIENTED_EDGE('',*,*,#4326,.F.);
#2219=ORIENTED_EDGE('',*,*,#4327,.F.);
#2220=ORIENTED_EDGE('',*,*,#4328,.F.);
#2221=ORIENTED_EDGE('',*,*,#4329,.F.);
#2222=ORIENTED_EDGE('',*,*,#4330,.F.);
#2223=ORIENTED_EDGE('',*,*,#4331,.F.);
#2224=ORIENTED_EDGE('',*,*,#4332,.F.);
#2225=ORIENTED_EDGE('',*,*,#4333,.F.);
#2226=ORIENTED_EDGE('',*,*,#4334,.F.);
#2227=ORIENTED_EDGE('',*,*,#4335,.F.);
#2228=ORIENTED_EDGE('',*,*,#4336,.F.);
#2229=ORIENTED_EDGE('',*,*,#4337,.F.);
#2230=ORIENTED_EDGE('',*,*,#4338,.F.);
#2231=ORIENTED_EDGE('',*,*,#4339,.F.);
#2232=ORIENTED_EDGE('',*,*,#4340,.F.);
#2233=ORIENTED_EDGE('',*,*,#4341,.F.);
#2234=ORIENTED_EDGE('',*,*,#4342,.F.);
#2235=ORIENTED_EDGE('',*,*,#4343,.F.);
#2236=ORIENTED_EDGE('',*,*,#4344,.F.);
#2237=ORIENTED_EDGE('',*,*,#4345,.F.);
#2238=ORIENTED_EDGE('',*,*,#4346,.F.);
#2239=ORIENTED_EDGE('',*,*,#4347,.F.);
#2240=ORIENTED_EDGE('',*,*,#4348,.F.);
#2241=ORIENTED_EDGE('',*,*,#4349,.F.);
#2242=ORIENTED_EDGE('',*,*,#4350,.F.);
#2243=ORIENTED_EDGE('',*,*,#4351,.F.);
#2244=ORIENTED_EDGE('',*,*,#4352,.F.);
#2245=ORIENTED_EDGE('',*,*,#4353,.F.);
#2246=ORIENTED_EDGE('',*,*,#4354,.F.);
#2247=ORIENTED_EDGE('',*,*,#4355,.F.);
#2248=ORIENTED_EDGE('',*,*,#4356,.F.);
#2249=ORIENTED_EDGE('',*,*,#4357,.F.);
#2250=ORIENTED_EDGE('',*,*,#4358,.F.);
#2251=ORIENTED_EDGE('',*,*,#4359,.F.);
#2252=ORIENTED_EDGE('',*,*,#4360,.F.);
#2253=ORIENTED_EDGE('',*,*,#4361,.F.);
#2254=ORIENTED_EDGE('',*,*,#4362,.F.);
#2255=ORIENTED_EDGE('',*,*,#4363,.F.);
#2256=ORIENTED_EDGE('',*,*,#4364,.F.);
#2257=ORIENTED_EDGE('',*,*,#4365,.F.);
#2258=ORIENTED_EDGE('',*,*,#4366,.F.);
#2259=ORIENTED_EDGE('',*,*,#4367,.F.);
#2260=ORIENTED_EDGE('',*,*,#4368,.F.);
#2261=ORIENTED_EDGE('',*,*,#4369,.F.);
#2262=ORIENTED_EDGE('',*,*,#4370,.F.);
#2263=ORIENTED_EDGE('',*,*,#4371,.F.);
#2264=ORIENTED_EDGE('',*,*,#4372,.F.);
#2265=ORIENTED_EDGE('',*,*,#4373,.F.);
#2266=ORIENTED_EDGE('',*,*,#4374,.F.);
#2267=ORIENTED_EDGE('',*,*,#4375,.F.);
#2268=ORIENTED_EDGE('',*,*,#4376,.F.);
#2269=ORIENTED_EDGE('',*,*,#4377,.F.);
#2270=ORIENTED_EDGE('',*,*,#4378,.F.);
#2271=ORIENTED_EDGE('',*,*,#4379,.F.);
#2272=ORIENTED_EDGE('',*,*,#4380,.F.);
#2273=ORIENTED_EDGE('',*,*,#4381,.F.);
#2274=ORIENTED_EDGE('',*,*,#4382,.F.);
#2275=ORIENTED_EDGE('',*,*,#4383,.F.);
#2276=ORIENTED_EDGE('',*,*,#4384,.F.);
#2277=ORIENTED_EDGE('',*,*,#4385,.F.);
#2278=ORIENTED_EDGE('',*,*,#4386,.F.);
#2279=ORIENTED_EDGE('',*,*,#4387,.F.);
#2280=ORIENTED_EDGE('',*,*,#4388,.F.);
#2281=ORIENTED_EDGE('',*,*,#4389,.F.);
#2282=ORIENTED_EDGE('',*,*,#4390,.F.);
#2283=ORIENTED_EDGE('',*,*,#4391,.F.);
#2284=ORIENTED_EDGE('',*,*,#4392,.F.);
#2285=ORIENTED_EDGE('',*,*,#4393,.F.);
#2286=ORIENTED_EDGE('',*,*,#4394,.F.);
#2287=ORIENTED_EDGE('',*,*,#4395,.F.);
#2288=ORIENTED_EDGE('',*,*,#4396,.F.);
#2289=ORIENTED_EDGE('',*,*,#4397,.F.);
#2290=ORIENTED_EDGE('',*,*,#4398,.F.);
#2291=ORIENTED_EDGE('',*,*,#4399,.F.);
#2292=ORIENTED_EDGE('',*,*,#4400,.F.);
#2293=ORIENTED_EDGE('',*,*,#4401,.F.);
#2294=ORIENTED_EDGE('',*,*,#4402,.F.);
#2295=ORIENTED_EDGE('',*,*,#4403,.F.);
#2296=ORIENTED_EDGE('',*,*,#4404,.F.);
#2297=ORIENTED_EDGE('',*,*,#4405,.F.);
#2298=ORIENTED_EDGE('',*,*,#4406,.F.);
#2299=ORIENTED_EDGE('',*,*,#4407,.F.);
#2300=ORIENTED_EDGE('',*,*,#4408,.F.);
#2301=ORIENTED_EDGE('',*,*,#4409,.F.);
#2302=ORIENTED_EDGE('',*,*,#4410,.F.);
#2303=ORIENTED_EDGE('',*,*,#4411,.F.);
#2304=ORIENTED_EDGE('',*,*,#4412,.F.);
#2305=ORIENTED_EDGE('',*,*,#4413,.F.);
#2306=ORIENTED_EDGE('',*,*,#4414,.F.);
#2307=ORIENTED_EDGE('',*,*,#4415,.F.);
#2308=ORIENTED_EDGE('',*,*,#4416,.F.);
#2309=ORIENTED_EDGE('',*,*,#4417,.F.);
#2310=ORIENTED_EDGE('',*,*,#4418,.F.);
#2311=ORIENTED_EDGE('',*,*,#4419,.F.);
#2312=ORIENTED_EDGE('',*,*,#4420,.F.);
#2313=ORIENTED_EDGE('',*,*,#4421,.F.);
#2314=ORIENTED_EDGE('',*,*,#4422,.F.);
#2315=ORIENTED_EDGE('',*,*,#4423,.F.);
#2316=ORIENTED_EDGE('',*,*,#4424,.F.);
#2317=ORIENTED_EDGE('',*,*,#4425,.F.);
#2318=ORIENTED_EDGE('',*,*,#4426,.F.);
#2319=ORIENTED_EDGE('',*,*,#4427,.F.);
#2320=ORIENTED_EDGE('',*,*,#4428,.F.);
#2321=ORIENTED_EDGE('',*,*,#4429,.F.);
#2322=ORIENTED_EDGE('',*,*,#4430,.F.);
#2323=ORIENTED_EDGE('',*,*,#4431,.F.);
#2324=ORIENTED_EDGE('',*,*,#4432,.F.);
#2325=ORIENTED_EDGE('',*,*,#4433,.F.);
#2326=ORIENTED_EDGE('',*,*,#4434,.F.);
#2327=ORIENTED_EDGE('',*,*,#4435,.F.);
#2328=ORIENTED_EDGE('',*,*,#4436,.F.);
#2329=ORIENTED_EDGE('',*,*,#4437,.F.);
#2330=ORIENTED_EDGE('',*,*,#4438,.F.);
#2331=ORIENTED_EDGE('',*,*,#4439,.F.);
#2332=ORIENTED_EDGE('',*,*,#4440,.F.);
#2333=ORIENTED_EDGE('',*,*,#4441,.F.);
#2334=ORIENTED_EDGE('',*,*,#4442,.F.);
#2335=ORIENTED_EDGE('',*,*,#4443,.F.);
#2336=ORIENTED_EDGE('',*,*,#4444,.F.);
#2337=ORIENTED_EDGE('',*,*,#4445,.F.);
#2338=ORIENTED_EDGE('',*,*,#4446,.F.);
#2339=ORIENTED_EDGE('',*,*,#4447,.F.);
#2340=ORIENTED_EDGE('',*,*,#4448,.F.);
#2341=ORIENTED_EDGE('',*,*,#4449,.F.);
#2342=ORIENTED_EDGE('',*,*,#4450,.F.);
#2343=ORIENTED_EDGE('',*,*,#4451,.F.);
#2344=ORIENTED_EDGE('',*,*,#4452,.T.);
#2345=ORIENTED_EDGE('',*,*,#4273,.T.);
#2346=ORIENTED_EDGE('',*,*,#4453,.T.);
#2347=ORIENTED_EDGE('',*,*,#4265,.T.);
#2348=ORIENTED_EDGE('',*,*,#4454,.F.);
#2349=ORIENTED_EDGE('',*,*,#4455,.T.);
#2350=ORIENTED_EDGE('',*,*,#4456,.T.);
#2351=ORIENTED_EDGE('',*,*,#4261,.T.);
#2352=ORIENTED_EDGE('',*,*,#4457,.T.);
#2353=ORIENTED_EDGE('',*,*,#4458,.T.);
#2354=ORIENTED_EDGE('',*,*,#4288,.F.);
#2355=ORIENTED_EDGE('',*,*,#4252,.T.);
#2356=ORIENTED_EDGE('',*,*,#4459,.T.);
#2357=ORIENTED_EDGE('',*,*,#4460,.T.);
#2358=ORIENTED_EDGE('',*,*,#4457,.F.);
#2359=ORIENTED_EDGE('',*,*,#4251,.T.);
#2360=ORIENTED_EDGE('',*,*,#4281,.T.);
#2361=ORIENTED_EDGE('',*,*,#4461,.T.);
#2362=ORIENTED_EDGE('',*,*,#4462,.T.);
#2363=ORIENTED_EDGE('',*,*,#4463,.F.);
#2364=ORIENTED_EDGE('',*,*,#4239,.T.);
#2365=ORIENTED_EDGE('',*,*,#4285,.T.);
#2366=ORIENTED_EDGE('',*,*,#4290,.T.);
#2367=ORIENTED_EDGE('',*,*,#4464,.T.);
#2368=ORIENTED_EDGE('',*,*,#4461,.F.);
#2369=ORIENTED_EDGE('',*,*,#4284,.T.);
#2370=ORIENTED_EDGE('',*,*,#4465,.T.);
#2371=ORIENTED_EDGE('',*,*,#4466,.T.);
#2372=ORIENTED_EDGE('',*,*,#4291,.F.);
#2373=ORIENTED_EDGE('',*,*,#4248,.T.);
#2374=ORIENTED_EDGE('',*,*,#4467,.T.);
#2375=ORIENTED_EDGE('',*,*,#4468,.T.);
#2376=ORIENTED_EDGE('',*,*,#4465,.F.);
#2377=ORIENTED_EDGE('',*,*,#4247,.T.);
#2378=ORIENTED_EDGE('',*,*,#4245,.T.);
#2379=ORIENTED_EDGE('',*,*,#4287,.T.);
#2380=ORIENTED_EDGE('',*,*,#4469,.T.);
#2381=ORIENTED_EDGE('',*,*,#4470,.F.);
#2382=ORIENTED_EDGE('',*,*,#4256,.T.);
#2383=ORIENTED_EDGE('',*,*,#4470,.T.);
#2384=ORIENTED_EDGE('',*,*,#4471,.T.);
#2385=ORIENTED_EDGE('',*,*,#4472,.F.);
#2386=ORIENTED_EDGE('',*,*,#4277,.T.);
#2387=ORIENTED_EDGE('',*,*,#4257,.T.);
#2388=ORIENTED_EDGE('',*,*,#4453,.F.);
#2389=ORIENTED_EDGE('',*,*,#4272,.F.);
#2390=ORIENTED_EDGE('',*,*,#4240,.T.);
#2391=ORIENTED_EDGE('',*,*,#4463,.T.);
#2392=ORIENTED_EDGE('',*,*,#4473,.T.);
#2393=ORIENTED_EDGE('',*,*,#4467,.F.);
#2394=ORIENTED_EDGE('',*,*,#4244,.T.);
#2395=ORIENTED_EDGE('',*,*,#4266,.T.);
#2396=ORIENTED_EDGE('',*,*,#4452,.F.);
#2397=ORIENTED_EDGE('',*,*,#4260,.F.);
#2398=ORIENTED_EDGE('',*,*,#4278,.T.);
#2399=ORIENTED_EDGE('',*,*,#4472,.T.);
#2400=ORIENTED_EDGE('',*,*,#4474,.F.);
#2401=ORIENTED_EDGE('',*,*,#4459,.F.);
#2402=ORIENTED_EDGE('',*,*,#4280,.T.);
#2403=ORIENTED_EDGE('',*,*,#4274,.T.);
#2404=ORIENTED_EDGE('',*,*,#4475,.T.);
#2405=ORIENTED_EDGE('',*,*,#4476,.F.);
#2406=ORIENTED_EDGE('',*,*,#4477,.F.);
#2407=ORIENTED_EDGE('',*,*,#4263,.T.);
#2408=ORIENTED_EDGE('',*,*,#4478,.T.);
#2409=ORIENTED_EDGE('',*,*,#4455,.F.);
#2410=ORIENTED_EDGE('',*,*,#4479,.F.);
#2411=ORIENTED_EDGE('',*,*,#4476,.T.);
#2412=ORIENTED_EDGE('',*,*,#4264,.T.);
#2413=ORIENTED_EDGE('',*,*,#4477,.T.);
#2414=ORIENTED_EDGE('',*,*,#4479,.T.);
#2415=ORIENTED_EDGE('',*,*,#4454,.T.);
#2416=ORIENTED_EDGE('',*,*,#4262,.F.);
#2417=ORIENTED_EDGE('',*,*,#4456,.F.);
#2418=ORIENTED_EDGE('',*,*,#4478,.F.);
#2419=ORIENTED_EDGE('',*,*,#4475,.F.);
#2420=ORIENTED_EDGE('',*,*,#4460,.F.);
#2421=ORIENTED_EDGE('',*,*,#4474,.T.);
#2422=ORIENTED_EDGE('',*,*,#4471,.F.);
#2423=ORIENTED_EDGE('',*,*,#4469,.F.);
#2424=ORIENTED_EDGE('',*,*,#4286,.F.);
#2425=ORIENTED_EDGE('',*,*,#4458,.F.);
#2426=ORIENTED_EDGE('',*,*,#4464,.F.);
#2427=ORIENTED_EDGE('',*,*,#4289,.T.);
#2428=ORIENTED_EDGE('',*,*,#4466,.F.);
#2429=ORIENTED_EDGE('',*,*,#4468,.F.);
#2430=ORIENTED_EDGE('',*,*,#4473,.F.);
#2431=ORIENTED_EDGE('',*,*,#4462,.F.);
#2432=ORIENTED_EDGE('',*,*,#4268,.T.);
#2433=ORIENTED_EDGE('',*,*,#4480,.F.);
#2434=ORIENTED_EDGE('',*,*,#4270,.T.);
#2435=ORIENTED_EDGE('',*,*,#4481,.T.);
#2436=ORIENTED_EDGE('',*,*,#4258,.T.);
#2437=ORIENTED_EDGE('',*,*,#4481,.F.);
#2438=ORIENTED_EDGE('',*,*,#4269,.T.);
#2439=ORIENTED_EDGE('',*,*,#4279,.T.);
#2440=ORIENTED_EDGE('',*,*,#4267,.T.);
#2441=ORIENTED_EDGE('',*,*,#4242,.T.);
#2442=ORIENTED_EDGE('',*,*,#4271,.T.);
#2443=ORIENTED_EDGE('',*,*,#4480,.T.);
#2444=ORIENTED_EDGE('',*,*,#4482,.F.);
#2445=ORIENTED_EDGE('',*,*,#4276,.T.);
#2446=ORIENTED_EDGE('',*,*,#4250,.T.);
#2447=ORIENTED_EDGE('',*,*,#4254,.T.);
#2448=ORIENTED_EDGE('',*,*,#4482,.T.);
#2449=ORIENTED_EDGE('',*,*,#4483,.F.);
#2450=ORIENTED_EDGE('',*,*,#4246,.T.);
#2451=ORIENTED_EDGE('',*,*,#4282,.T.);
#2452=ORIENTED_EDGE('',*,*,#4238,.T.);
#2453=ORIENTED_EDGE('',*,*,#4483,.T.);
#2454=ORIENTED_EDGE('',*,*,#4448,.T.);
#2455=ORIENTED_EDGE('',*,*,#4484,.F.);
#2456=ORIENTED_EDGE('',*,*,#4485,.F.);
#2457=ORIENTED_EDGE('',*,*,#4486,.T.);
#2458=ORIENTED_EDGE('',*,*,#4451,.T.);
#2459=ORIENTED_EDGE('',*,*,#4487,.F.);
#2460=ORIENTED_EDGE('',*,*,#4488,.F.);
#2461=ORIENTED_EDGE('',*,*,#4484,.T.);
#2462=ORIENTED_EDGE('',*,*,#4450,.T.);
#2463=ORIENTED_EDGE('',*,*,#4489,.F.);
#2464=ORIENTED_EDGE('',*,*,#4490,.F.);
#2465=ORIENTED_EDGE('',*,*,#4487,.T.);
#2466=ORIENTED_EDGE('',*,*,#4449,.T.);
#2467=ORIENTED_EDGE('',*,*,#4486,.F.);
#2468=ORIENTED_EDGE('',*,*,#4491,.F.);
#2469=ORIENTED_EDGE('',*,*,#4489,.T.);
#2470=ORIENTED_EDGE('',*,*,#4485,.T.);
#2471=ORIENTED_EDGE('',*,*,#4488,.T.);
#2472=ORIENTED_EDGE('',*,*,#4490,.T.);
#2473=ORIENTED_EDGE('',*,*,#4491,.T.);
#2474=ORIENTED_EDGE('',*,*,#4444,.T.);
#2475=ORIENTED_EDGE('',*,*,#4492,.F.);
#2476=ORIENTED_EDGE('',*,*,#4493,.F.);
#2477=ORIENTED_EDGE('',*,*,#4494,.T.);
#2478=ORIENTED_EDGE('',*,*,#4447,.T.);
#2479=ORIENTED_EDGE('',*,*,#4495,.F.);
#2480=ORIENTED_EDGE('',*,*,#4496,.F.);
#2481=ORIENTED_EDGE('',*,*,#4492,.T.);
#2482=ORIENTED_EDGE('',*,*,#4446,.T.);
#2483=ORIENTED_EDGE('',*,*,#4497,.F.);
#2484=ORIENTED_EDGE('',*,*,#4498,.F.);
#2485=ORIENTED_EDGE('',*,*,#4495,.T.);
#2486=ORIENTED_EDGE('',*,*,#4445,.T.);
#2487=ORIENTED_EDGE('',*,*,#4494,.F.);
#2488=ORIENTED_EDGE('',*,*,#4499,.F.);
#2489=ORIENTED_EDGE('',*,*,#4497,.T.);
#2490=ORIENTED_EDGE('',*,*,#4493,.T.);
#2491=ORIENTED_EDGE('',*,*,#4496,.T.);
#2492=ORIENTED_EDGE('',*,*,#4498,.T.);
#2493=ORIENTED_EDGE('',*,*,#4499,.T.);
#2494=ORIENTED_EDGE('',*,*,#4440,.T.);
#2495=ORIENTED_EDGE('',*,*,#4500,.F.);
#2496=ORIENTED_EDGE('',*,*,#4501,.F.);
#2497=ORIENTED_EDGE('',*,*,#4502,.T.);
#2498=ORIENTED_EDGE('',*,*,#4443,.T.);
#2499=ORIENTED_EDGE('',*,*,#4503,.F.);
#2500=ORIENTED_EDGE('',*,*,#4504,.F.);
#2501=ORIENTED_EDGE('',*,*,#4500,.T.);
#2502=ORIENTED_EDGE('',*,*,#4442,.T.);
#2503=ORIENTED_EDGE('',*,*,#4505,.F.);
#2504=ORIENTED_EDGE('',*,*,#4506,.F.);
#2505=ORIENTED_EDGE('',*,*,#4503,.T.);
#2506=ORIENTED_EDGE('',*,*,#4441,.T.);
#2507=ORIENTED_EDGE('',*,*,#4502,.F.);
#2508=ORIENTED_EDGE('',*,*,#4507,.F.);
#2509=ORIENTED_EDGE('',*,*,#4505,.T.);
#2510=ORIENTED_EDGE('',*,*,#4501,.T.);
#2511=ORIENTED_EDGE('',*,*,#4504,.T.);
#2512=ORIENTED_EDGE('',*,*,#4506,.T.);
#2513=ORIENTED_EDGE('',*,*,#4507,.T.);
#2514=ORIENTED_EDGE('',*,*,#4436,.T.);
#2515=ORIENTED_EDGE('',*,*,#4508,.F.);
#2516=ORIENTED_EDGE('',*,*,#4509,.F.);
#2517=ORIENTED_EDGE('',*,*,#4510,.T.);
#2518=ORIENTED_EDGE('',*,*,#4439,.T.);
#2519=ORIENTED_EDGE('',*,*,#4511,.F.);
#2520=ORIENTED_EDGE('',*,*,#4512,.F.);
#2521=ORIENTED_EDGE('',*,*,#4508,.T.);
#2522=ORIENTED_EDGE('',*,*,#4438,.T.);
#2523=ORIENTED_EDGE('',*,*,#4513,.F.);
#2524=ORIENTED_EDGE('',*,*,#4514,.F.);
#2525=ORIENTED_EDGE('',*,*,#4511,.T.);
#2526=ORIENTED_EDGE('',*,*,#4437,.T.);
#2527=ORIENTED_EDGE('',*,*,#4510,.F.);
#2528=ORIENTED_EDGE('',*,*,#4515,.F.);
#2529=ORIENTED_EDGE('',*,*,#4513,.T.);
#2530=ORIENTED_EDGE('',*,*,#4509,.T.);
#2531=ORIENTED_EDGE('',*,*,#4512,.T.);
#2532=ORIENTED_EDGE('',*,*,#4514,.T.);
#2533=ORIENTED_EDGE('',*,*,#4515,.T.);
#2534=ORIENTED_EDGE('',*,*,#4432,.T.);
#2535=ORIENTED_EDGE('',*,*,#4516,.F.);
#2536=ORIENTED_EDGE('',*,*,#4517,.F.);
#2537=ORIENTED_EDGE('',*,*,#4518,.T.);
#2538=ORIENTED_EDGE('',*,*,#4435,.T.);
#2539=ORIENTED_EDGE('',*,*,#4519,.F.);
#2540=ORIENTED_EDGE('',*,*,#4520,.F.);
#2541=ORIENTED_EDGE('',*,*,#4516,.T.);
#2542=ORIENTED_EDGE('',*,*,#4434,.T.);
#2543=ORIENTED_EDGE('',*,*,#4521,.F.);
#2544=ORIENTED_EDGE('',*,*,#4522,.F.);
#2545=ORIENTED_EDGE('',*,*,#4519,.T.);
#2546=ORIENTED_EDGE('',*,*,#4433,.T.);
#2547=ORIENTED_EDGE('',*,*,#4518,.F.);
#2548=ORIENTED_EDGE('',*,*,#4523,.F.);
#2549=ORIENTED_EDGE('',*,*,#4521,.T.);
#2550=ORIENTED_EDGE('',*,*,#4517,.T.);
#2551=ORIENTED_EDGE('',*,*,#4520,.T.);
#2552=ORIENTED_EDGE('',*,*,#4522,.T.);
#2553=ORIENTED_EDGE('',*,*,#4523,.T.);
#2554=ORIENTED_EDGE('',*,*,#4428,.T.);
#2555=ORIENTED_EDGE('',*,*,#4524,.F.);
#2556=ORIENTED_EDGE('',*,*,#4525,.F.);
#2557=ORIENTED_EDGE('',*,*,#4526,.T.);
#2558=ORIENTED_EDGE('',*,*,#4431,.T.);
#2559=ORIENTED_EDGE('',*,*,#4527,.F.);
#2560=ORIENTED_EDGE('',*,*,#4528,.F.);
#2561=ORIENTED_EDGE('',*,*,#4524,.T.);
#2562=ORIENTED_EDGE('',*,*,#4430,.T.);
#2563=ORIENTED_EDGE('',*,*,#4529,.F.);
#2564=ORIENTED_EDGE('',*,*,#4530,.F.);
#2565=ORIENTED_EDGE('',*,*,#4527,.T.);
#2566=ORIENTED_EDGE('',*,*,#4429,.T.);
#2567=ORIENTED_EDGE('',*,*,#4526,.F.);
#2568=ORIENTED_EDGE('',*,*,#4531,.F.);
#2569=ORIENTED_EDGE('',*,*,#4529,.T.);
#2570=ORIENTED_EDGE('',*,*,#4525,.T.);
#2571=ORIENTED_EDGE('',*,*,#4528,.T.);
#2572=ORIENTED_EDGE('',*,*,#4530,.T.);
#2573=ORIENTED_EDGE('',*,*,#4531,.T.);
#2574=ORIENTED_EDGE('',*,*,#4424,.T.);
#2575=ORIENTED_EDGE('',*,*,#4532,.F.);
#2576=ORIENTED_EDGE('',*,*,#4533,.F.);
#2577=ORIENTED_EDGE('',*,*,#4534,.T.);
#2578=ORIENTED_EDGE('',*,*,#4427,.T.);
#2579=ORIENTED_EDGE('',*,*,#4535,.F.);
#2580=ORIENTED_EDGE('',*,*,#4536,.F.);
#2581=ORIENTED_EDGE('',*,*,#4532,.T.);
#2582=ORIENTED_EDGE('',*,*,#4426,.T.);
#2583=ORIENTED_EDGE('',*,*,#4537,.F.);
#2584=ORIENTED_EDGE('',*,*,#4538,.F.);
#2585=ORIENTED_EDGE('',*,*,#4535,.T.);
#2586=ORIENTED_EDGE('',*,*,#4425,.T.);
#2587=ORIENTED_EDGE('',*,*,#4534,.F.);
#2588=ORIENTED_EDGE('',*,*,#4539,.F.);
#2589=ORIENTED_EDGE('',*,*,#4537,.T.);
#2590=ORIENTED_EDGE('',*,*,#4533,.T.);
#2591=ORIENTED_EDGE('',*,*,#4536,.T.);
#2592=ORIENTED_EDGE('',*,*,#4538,.T.);
#2593=ORIENTED_EDGE('',*,*,#4539,.T.);
#2594=ORIENTED_EDGE('',*,*,#4420,.T.);
#2595=ORIENTED_EDGE('',*,*,#4540,.F.);
#2596=ORIENTED_EDGE('',*,*,#4541,.F.);
#2597=ORIENTED_EDGE('',*,*,#4542,.T.);
#2598=ORIENTED_EDGE('',*,*,#4423,.T.);
#2599=ORIENTED_EDGE('',*,*,#4543,.F.);
#2600=ORIENTED_EDGE('',*,*,#4544,.F.);
#2601=ORIENTED_EDGE('',*,*,#4540,.T.);
#2602=ORIENTED_EDGE('',*,*,#4422,.T.);
#2603=ORIENTED_EDGE('',*,*,#4545,.F.);
#2604=ORIENTED_EDGE('',*,*,#4546,.F.);
#2605=ORIENTED_EDGE('',*,*,#4543,.T.);
#2606=ORIENTED_EDGE('',*,*,#4421,.T.);
#2607=ORIENTED_EDGE('',*,*,#4542,.F.);
#2608=ORIENTED_EDGE('',*,*,#4547,.F.);
#2609=ORIENTED_EDGE('',*,*,#4545,.T.);
#2610=ORIENTED_EDGE('',*,*,#4541,.T.);
#2611=ORIENTED_EDGE('',*,*,#4544,.T.);
#2612=ORIENTED_EDGE('',*,*,#4546,.T.);
#2613=ORIENTED_EDGE('',*,*,#4547,.T.);
#2614=ORIENTED_EDGE('',*,*,#4416,.T.);
#2615=ORIENTED_EDGE('',*,*,#4548,.F.);
#2616=ORIENTED_EDGE('',*,*,#4549,.F.);
#2617=ORIENTED_EDGE('',*,*,#4550,.T.);
#2618=ORIENTED_EDGE('',*,*,#4419,.T.);
#2619=ORIENTED_EDGE('',*,*,#4551,.F.);
#2620=ORIENTED_EDGE('',*,*,#4552,.F.);
#2621=ORIENTED_EDGE('',*,*,#4548,.T.);
#2622=ORIENTED_EDGE('',*,*,#4418,.T.);
#2623=ORIENTED_EDGE('',*,*,#4553,.F.);
#2624=ORIENTED_EDGE('',*,*,#4554,.F.);
#2625=ORIENTED_EDGE('',*,*,#4551,.T.);
#2626=ORIENTED_EDGE('',*,*,#4417,.T.);
#2627=ORIENTED_EDGE('',*,*,#4550,.F.);
#2628=ORIENTED_EDGE('',*,*,#4555,.F.);
#2629=ORIENTED_EDGE('',*,*,#4553,.T.);
#2630=ORIENTED_EDGE('',*,*,#4549,.T.);
#2631=ORIENTED_EDGE('',*,*,#4552,.T.);
#2632=ORIENTED_EDGE('',*,*,#4554,.T.);
#2633=ORIENTED_EDGE('',*,*,#4555,.T.);
#2634=ORIENTED_EDGE('',*,*,#4412,.T.);
#2635=ORIENTED_EDGE('',*,*,#4556,.F.);
#2636=ORIENTED_EDGE('',*,*,#4557,.F.);
#2637=ORIENTED_EDGE('',*,*,#4558,.T.);
#2638=ORIENTED_EDGE('',*,*,#4415,.T.);
#2639=ORIENTED_EDGE('',*,*,#4559,.F.);
#2640=ORIENTED_EDGE('',*,*,#4560,.F.);
#2641=ORIENTED_EDGE('',*,*,#4556,.T.);
#2642=ORIENTED_EDGE('',*,*,#4414,.T.);
#2643=ORIENTED_EDGE('',*,*,#4561,.F.);
#2644=ORIENTED_EDGE('',*,*,#4562,.F.);
#2645=ORIENTED_EDGE('',*,*,#4559,.T.);
#2646=ORIENTED_EDGE('',*,*,#4413,.T.);
#2647=ORIENTED_EDGE('',*,*,#4558,.F.);
#2648=ORIENTED_EDGE('',*,*,#4563,.F.);
#2649=ORIENTED_EDGE('',*,*,#4561,.T.);
#2650=ORIENTED_EDGE('',*,*,#4557,.T.);
#2651=ORIENTED_EDGE('',*,*,#4560,.T.);
#2652=ORIENTED_EDGE('',*,*,#4562,.T.);
#2653=ORIENTED_EDGE('',*,*,#4563,.T.);
#2654=ORIENTED_EDGE('',*,*,#4408,.T.);
#2655=ORIENTED_EDGE('',*,*,#4564,.F.);
#2656=ORIENTED_EDGE('',*,*,#4565,.F.);
#2657=ORIENTED_EDGE('',*,*,#4566,.T.);
#2658=ORIENTED_EDGE('',*,*,#4411,.T.);
#2659=ORIENTED_EDGE('',*,*,#4567,.F.);
#2660=ORIENTED_EDGE('',*,*,#4568,.F.);
#2661=ORIENTED_EDGE('',*,*,#4564,.T.);
#2662=ORIENTED_EDGE('',*,*,#4410,.T.);
#2663=ORIENTED_EDGE('',*,*,#4569,.F.);
#2664=ORIENTED_EDGE('',*,*,#4570,.F.);
#2665=ORIENTED_EDGE('',*,*,#4567,.T.);
#2666=ORIENTED_EDGE('',*,*,#4409,.T.);
#2667=ORIENTED_EDGE('',*,*,#4566,.F.);
#2668=ORIENTED_EDGE('',*,*,#4571,.F.);
#2669=ORIENTED_EDGE('',*,*,#4569,.T.);
#2670=ORIENTED_EDGE('',*,*,#4565,.T.);
#2671=ORIENTED_EDGE('',*,*,#4568,.T.);
#2672=ORIENTED_EDGE('',*,*,#4570,.T.);
#2673=ORIENTED_EDGE('',*,*,#4571,.T.);
#2674=ORIENTED_EDGE('',*,*,#4404,.T.);
#2675=ORIENTED_EDGE('',*,*,#4572,.F.);
#2676=ORIENTED_EDGE('',*,*,#4573,.F.);
#2677=ORIENTED_EDGE('',*,*,#4574,.T.);
#2678=ORIENTED_EDGE('',*,*,#4407,.T.);
#2679=ORIENTED_EDGE('',*,*,#4575,.F.);
#2680=ORIENTED_EDGE('',*,*,#4576,.F.);
#2681=ORIENTED_EDGE('',*,*,#4572,.T.);
#2682=ORIENTED_EDGE('',*,*,#4406,.T.);
#2683=ORIENTED_EDGE('',*,*,#4577,.F.);
#2684=ORIENTED_EDGE('',*,*,#4578,.F.);
#2685=ORIENTED_EDGE('',*,*,#4575,.T.);
#2686=ORIENTED_EDGE('',*,*,#4405,.T.);
#2687=ORIENTED_EDGE('',*,*,#4574,.F.);
#2688=ORIENTED_EDGE('',*,*,#4579,.F.);
#2689=ORIENTED_EDGE('',*,*,#4577,.T.);
#2690=ORIENTED_EDGE('',*,*,#4573,.T.);
#2691=ORIENTED_EDGE('',*,*,#4576,.T.);
#2692=ORIENTED_EDGE('',*,*,#4578,.T.);
#2693=ORIENTED_EDGE('',*,*,#4579,.T.);
#2694=ORIENTED_EDGE('',*,*,#4400,.T.);
#2695=ORIENTED_EDGE('',*,*,#4580,.F.);
#2696=ORIENTED_EDGE('',*,*,#4581,.F.);
#2697=ORIENTED_EDGE('',*,*,#4582,.T.);
#2698=ORIENTED_EDGE('',*,*,#4403,.T.);
#2699=ORIENTED_EDGE('',*,*,#4583,.F.);
#2700=ORIENTED_EDGE('',*,*,#4584,.F.);
#2701=ORIENTED_EDGE('',*,*,#4580,.T.);
#2702=ORIENTED_EDGE('',*,*,#4402,.T.);
#2703=ORIENTED_EDGE('',*,*,#4585,.F.);
#2704=ORIENTED_EDGE('',*,*,#4586,.F.);
#2705=ORIENTED_EDGE('',*,*,#4583,.T.);
#2706=ORIENTED_EDGE('',*,*,#4401,.T.);
#2707=ORIENTED_EDGE('',*,*,#4582,.F.);
#2708=ORIENTED_EDGE('',*,*,#4587,.F.);
#2709=ORIENTED_EDGE('',*,*,#4585,.T.);
#2710=ORIENTED_EDGE('',*,*,#4581,.T.);
#2711=ORIENTED_EDGE('',*,*,#4584,.T.);
#2712=ORIENTED_EDGE('',*,*,#4586,.T.);
#2713=ORIENTED_EDGE('',*,*,#4587,.T.);
#2714=ORIENTED_EDGE('',*,*,#4396,.T.);
#2715=ORIENTED_EDGE('',*,*,#4588,.F.);
#2716=ORIENTED_EDGE('',*,*,#4589,.F.);
#2717=ORIENTED_EDGE('',*,*,#4590,.T.);
#2718=ORIENTED_EDGE('',*,*,#4399,.T.);
#2719=ORIENTED_EDGE('',*,*,#4591,.F.);
#2720=ORIENTED_EDGE('',*,*,#4592,.F.);
#2721=ORIENTED_EDGE('',*,*,#4588,.T.);
#2722=ORIENTED_EDGE('',*,*,#4398,.T.);
#2723=ORIENTED_EDGE('',*,*,#4593,.F.);
#2724=ORIENTED_EDGE('',*,*,#4594,.F.);
#2725=ORIENTED_EDGE('',*,*,#4591,.T.);
#2726=ORIENTED_EDGE('',*,*,#4397,.T.);
#2727=ORIENTED_EDGE('',*,*,#4590,.F.);
#2728=ORIENTED_EDGE('',*,*,#4595,.F.);
#2729=ORIENTED_EDGE('',*,*,#4593,.T.);
#2730=ORIENTED_EDGE('',*,*,#4589,.T.);
#2731=ORIENTED_EDGE('',*,*,#4592,.T.);
#2732=ORIENTED_EDGE('',*,*,#4594,.T.);
#2733=ORIENTED_EDGE('',*,*,#4595,.T.);
#2734=ORIENTED_EDGE('',*,*,#4392,.T.);
#2735=ORIENTED_EDGE('',*,*,#4596,.F.);
#2736=ORIENTED_EDGE('',*,*,#4597,.F.);
#2737=ORIENTED_EDGE('',*,*,#4598,.T.);
#2738=ORIENTED_EDGE('',*,*,#4395,.T.);
#2739=ORIENTED_EDGE('',*,*,#4599,.F.);
#2740=ORIENTED_EDGE('',*,*,#4600,.F.);
#2741=ORIENTED_EDGE('',*,*,#4596,.T.);
#2742=ORIENTED_EDGE('',*,*,#4394,.T.);
#2743=ORIENTED_EDGE('',*,*,#4601,.F.);
#2744=ORIENTED_EDGE('',*,*,#4602,.F.);
#2745=ORIENTED_EDGE('',*,*,#4599,.T.);
#2746=ORIENTED_EDGE('',*,*,#4393,.T.);
#2747=ORIENTED_EDGE('',*,*,#4598,.F.);
#2748=ORIENTED_EDGE('',*,*,#4603,.F.);
#2749=ORIENTED_EDGE('',*,*,#4601,.T.);
#2750=ORIENTED_EDGE('',*,*,#4597,.T.);
#2751=ORIENTED_EDGE('',*,*,#4600,.T.);
#2752=ORIENTED_EDGE('',*,*,#4602,.T.);
#2753=ORIENTED_EDGE('',*,*,#4603,.T.);
#2754=ORIENTED_EDGE('',*,*,#4388,.T.);
#2755=ORIENTED_EDGE('',*,*,#4604,.F.);
#2756=ORIENTED_EDGE('',*,*,#4605,.F.);
#2757=ORIENTED_EDGE('',*,*,#4606,.T.);
#2758=ORIENTED_EDGE('',*,*,#4391,.T.);
#2759=ORIENTED_EDGE('',*,*,#4607,.F.);
#2760=ORIENTED_EDGE('',*,*,#4608,.F.);
#2761=ORIENTED_EDGE('',*,*,#4604,.T.);
#2762=ORIENTED_EDGE('',*,*,#4390,.T.);
#2763=ORIENTED_EDGE('',*,*,#4609,.F.);
#2764=ORIENTED_EDGE('',*,*,#4610,.F.);
#2765=ORIENTED_EDGE('',*,*,#4607,.T.);
#2766=ORIENTED_EDGE('',*,*,#4389,.T.);
#2767=ORIENTED_EDGE('',*,*,#4606,.F.);
#2768=ORIENTED_EDGE('',*,*,#4611,.F.);
#2769=ORIENTED_EDGE('',*,*,#4609,.T.);
#2770=ORIENTED_EDGE('',*,*,#4605,.T.);
#2771=ORIENTED_EDGE('',*,*,#4608,.T.);
#2772=ORIENTED_EDGE('',*,*,#4610,.T.);
#2773=ORIENTED_EDGE('',*,*,#4611,.T.);
#2774=ORIENTED_EDGE('',*,*,#4384,.T.);
#2775=ORIENTED_EDGE('',*,*,#4612,.F.);
#2776=ORIENTED_EDGE('',*,*,#4613,.F.);
#2777=ORIENTED_EDGE('',*,*,#4614,.T.);
#2778=ORIENTED_EDGE('',*,*,#4387,.T.);
#2779=ORIENTED_EDGE('',*,*,#4615,.F.);
#2780=ORIENTED_EDGE('',*,*,#4616,.F.);
#2781=ORIENTED_EDGE('',*,*,#4612,.T.);
#2782=ORIENTED_EDGE('',*,*,#4386,.T.);
#2783=ORIENTED_EDGE('',*,*,#4617,.F.);
#2784=ORIENTED_EDGE('',*,*,#4618,.F.);
#2785=ORIENTED_EDGE('',*,*,#4615,.T.);
#2786=ORIENTED_EDGE('',*,*,#4385,.T.);
#2787=ORIENTED_EDGE('',*,*,#4614,.F.);
#2788=ORIENTED_EDGE('',*,*,#4619,.F.);
#2789=ORIENTED_EDGE('',*,*,#4617,.T.);
#2790=ORIENTED_EDGE('',*,*,#4613,.T.);
#2791=ORIENTED_EDGE('',*,*,#4616,.T.);
#2792=ORIENTED_EDGE('',*,*,#4618,.T.);
#2793=ORIENTED_EDGE('',*,*,#4619,.T.);
#2794=ORIENTED_EDGE('',*,*,#4380,.T.);
#2795=ORIENTED_EDGE('',*,*,#4620,.F.);
#2796=ORIENTED_EDGE('',*,*,#4621,.F.);
#2797=ORIENTED_EDGE('',*,*,#4622,.T.);
#2798=ORIENTED_EDGE('',*,*,#4383,.T.);
#2799=ORIENTED_EDGE('',*,*,#4623,.F.);
#2800=ORIENTED_EDGE('',*,*,#4624,.F.);
#2801=ORIENTED_EDGE('',*,*,#4620,.T.);
#2802=ORIENTED_EDGE('',*,*,#4382,.T.);
#2803=ORIENTED_EDGE('',*,*,#4625,.F.);
#2804=ORIENTED_EDGE('',*,*,#4626,.F.);
#2805=ORIENTED_EDGE('',*,*,#4623,.T.);
#2806=ORIENTED_EDGE('',*,*,#4381,.T.);
#2807=ORIENTED_EDGE('',*,*,#4622,.F.);
#2808=ORIENTED_EDGE('',*,*,#4627,.F.);
#2809=ORIENTED_EDGE('',*,*,#4625,.T.);
#2810=ORIENTED_EDGE('',*,*,#4621,.T.);
#2811=ORIENTED_EDGE('',*,*,#4624,.T.);
#2812=ORIENTED_EDGE('',*,*,#4626,.T.);
#2813=ORIENTED_EDGE('',*,*,#4627,.T.);
#2814=ORIENTED_EDGE('',*,*,#4376,.T.);
#2815=ORIENTED_EDGE('',*,*,#4628,.F.);
#2816=ORIENTED_EDGE('',*,*,#4629,.F.);
#2817=ORIENTED_EDGE('',*,*,#4630,.T.);
#2818=ORIENTED_EDGE('',*,*,#4379,.T.);
#2819=ORIENTED_EDGE('',*,*,#4631,.F.);
#2820=ORIENTED_EDGE('',*,*,#4632,.F.);
#2821=ORIENTED_EDGE('',*,*,#4628,.T.);
#2822=ORIENTED_EDGE('',*,*,#4378,.T.);
#2823=ORIENTED_EDGE('',*,*,#4633,.F.);
#2824=ORIENTED_EDGE('',*,*,#4634,.F.);
#2825=ORIENTED_EDGE('',*,*,#4631,.T.);
#2826=ORIENTED_EDGE('',*,*,#4377,.T.);
#2827=ORIENTED_EDGE('',*,*,#4630,.F.);
#2828=ORIENTED_EDGE('',*,*,#4635,.F.);
#2829=ORIENTED_EDGE('',*,*,#4633,.T.);
#2830=ORIENTED_EDGE('',*,*,#4629,.T.);
#2831=ORIENTED_EDGE('',*,*,#4632,.T.);
#2832=ORIENTED_EDGE('',*,*,#4634,.T.);
#2833=ORIENTED_EDGE('',*,*,#4635,.T.);
#2834=ORIENTED_EDGE('',*,*,#4372,.T.);
#2835=ORIENTED_EDGE('',*,*,#4636,.F.);
#2836=ORIENTED_EDGE('',*,*,#4637,.F.);
#2837=ORIENTED_EDGE('',*,*,#4638,.T.);
#2838=ORIENTED_EDGE('',*,*,#4375,.T.);
#2839=ORIENTED_EDGE('',*,*,#4639,.F.);
#2840=ORIENTED_EDGE('',*,*,#4640,.F.);
#2841=ORIENTED_EDGE('',*,*,#4636,.T.);
#2842=ORIENTED_EDGE('',*,*,#4374,.T.);
#2843=ORIENTED_EDGE('',*,*,#4641,.F.);
#2844=ORIENTED_EDGE('',*,*,#4642,.F.);
#2845=ORIENTED_EDGE('',*,*,#4639,.T.);
#2846=ORIENTED_EDGE('',*,*,#4373,.T.);
#2847=ORIENTED_EDGE('',*,*,#4638,.F.);
#2848=ORIENTED_EDGE('',*,*,#4643,.F.);
#2849=ORIENTED_EDGE('',*,*,#4641,.T.);
#2850=ORIENTED_EDGE('',*,*,#4637,.T.);
#2851=ORIENTED_EDGE('',*,*,#4640,.T.);
#2852=ORIENTED_EDGE('',*,*,#4642,.T.);
#2853=ORIENTED_EDGE('',*,*,#4643,.T.);
#2854=ORIENTED_EDGE('',*,*,#4368,.T.);
#2855=ORIENTED_EDGE('',*,*,#4644,.F.);
#2856=ORIENTED_EDGE('',*,*,#4645,.F.);
#2857=ORIENTED_EDGE('',*,*,#4646,.T.);
#2858=ORIENTED_EDGE('',*,*,#4371,.T.);
#2859=ORIENTED_EDGE('',*,*,#4647,.F.);
#2860=ORIENTED_EDGE('',*,*,#4648,.F.);
#2861=ORIENTED_EDGE('',*,*,#4644,.T.);
#2862=ORIENTED_EDGE('',*,*,#4370,.T.);
#2863=ORIENTED_EDGE('',*,*,#4649,.F.);
#2864=ORIENTED_EDGE('',*,*,#4650,.F.);
#2865=ORIENTED_EDGE('',*,*,#4647,.T.);
#2866=ORIENTED_EDGE('',*,*,#4369,.T.);
#2867=ORIENTED_EDGE('',*,*,#4646,.F.);
#2868=ORIENTED_EDGE('',*,*,#4651,.F.);
#2869=ORIENTED_EDGE('',*,*,#4649,.T.);
#2870=ORIENTED_EDGE('',*,*,#4645,.T.);
#2871=ORIENTED_EDGE('',*,*,#4648,.T.);
#2872=ORIENTED_EDGE('',*,*,#4650,.T.);
#2873=ORIENTED_EDGE('',*,*,#4651,.T.);
#2874=ORIENTED_EDGE('',*,*,#4364,.T.);
#2875=ORIENTED_EDGE('',*,*,#4652,.F.);
#2876=ORIENTED_EDGE('',*,*,#4653,.F.);
#2877=ORIENTED_EDGE('',*,*,#4654,.T.);
#2878=ORIENTED_EDGE('',*,*,#4367,.T.);
#2879=ORIENTED_EDGE('',*,*,#4655,.F.);
#2880=ORIENTED_EDGE('',*,*,#4656,.F.);
#2881=ORIENTED_EDGE('',*,*,#4652,.T.);
#2882=ORIENTED_EDGE('',*,*,#4366,.T.);
#2883=ORIENTED_EDGE('',*,*,#4657,.F.);
#2884=ORIENTED_EDGE('',*,*,#4658,.F.);
#2885=ORIENTED_EDGE('',*,*,#4655,.T.);
#2886=ORIENTED_EDGE('',*,*,#4365,.T.);
#2887=ORIENTED_EDGE('',*,*,#4654,.F.);
#2888=ORIENTED_EDGE('',*,*,#4659,.F.);
#2889=ORIENTED_EDGE('',*,*,#4657,.T.);
#2890=ORIENTED_EDGE('',*,*,#4653,.T.);
#2891=ORIENTED_EDGE('',*,*,#4656,.T.);
#2892=ORIENTED_EDGE('',*,*,#4658,.T.);
#2893=ORIENTED_EDGE('',*,*,#4659,.T.);
#2894=ORIENTED_EDGE('',*,*,#4360,.T.);
#2895=ORIENTED_EDGE('',*,*,#4660,.F.);
#2896=ORIENTED_EDGE('',*,*,#4661,.F.);
#2897=ORIENTED_EDGE('',*,*,#4662,.T.);
#2898=ORIENTED_EDGE('',*,*,#4363,.T.);
#2899=ORIENTED_EDGE('',*,*,#4663,.F.);
#2900=ORIENTED_EDGE('',*,*,#4664,.F.);
#2901=ORIENTED_EDGE('',*,*,#4660,.T.);
#2902=ORIENTED_EDGE('',*,*,#4362,.T.);
#2903=ORIENTED_EDGE('',*,*,#4665,.F.);
#2904=ORIENTED_EDGE('',*,*,#4666,.F.);
#2905=ORIENTED_EDGE('',*,*,#4663,.T.);
#2906=ORIENTED_EDGE('',*,*,#4361,.T.);
#2907=ORIENTED_EDGE('',*,*,#4662,.F.);
#2908=ORIENTED_EDGE('',*,*,#4667,.F.);
#2909=ORIENTED_EDGE('',*,*,#4665,.T.);
#2910=ORIENTED_EDGE('',*,*,#4661,.T.);
#2911=ORIENTED_EDGE('',*,*,#4664,.T.);
#2912=ORIENTED_EDGE('',*,*,#4666,.T.);
#2913=ORIENTED_EDGE('',*,*,#4667,.T.);
#2914=ORIENTED_EDGE('',*,*,#4356,.T.);
#2915=ORIENTED_EDGE('',*,*,#4668,.F.);
#2916=ORIENTED_EDGE('',*,*,#4669,.F.);
#2917=ORIENTED_EDGE('',*,*,#4670,.T.);
#2918=ORIENTED_EDGE('',*,*,#4359,.T.);
#2919=ORIENTED_EDGE('',*,*,#4671,.F.);
#2920=ORIENTED_EDGE('',*,*,#4672,.F.);
#2921=ORIENTED_EDGE('',*,*,#4668,.T.);
#2922=ORIENTED_EDGE('',*,*,#4358,.T.);
#2923=ORIENTED_EDGE('',*,*,#4673,.F.);
#2924=ORIENTED_EDGE('',*,*,#4674,.F.);
#2925=ORIENTED_EDGE('',*,*,#4671,.T.);
#2926=ORIENTED_EDGE('',*,*,#4357,.T.);
#2927=ORIENTED_EDGE('',*,*,#4670,.F.);
#2928=ORIENTED_EDGE('',*,*,#4675,.F.);
#2929=ORIENTED_EDGE('',*,*,#4673,.T.);
#2930=ORIENTED_EDGE('',*,*,#4669,.T.);
#2931=ORIENTED_EDGE('',*,*,#4672,.T.);
#2932=ORIENTED_EDGE('',*,*,#4674,.T.);
#2933=ORIENTED_EDGE('',*,*,#4675,.T.);
#2934=ORIENTED_EDGE('',*,*,#4352,.T.);
#2935=ORIENTED_EDGE('',*,*,#4676,.F.);
#2936=ORIENTED_EDGE('',*,*,#4677,.F.);
#2937=ORIENTED_EDGE('',*,*,#4678,.T.);
#2938=ORIENTED_EDGE('',*,*,#4355,.T.);
#2939=ORIENTED_EDGE('',*,*,#4679,.F.);
#2940=ORIENTED_EDGE('',*,*,#4680,.F.);
#2941=ORIENTED_EDGE('',*,*,#4676,.T.);
#2942=ORIENTED_EDGE('',*,*,#4354,.T.);
#2943=ORIENTED_EDGE('',*,*,#4681,.F.);
#2944=ORIENTED_EDGE('',*,*,#4682,.F.);
#2945=ORIENTED_EDGE('',*,*,#4679,.T.);
#2946=ORIENTED_EDGE('',*,*,#4353,.T.);
#2947=ORIENTED_EDGE('',*,*,#4678,.F.);
#2948=ORIENTED_EDGE('',*,*,#4683,.F.);
#2949=ORIENTED_EDGE('',*,*,#4681,.T.);
#2950=ORIENTED_EDGE('',*,*,#4677,.T.);
#2951=ORIENTED_EDGE('',*,*,#4680,.T.);
#2952=ORIENTED_EDGE('',*,*,#4682,.T.);
#2953=ORIENTED_EDGE('',*,*,#4683,.T.);
#2954=ORIENTED_EDGE('',*,*,#4348,.T.);
#2955=ORIENTED_EDGE('',*,*,#4684,.F.);
#2956=ORIENTED_EDGE('',*,*,#4685,.F.);
#2957=ORIENTED_EDGE('',*,*,#4686,.T.);
#2958=ORIENTED_EDGE('',*,*,#4351,.T.);
#2959=ORIENTED_EDGE('',*,*,#4687,.F.);
#2960=ORIENTED_EDGE('',*,*,#4688,.F.);
#2961=ORIENTED_EDGE('',*,*,#4684,.T.);
#2962=ORIENTED_EDGE('',*,*,#4350,.T.);
#2963=ORIENTED_EDGE('',*,*,#4689,.F.);
#2964=ORIENTED_EDGE('',*,*,#4690,.F.);
#2965=ORIENTED_EDGE('',*,*,#4687,.T.);
#2966=ORIENTED_EDGE('',*,*,#4349,.T.);
#2967=ORIENTED_EDGE('',*,*,#4686,.F.);
#2968=ORIENTED_EDGE('',*,*,#4691,.F.);
#2969=ORIENTED_EDGE('',*,*,#4689,.T.);
#2970=ORIENTED_EDGE('',*,*,#4685,.T.);
#2971=ORIENTED_EDGE('',*,*,#4688,.T.);
#2972=ORIENTED_EDGE('',*,*,#4690,.T.);
#2973=ORIENTED_EDGE('',*,*,#4691,.T.);
#2974=ORIENTED_EDGE('',*,*,#4344,.T.);
#2975=ORIENTED_EDGE('',*,*,#4692,.F.);
#2976=ORIENTED_EDGE('',*,*,#4693,.F.);
#2977=ORIENTED_EDGE('',*,*,#4694,.T.);
#2978=ORIENTED_EDGE('',*,*,#4347,.T.);
#2979=ORIENTED_EDGE('',*,*,#4695,.F.);
#2980=ORIENTED_EDGE('',*,*,#4696,.F.);
#2981=ORIENTED_EDGE('',*,*,#4692,.T.);
#2982=ORIENTED_EDGE('',*,*,#4346,.T.);
#2983=ORIENTED_EDGE('',*,*,#4697,.F.);
#2984=ORIENTED_EDGE('',*,*,#4698,.F.);
#2985=ORIENTED_EDGE('',*,*,#4695,.T.);
#2986=ORIENTED_EDGE('',*,*,#4345,.T.);
#2987=ORIENTED_EDGE('',*,*,#4694,.F.);
#2988=ORIENTED_EDGE('',*,*,#4699,.F.);
#2989=ORIENTED_EDGE('',*,*,#4697,.T.);
#2990=ORIENTED_EDGE('',*,*,#4693,.T.);
#2991=ORIENTED_EDGE('',*,*,#4696,.T.);
#2992=ORIENTED_EDGE('',*,*,#4698,.T.);
#2993=ORIENTED_EDGE('',*,*,#4699,.T.);
#2994=ORIENTED_EDGE('',*,*,#4340,.T.);
#2995=ORIENTED_EDGE('',*,*,#4700,.F.);
#2996=ORIENTED_EDGE('',*,*,#4701,.F.);
#2997=ORIENTED_EDGE('',*,*,#4702,.T.);
#2998=ORIENTED_EDGE('',*,*,#4343,.T.);
#2999=ORIENTED_EDGE('',*,*,#4703,.F.);
#3000=ORIENTED_EDGE('',*,*,#4704,.F.);
#3001=ORIENTED_EDGE('',*,*,#4700,.T.);
#3002=ORIENTED_EDGE('',*,*,#4342,.T.);
#3003=ORIENTED_EDGE('',*,*,#4705,.F.);
#3004=ORIENTED_EDGE('',*,*,#4706,.F.);
#3005=ORIENTED_EDGE('',*,*,#4703,.T.);
#3006=ORIENTED_EDGE('',*,*,#4341,.T.);
#3007=ORIENTED_EDGE('',*,*,#4702,.F.);
#3008=ORIENTED_EDGE('',*,*,#4707,.F.);
#3009=ORIENTED_EDGE('',*,*,#4705,.T.);
#3010=ORIENTED_EDGE('',*,*,#4701,.T.);
#3011=ORIENTED_EDGE('',*,*,#4704,.T.);
#3012=ORIENTED_EDGE('',*,*,#4706,.T.);
#3013=ORIENTED_EDGE('',*,*,#4707,.T.);
#3014=ORIENTED_EDGE('',*,*,#4336,.T.);
#3015=ORIENTED_EDGE('',*,*,#4708,.F.);
#3016=ORIENTED_EDGE('',*,*,#4709,.F.);
#3017=ORIENTED_EDGE('',*,*,#4710,.T.);
#3018=ORIENTED_EDGE('',*,*,#4339,.T.);
#3019=ORIENTED_EDGE('',*,*,#4711,.F.);
#3020=ORIENTED_EDGE('',*,*,#4712,.F.);
#3021=ORIENTED_EDGE('',*,*,#4708,.T.);
#3022=ORIENTED_EDGE('',*,*,#4338,.T.);
#3023=ORIENTED_EDGE('',*,*,#4713,.F.);
#3024=ORIENTED_EDGE('',*,*,#4714,.F.);
#3025=ORIENTED_EDGE('',*,*,#4711,.T.);
#3026=ORIENTED_EDGE('',*,*,#4337,.T.);
#3027=ORIENTED_EDGE('',*,*,#4710,.F.);
#3028=ORIENTED_EDGE('',*,*,#4715,.F.);
#3029=ORIENTED_EDGE('',*,*,#4713,.T.);
#3030=ORIENTED_EDGE('',*,*,#4709,.T.);
#3031=ORIENTED_EDGE('',*,*,#4712,.T.);
#3032=ORIENTED_EDGE('',*,*,#4714,.T.);
#3033=ORIENTED_EDGE('',*,*,#4715,.T.);
#3034=ORIENTED_EDGE('',*,*,#4332,.T.);
#3035=ORIENTED_EDGE('',*,*,#4716,.F.);
#3036=ORIENTED_EDGE('',*,*,#4717,.F.);
#3037=ORIENTED_EDGE('',*,*,#4718,.T.);
#3038=ORIENTED_EDGE('',*,*,#4335,.T.);
#3039=ORIENTED_EDGE('',*,*,#4719,.F.);
#3040=ORIENTED_EDGE('',*,*,#4720,.F.);
#3041=ORIENTED_EDGE('',*,*,#4716,.T.);
#3042=ORIENTED_EDGE('',*,*,#4334,.T.);
#3043=ORIENTED_EDGE('',*,*,#4721,.F.);
#3044=ORIENTED_EDGE('',*,*,#4722,.F.);
#3045=ORIENTED_EDGE('',*,*,#4719,.T.);
#3046=ORIENTED_EDGE('',*,*,#4333,.T.);
#3047=ORIENTED_EDGE('',*,*,#4718,.F.);
#3048=ORIENTED_EDGE('',*,*,#4723,.F.);
#3049=ORIENTED_EDGE('',*,*,#4721,.T.);
#3050=ORIENTED_EDGE('',*,*,#4717,.T.);
#3051=ORIENTED_EDGE('',*,*,#4720,.T.);
#3052=ORIENTED_EDGE('',*,*,#4722,.T.);
#3053=ORIENTED_EDGE('',*,*,#4723,.T.);
#3054=ORIENTED_EDGE('',*,*,#4328,.T.);
#3055=ORIENTED_EDGE('',*,*,#4724,.F.);
#3056=ORIENTED_EDGE('',*,*,#4725,.F.);
#3057=ORIENTED_EDGE('',*,*,#4726,.T.);
#3058=ORIENTED_EDGE('',*,*,#4331,.T.);
#3059=ORIENTED_EDGE('',*,*,#4727,.F.);
#3060=ORIENTED_EDGE('',*,*,#4728,.F.);
#3061=ORIENTED_EDGE('',*,*,#4724,.T.);
#3062=ORIENTED_EDGE('',*,*,#4330,.T.);
#3063=ORIENTED_EDGE('',*,*,#4729,.F.);
#3064=ORIENTED_EDGE('',*,*,#4730,.F.);
#3065=ORIENTED_EDGE('',*,*,#4727,.T.);
#3066=ORIENTED_EDGE('',*,*,#4329,.T.);
#3067=ORIENTED_EDGE('',*,*,#4726,.F.);
#3068=ORIENTED_EDGE('',*,*,#4731,.F.);
#3069=ORIENTED_EDGE('',*,*,#4729,.T.);
#3070=ORIENTED_EDGE('',*,*,#4725,.T.);
#3071=ORIENTED_EDGE('',*,*,#4728,.T.);
#3072=ORIENTED_EDGE('',*,*,#4730,.T.);
#3073=ORIENTED_EDGE('',*,*,#4731,.T.);
#3074=ORIENTED_EDGE('',*,*,#4324,.T.);
#3075=ORIENTED_EDGE('',*,*,#4732,.F.);
#3076=ORIENTED_EDGE('',*,*,#4733,.F.);
#3077=ORIENTED_EDGE('',*,*,#4734,.T.);
#3078=ORIENTED_EDGE('',*,*,#4327,.T.);
#3079=ORIENTED_EDGE('',*,*,#4735,.F.);
#3080=ORIENTED_EDGE('',*,*,#4736,.F.);
#3081=ORIENTED_EDGE('',*,*,#4732,.T.);
#3082=ORIENTED_EDGE('',*,*,#4326,.T.);
#3083=ORIENTED_EDGE('',*,*,#4737,.F.);
#3084=ORIENTED_EDGE('',*,*,#4738,.F.);
#3085=ORIENTED_EDGE('',*,*,#4735,.T.);
#3086=ORIENTED_EDGE('',*,*,#4325,.T.);
#3087=ORIENTED_EDGE('',*,*,#4734,.F.);
#3088=ORIENTED_EDGE('',*,*,#4739,.F.);
#3089=ORIENTED_EDGE('',*,*,#4737,.T.);
#3090=ORIENTED_EDGE('',*,*,#4733,.T.);
#3091=ORIENTED_EDGE('',*,*,#4736,.T.);
#3092=ORIENTED_EDGE('',*,*,#4738,.T.);
#3093=ORIENTED_EDGE('',*,*,#4739,.T.);
#3094=ORIENTED_EDGE('',*,*,#4320,.T.);
#3095=ORIENTED_EDGE('',*,*,#4740,.F.);
#3096=ORIENTED_EDGE('',*,*,#4741,.F.);
#3097=ORIENTED_EDGE('',*,*,#4742,.T.);
#3098=ORIENTED_EDGE('',*,*,#4323,.T.);
#3099=ORIENTED_EDGE('',*,*,#4743,.F.);
#3100=ORIENTED_EDGE('',*,*,#4744,.F.);
#3101=ORIENTED_EDGE('',*,*,#4740,.T.);
#3102=ORIENTED_EDGE('',*,*,#4322,.T.);
#3103=ORIENTED_EDGE('',*,*,#4745,.F.);
#3104=ORIENTED_EDGE('',*,*,#4746,.F.);
#3105=ORIENTED_EDGE('',*,*,#4743,.T.);
#3106=ORIENTED_EDGE('',*,*,#4321,.T.);
#3107=ORIENTED_EDGE('',*,*,#4742,.F.);
#3108=ORIENTED_EDGE('',*,*,#4747,.F.);
#3109=ORIENTED_EDGE('',*,*,#4745,.T.);
#3110=ORIENTED_EDGE('',*,*,#4741,.T.);
#3111=ORIENTED_EDGE('',*,*,#4744,.T.);
#3112=ORIENTED_EDGE('',*,*,#4746,.T.);
#3113=ORIENTED_EDGE('',*,*,#4747,.T.);
#3114=ORIENTED_EDGE('',*,*,#4316,.T.);
#3115=ORIENTED_EDGE('',*,*,#4748,.F.);
#3116=ORIENTED_EDGE('',*,*,#4749,.F.);
#3117=ORIENTED_EDGE('',*,*,#4750,.T.);
#3118=ORIENTED_EDGE('',*,*,#4319,.T.);
#3119=ORIENTED_EDGE('',*,*,#4751,.F.);
#3120=ORIENTED_EDGE('',*,*,#4752,.F.);
#3121=ORIENTED_EDGE('',*,*,#4748,.T.);
#3122=ORIENTED_EDGE('',*,*,#4318,.T.);
#3123=ORIENTED_EDGE('',*,*,#4753,.F.);
#3124=ORIENTED_EDGE('',*,*,#4754,.F.);
#3125=ORIENTED_EDGE('',*,*,#4751,.T.);
#3126=ORIENTED_EDGE('',*,*,#4317,.T.);
#3127=ORIENTED_EDGE('',*,*,#4750,.F.);
#3128=ORIENTED_EDGE('',*,*,#4755,.F.);
#3129=ORIENTED_EDGE('',*,*,#4753,.T.);
#3130=ORIENTED_EDGE('',*,*,#4749,.T.);
#3131=ORIENTED_EDGE('',*,*,#4752,.T.);
#3132=ORIENTED_EDGE('',*,*,#4754,.T.);
#3133=ORIENTED_EDGE('',*,*,#4755,.T.);
#3134=ORIENTED_EDGE('',*,*,#4312,.T.);
#3135=ORIENTED_EDGE('',*,*,#4756,.F.);
#3136=ORIENTED_EDGE('',*,*,#4757,.F.);
#3137=ORIENTED_EDGE('',*,*,#4758,.T.);
#3138=ORIENTED_EDGE('',*,*,#4315,.T.);
#3139=ORIENTED_EDGE('',*,*,#4759,.F.);
#3140=ORIENTED_EDGE('',*,*,#4760,.F.);
#3141=ORIENTED_EDGE('',*,*,#4756,.T.);
#3142=ORIENTED_EDGE('',*,*,#4314,.T.);
#3143=ORIENTED_EDGE('',*,*,#4761,.F.);
#3144=ORIENTED_EDGE('',*,*,#4762,.F.);
#3145=ORIENTED_EDGE('',*,*,#4759,.T.);
#3146=ORIENTED_EDGE('',*,*,#4313,.T.);
#3147=ORIENTED_EDGE('',*,*,#4758,.F.);
#3148=ORIENTED_EDGE('',*,*,#4763,.F.);
#3149=ORIENTED_EDGE('',*,*,#4761,.T.);
#3150=ORIENTED_EDGE('',*,*,#4757,.T.);
#3151=ORIENTED_EDGE('',*,*,#4760,.T.);
#3152=ORIENTED_EDGE('',*,*,#4762,.T.);
#3153=ORIENTED_EDGE('',*,*,#4763,.T.);
#3154=ORIENTED_EDGE('',*,*,#4308,.T.);
#3155=ORIENTED_EDGE('',*,*,#4764,.F.);
#3156=ORIENTED_EDGE('',*,*,#4765,.F.);
#3157=ORIENTED_EDGE('',*,*,#4766,.T.);
#3158=ORIENTED_EDGE('',*,*,#4311,.T.);
#3159=ORIENTED_EDGE('',*,*,#4767,.F.);
#3160=ORIENTED_EDGE('',*,*,#4768,.F.);
#3161=ORIENTED_EDGE('',*,*,#4764,.T.);
#3162=ORIENTED_EDGE('',*,*,#4310,.T.);
#3163=ORIENTED_EDGE('',*,*,#4769,.F.);
#3164=ORIENTED_EDGE('',*,*,#4770,.F.);
#3165=ORIENTED_EDGE('',*,*,#4767,.T.);
#3166=ORIENTED_EDGE('',*,*,#4309,.T.);
#3167=ORIENTED_EDGE('',*,*,#4766,.F.);
#3168=ORIENTED_EDGE('',*,*,#4771,.F.);
#3169=ORIENTED_EDGE('',*,*,#4769,.T.);
#3170=ORIENTED_EDGE('',*,*,#4765,.T.);
#3171=ORIENTED_EDGE('',*,*,#4768,.T.);
#3172=ORIENTED_EDGE('',*,*,#4770,.T.);
#3173=ORIENTED_EDGE('',*,*,#4771,.T.);
#3174=ORIENTED_EDGE('',*,*,#4304,.T.);
#3175=ORIENTED_EDGE('',*,*,#4772,.F.);
#3176=ORIENTED_EDGE('',*,*,#4773,.F.);
#3177=ORIENTED_EDGE('',*,*,#4774,.T.);
#3178=ORIENTED_EDGE('',*,*,#4307,.T.);
#3179=ORIENTED_EDGE('',*,*,#4775,.F.);
#3180=ORIENTED_EDGE('',*,*,#4776,.F.);
#3181=ORIENTED_EDGE('',*,*,#4772,.T.);
#3182=ORIENTED_EDGE('',*,*,#4306,.T.);
#3183=ORIENTED_EDGE('',*,*,#4777,.F.);
#3184=ORIENTED_EDGE('',*,*,#4778,.F.);
#3185=ORIENTED_EDGE('',*,*,#4775,.T.);
#3186=ORIENTED_EDGE('',*,*,#4305,.T.);
#3187=ORIENTED_EDGE('',*,*,#4774,.F.);
#3188=ORIENTED_EDGE('',*,*,#4779,.F.);
#3189=ORIENTED_EDGE('',*,*,#4777,.T.);
#3190=ORIENTED_EDGE('',*,*,#4773,.T.);
#3191=ORIENTED_EDGE('',*,*,#4776,.T.);
#3192=ORIENTED_EDGE('',*,*,#4778,.T.);
#3193=ORIENTED_EDGE('',*,*,#4779,.T.);
#3194=ORIENTED_EDGE('',*,*,#4300,.T.);
#3195=ORIENTED_EDGE('',*,*,#4780,.F.);
#3196=ORIENTED_EDGE('',*,*,#4781,.F.);
#3197=ORIENTED_EDGE('',*,*,#4782,.T.);
#3198=ORIENTED_EDGE('',*,*,#4303,.T.);
#3199=ORIENTED_EDGE('',*,*,#4783,.F.);
#3200=ORIENTED_EDGE('',*,*,#4784,.F.);
#3201=ORIENTED_EDGE('',*,*,#4780,.T.);
#3202=ORIENTED_EDGE('',*,*,#4302,.T.);
#3203=ORIENTED_EDGE('',*,*,#4785,.F.);
#3204=ORIENTED_EDGE('',*,*,#4786,.F.);
#3205=ORIENTED_EDGE('',*,*,#4783,.T.);
#3206=ORIENTED_EDGE('',*,*,#4301,.T.);
#3207=ORIENTED_EDGE('',*,*,#4782,.F.);
#3208=ORIENTED_EDGE('',*,*,#4787,.F.);
#3209=ORIENTED_EDGE('',*,*,#4785,.T.);
#3210=ORIENTED_EDGE('',*,*,#4781,.T.);
#3211=ORIENTED_EDGE('',*,*,#4784,.T.);
#3212=ORIENTED_EDGE('',*,*,#4786,.T.);
#3213=ORIENTED_EDGE('',*,*,#4787,.T.);
#3214=ORIENTED_EDGE('',*,*,#4296,.T.);
#3215=ORIENTED_EDGE('',*,*,#4788,.F.);
#3216=ORIENTED_EDGE('',*,*,#4789,.F.);
#3217=ORIENTED_EDGE('',*,*,#4790,.T.);
#3218=ORIENTED_EDGE('',*,*,#4299,.T.);
#3219=ORIENTED_EDGE('',*,*,#4791,.F.);
#3220=ORIENTED_EDGE('',*,*,#4792,.F.);
#3221=ORIENTED_EDGE('',*,*,#4788,.T.);
#3222=ORIENTED_EDGE('',*,*,#4298,.T.);
#3223=ORIENTED_EDGE('',*,*,#4793,.F.);
#3224=ORIENTED_EDGE('',*,*,#4794,.F.);
#3225=ORIENTED_EDGE('',*,*,#4791,.T.);
#3226=ORIENTED_EDGE('',*,*,#4297,.T.);
#3227=ORIENTED_EDGE('',*,*,#4790,.F.);
#3228=ORIENTED_EDGE('',*,*,#4795,.F.);
#3229=ORIENTED_EDGE('',*,*,#4793,.T.);
#3230=ORIENTED_EDGE('',*,*,#4789,.T.);
#3231=ORIENTED_EDGE('',*,*,#4792,.T.);
#3232=ORIENTED_EDGE('',*,*,#4794,.T.);
#3233=ORIENTED_EDGE('',*,*,#4795,.T.);
#3234=ORIENTED_EDGE('',*,*,#4292,.T.);
#3235=ORIENTED_EDGE('',*,*,#4796,.F.);
#3236=ORIENTED_EDGE('',*,*,#4797,.F.);
#3237=ORIENTED_EDGE('',*,*,#4798,.T.);
#3238=ORIENTED_EDGE('',*,*,#4295,.T.);
#3239=ORIENTED_EDGE('',*,*,#4799,.F.);
#3240=ORIENTED_EDGE('',*,*,#4800,.F.);
#3241=ORIENTED_EDGE('',*,*,#4796,.T.);
#3242=ORIENTED_EDGE('',*,*,#4294,.T.);
#3243=ORIENTED_EDGE('',*,*,#4801,.F.);
#3244=ORIENTED_EDGE('',*,*,#4802,.F.);
#3245=ORIENTED_EDGE('',*,*,#4799,.T.);
#3246=ORIENTED_EDGE('',*,*,#4293,.T.);
#3247=ORIENTED_EDGE('',*,*,#4798,.F.);
#3248=ORIENTED_EDGE('',*,*,#4803,.F.);
#3249=ORIENTED_EDGE('',*,*,#4801,.T.);
#3250=ORIENTED_EDGE('',*,*,#4797,.T.);
#3251=ORIENTED_EDGE('',*,*,#4800,.T.);
#3252=ORIENTED_EDGE('',*,*,#4802,.T.);
#3253=ORIENTED_EDGE('',*,*,#4803,.T.);
#3254=ORIENTED_EDGE('',*,*,#4804,.F.);
#3255=ORIENTED_EDGE('',*,*,#4805,.F.);
#3256=ORIENTED_EDGE('',*,*,#4806,.F.);
#3257=ORIENTED_EDGE('',*,*,#4807,.F.);
#3258=ORIENTED_EDGE('',*,*,#4808,.F.);
#3259=ORIENTED_EDGE('',*,*,#4809,.F.);
#3260=ORIENTED_EDGE('',*,*,#4810,.F.);
#3261=ORIENTED_EDGE('',*,*,#4811,.F.);
#3262=ORIENTED_EDGE('',*,*,#4812,.F.);
#3263=ORIENTED_EDGE('',*,*,#4813,.F.);
#3264=ORIENTED_EDGE('',*,*,#4814,.F.);
#3265=ORIENTED_EDGE('',*,*,#4815,.F.);
#3266=ORIENTED_EDGE('',*,*,#4816,.F.);
#3267=ORIENTED_EDGE('',*,*,#4817,.F.);
#3268=ORIENTED_EDGE('',*,*,#4818,.F.);
#3269=ORIENTED_EDGE('',*,*,#4819,.F.);
#3270=ORIENTED_EDGE('',*,*,#4820,.F.);
#3271=ORIENTED_EDGE('',*,*,#4821,.T.);
#3272=ORIENTED_EDGE('',*,*,#4822,.F.);
#3273=ORIENTED_EDGE('',*,*,#4823,.F.);
#3274=ORIENTED_EDGE('',*,*,#4824,.F.);
#3275=ORIENTED_EDGE('',*,*,#4825,.T.);
#3276=ORIENTED_EDGE('',*,*,#4826,.F.);
#3277=ORIENTED_EDGE('',*,*,#4821,.F.);
#3278=ORIENTED_EDGE('',*,*,#4827,.F.);
#3279=ORIENTED_EDGE('',*,*,#4828,.F.);
#3280=ORIENTED_EDGE('',*,*,#4811,.T.);
#3281=ORIENTED_EDGE('',*,*,#4829,.T.);
#3282=ORIENTED_EDGE('',*,*,#4830,.F.);
#3283=ORIENTED_EDGE('',*,*,#4831,.F.);
#3284=ORIENTED_EDGE('',*,*,#4807,.T.);
#3285=ORIENTED_EDGE('',*,*,#4832,.T.);
#3286=ORIENTED_EDGE('',*,*,#4833,.F.);
#3287=ORIENTED_EDGE('',*,*,#4834,.T.);
#3288=ORIENTED_EDGE('',*,*,#4835,.F.);
#3289=ORIENTED_EDGE('',*,*,#4825,.F.);
#3290=ORIENTED_EDGE('',*,*,#4836,.F.);
#3291=ORIENTED_EDGE('',*,*,#4823,.T.);
#3292=ORIENTED_EDGE('',*,*,#4837,.F.);
#3293=ORIENTED_EDGE('',*,*,#4834,.F.);
#3294=ORIENTED_EDGE('',*,*,#4838,.F.);
#3295=ORIENTED_EDGE('',*,*,#4839,.F.);
#3296=ORIENTED_EDGE('',*,*,#4813,.T.);
#3297=ORIENTED_EDGE('',*,*,#4840,.T.);
#3298=ORIENTED_EDGE('',*,*,#4841,.F.);
#3299=ORIENTED_EDGE('',*,*,#4842,.F.);
#3300=ORIENTED_EDGE('',*,*,#4817,.T.);
#3301=ORIENTED_EDGE('',*,*,#4843,.T.);
#3302=ORIENTED_EDGE('',*,*,#4822,.T.);
#3303=ORIENTED_EDGE('',*,*,#4826,.T.);
#3304=ORIENTED_EDGE('',*,*,#4835,.T.);
#3305=ORIENTED_EDGE('',*,*,#4837,.T.);
#3306=ORIENTED_EDGE('',*,*,#4812,.T.);
#3307=ORIENTED_EDGE('',*,*,#4844,.T.);
#3308=ORIENTED_EDGE('',*,*,#4845,.F.);
#3309=ORIENTED_EDGE('',*,*,#4840,.F.);
#3310=ORIENTED_EDGE('',*,*,#4814,.T.);
#3311=ORIENTED_EDGE('',*,*,#4839,.T.);
#3312=ORIENTED_EDGE('',*,*,#4846,.F.);
#3313=ORIENTED_EDGE('',*,*,#4847,.F.);
#3314=ORIENTED_EDGE('',*,*,#4816,.T.);
#3315=ORIENTED_EDGE('',*,*,#4848,.T.);
#3316=ORIENTED_EDGE('',*,*,#4849,.F.);
#3317=ORIENTED_EDGE('',*,*,#4843,.F.);
#3318=ORIENTED_EDGE('',*,*,#4818,.T.);
#3319=ORIENTED_EDGE('',*,*,#4842,.T.);
#3320=ORIENTED_EDGE('',*,*,#4850,.F.);
#3321=ORIENTED_EDGE('',*,*,#4851,.F.);
#3322=ORIENTED_EDGE('',*,*,#4852,.T.);
#3323=ORIENTED_EDGE('',*,*,#4853,.T.);
#3324=ORIENTED_EDGE('',*,*,#4854,.F.);
#3325=ORIENTED_EDGE('',*,*,#4855,.F.);
#3326=ORIENTED_EDGE('',*,*,#4856,.T.);
#3327=ORIENTED_EDGE('',*,*,#4855,.T.);
#3328=ORIENTED_EDGE('',*,*,#4857,.F.);
#3329=ORIENTED_EDGE('',*,*,#4858,.F.);
#3330=ORIENTED_EDGE('',*,*,#4859,.T.);
#3331=ORIENTED_EDGE('',*,*,#4858,.T.);
#3332=ORIENTED_EDGE('',*,*,#4860,.F.);
#3333=ORIENTED_EDGE('',*,*,#4861,.F.);
#3334=ORIENTED_EDGE('',*,*,#4862,.T.);
#3335=ORIENTED_EDGE('',*,*,#4863,.T.);
#3336=ORIENTED_EDGE('',*,*,#4864,.F.);
#3337=ORIENTED_EDGE('',*,*,#4865,.F.);
#3338=ORIENTED_EDGE('',*,*,#4866,.T.);
#3339=ORIENTED_EDGE('',*,*,#4865,.T.);
#3340=ORIENTED_EDGE('',*,*,#4867,.F.);
#3341=ORIENTED_EDGE('',*,*,#4868,.F.);
#3342=ORIENTED_EDGE('',*,*,#4869,.T.);
#3343=ORIENTED_EDGE('',*,*,#4868,.T.);
#3344=ORIENTED_EDGE('',*,*,#4870,.F.);
#3345=ORIENTED_EDGE('',*,*,#4871,.F.);
#3346=ORIENTED_EDGE('',*,*,#4872,.T.);
#3347=ORIENTED_EDGE('',*,*,#4873,.T.);
#3348=ORIENTED_EDGE('',*,*,#4874,.F.);
#3349=ORIENTED_EDGE('',*,*,#4875,.F.);
#3350=ORIENTED_EDGE('',*,*,#4876,.T.);
#3351=ORIENTED_EDGE('',*,*,#4875,.T.);
#3352=ORIENTED_EDGE('',*,*,#4877,.F.);
#3353=ORIENTED_EDGE('',*,*,#4878,.F.);
#3354=ORIENTED_EDGE('',*,*,#4879,.T.);
#3355=ORIENTED_EDGE('',*,*,#4878,.T.);
#3356=ORIENTED_EDGE('',*,*,#4880,.F.);
#3357=ORIENTED_EDGE('',*,*,#4881,.F.);
#3358=ORIENTED_EDGE('',*,*,#4882,.T.);
#3359=ORIENTED_EDGE('',*,*,#4883,.T.);
#3360=ORIENTED_EDGE('',*,*,#4884,.F.);
#3361=ORIENTED_EDGE('',*,*,#4885,.F.);
#3362=ORIENTED_EDGE('',*,*,#4886,.T.);
#3363=ORIENTED_EDGE('',*,*,#4885,.T.);
#3364=ORIENTED_EDGE('',*,*,#4887,.F.);
#3365=ORIENTED_EDGE('',*,*,#4888,.F.);
#3366=ORIENTED_EDGE('',*,*,#4889,.T.);
#3367=ORIENTED_EDGE('',*,*,#4888,.T.);
#3368=ORIENTED_EDGE('',*,*,#4890,.F.);
#3369=ORIENTED_EDGE('',*,*,#4891,.F.);
#3370=ORIENTED_EDGE('',*,*,#4892,.T.);
#3371=ORIENTED_EDGE('',*,*,#4893,.T.);
#3372=ORIENTED_EDGE('',*,*,#4894,.F.);
#3373=ORIENTED_EDGE('',*,*,#4895,.F.);
#3374=ORIENTED_EDGE('',*,*,#4896,.T.);
#3375=ORIENTED_EDGE('',*,*,#4895,.T.);
#3376=ORIENTED_EDGE('',*,*,#4897,.F.);
#3377=ORIENTED_EDGE('',*,*,#4898,.F.);
#3378=ORIENTED_EDGE('',*,*,#4899,.T.);
#3379=ORIENTED_EDGE('',*,*,#4898,.T.);
#3380=ORIENTED_EDGE('',*,*,#4900,.F.);
#3381=ORIENTED_EDGE('',*,*,#4901,.F.);
#3382=ORIENTED_EDGE('',*,*,#4902,.T.);
#3383=ORIENTED_EDGE('',*,*,#4903,.T.);
#3384=ORIENTED_EDGE('',*,*,#4904,.F.);
#3385=ORIENTED_EDGE('',*,*,#4905,.F.);
#3386=ORIENTED_EDGE('',*,*,#4906,.T.);
#3387=ORIENTED_EDGE('',*,*,#4905,.T.);
#3388=ORIENTED_EDGE('',*,*,#4907,.F.);
#3389=ORIENTED_EDGE('',*,*,#4908,.F.);
#3390=ORIENTED_EDGE('',*,*,#4909,.T.);
#3391=ORIENTED_EDGE('',*,*,#4908,.T.);
#3392=ORIENTED_EDGE('',*,*,#4910,.F.);
#3393=ORIENTED_EDGE('',*,*,#4911,.F.);
#3394=ORIENTED_EDGE('',*,*,#4912,.T.);
#3395=ORIENTED_EDGE('',*,*,#4913,.T.);
#3396=ORIENTED_EDGE('',*,*,#4914,.F.);
#3397=ORIENTED_EDGE('',*,*,#4915,.F.);
#3398=ORIENTED_EDGE('',*,*,#4916,.T.);
#3399=ORIENTED_EDGE('',*,*,#4915,.T.);
#3400=ORIENTED_EDGE('',*,*,#4917,.F.);
#3401=ORIENTED_EDGE('',*,*,#4918,.F.);
#3402=ORIENTED_EDGE('',*,*,#4919,.T.);
#3403=ORIENTED_EDGE('',*,*,#4918,.T.);
#3404=ORIENTED_EDGE('',*,*,#4920,.F.);
#3405=ORIENTED_EDGE('',*,*,#4921,.F.);
#3406=ORIENTED_EDGE('',*,*,#4922,.T.);
#3407=ORIENTED_EDGE('',*,*,#4923,.T.);
#3408=ORIENTED_EDGE('',*,*,#4924,.F.);
#3409=ORIENTED_EDGE('',*,*,#4925,.F.);
#3410=ORIENTED_EDGE('',*,*,#4926,.T.);
#3411=ORIENTED_EDGE('',*,*,#4925,.T.);
#3412=ORIENTED_EDGE('',*,*,#4927,.F.);
#3413=ORIENTED_EDGE('',*,*,#4928,.F.);
#3414=ORIENTED_EDGE('',*,*,#4929,.T.);
#3415=ORIENTED_EDGE('',*,*,#4928,.T.);
#3416=ORIENTED_EDGE('',*,*,#4930,.F.);
#3417=ORIENTED_EDGE('',*,*,#4931,.F.);
#3418=ORIENTED_EDGE('',*,*,#4932,.T.);
#3419=ORIENTED_EDGE('',*,*,#4933,.T.);
#3420=ORIENTED_EDGE('',*,*,#4934,.F.);
#3421=ORIENTED_EDGE('',*,*,#4935,.F.);
#3422=ORIENTED_EDGE('',*,*,#4936,.T.);
#3423=ORIENTED_EDGE('',*,*,#4935,.T.);
#3424=ORIENTED_EDGE('',*,*,#4937,.F.);
#3425=ORIENTED_EDGE('',*,*,#4938,.F.);
#3426=ORIENTED_EDGE('',*,*,#4939,.T.);
#3427=ORIENTED_EDGE('',*,*,#4938,.T.);
#3428=ORIENTED_EDGE('',*,*,#4940,.F.);
#3429=ORIENTED_EDGE('',*,*,#4941,.F.);
#3430=ORIENTED_EDGE('',*,*,#4942,.T.);
#3431=ORIENTED_EDGE('',*,*,#4943,.T.);
#3432=ORIENTED_EDGE('',*,*,#4944,.F.);
#3433=ORIENTED_EDGE('',*,*,#4945,.F.);
#3434=ORIENTED_EDGE('',*,*,#4946,.T.);
#3435=ORIENTED_EDGE('',*,*,#4945,.T.);
#3436=ORIENTED_EDGE('',*,*,#4947,.F.);
#3437=ORIENTED_EDGE('',*,*,#4948,.F.);
#3438=ORIENTED_EDGE('',*,*,#4949,.T.);
#3439=ORIENTED_EDGE('',*,*,#4948,.T.);
#3440=ORIENTED_EDGE('',*,*,#4950,.F.);
#3441=ORIENTED_EDGE('',*,*,#4951,.F.);
#3442=ORIENTED_EDGE('',*,*,#4952,.T.);
#3443=ORIENTED_EDGE('',*,*,#4953,.T.);
#3444=ORIENTED_EDGE('',*,*,#4954,.F.);
#3445=ORIENTED_EDGE('',*,*,#4955,.F.);
#3446=ORIENTED_EDGE('',*,*,#4956,.T.);
#3447=ORIENTED_EDGE('',*,*,#4955,.T.);
#3448=ORIENTED_EDGE('',*,*,#4957,.F.);
#3449=ORIENTED_EDGE('',*,*,#4958,.F.);
#3450=ORIENTED_EDGE('',*,*,#4959,.T.);
#3451=ORIENTED_EDGE('',*,*,#4958,.T.);
#3452=ORIENTED_EDGE('',*,*,#4960,.F.);
#3453=ORIENTED_EDGE('',*,*,#4961,.F.);
#3454=ORIENTED_EDGE('',*,*,#4962,.T.);
#3455=ORIENTED_EDGE('',*,*,#4963,.T.);
#3456=ORIENTED_EDGE('',*,*,#4964,.F.);
#3457=ORIENTED_EDGE('',*,*,#4965,.F.);
#3458=ORIENTED_EDGE('',*,*,#4966,.T.);
#3459=ORIENTED_EDGE('',*,*,#4965,.T.);
#3460=ORIENTED_EDGE('',*,*,#4967,.F.);
#3461=ORIENTED_EDGE('',*,*,#4968,.F.);
#3462=ORIENTED_EDGE('',*,*,#4969,.T.);
#3463=ORIENTED_EDGE('',*,*,#4968,.T.);
#3464=ORIENTED_EDGE('',*,*,#4970,.F.);
#3465=ORIENTED_EDGE('',*,*,#4971,.F.);
#3466=ORIENTED_EDGE('',*,*,#4972,.T.);
#3467=ORIENTED_EDGE('',*,*,#4973,.T.);
#3468=ORIENTED_EDGE('',*,*,#4974,.F.);
#3469=ORIENTED_EDGE('',*,*,#4975,.F.);
#3470=ORIENTED_EDGE('',*,*,#4976,.T.);
#3471=ORIENTED_EDGE('',*,*,#4975,.T.);
#3472=ORIENTED_EDGE('',*,*,#4977,.F.);
#3473=ORIENTED_EDGE('',*,*,#4978,.F.);
#3474=ORIENTED_EDGE('',*,*,#4979,.T.);
#3475=ORIENTED_EDGE('',*,*,#4978,.T.);
#3476=ORIENTED_EDGE('',*,*,#4980,.F.);
#3477=ORIENTED_EDGE('',*,*,#4981,.F.);
#3478=ORIENTED_EDGE('',*,*,#4982,.T.);
#3479=ORIENTED_EDGE('',*,*,#4983,.T.);
#3480=ORIENTED_EDGE('',*,*,#4984,.F.);
#3481=ORIENTED_EDGE('',*,*,#4985,.F.);
#3482=ORIENTED_EDGE('',*,*,#4986,.T.);
#3483=ORIENTED_EDGE('',*,*,#4985,.T.);
#3484=ORIENTED_EDGE('',*,*,#4987,.F.);
#3485=ORIENTED_EDGE('',*,*,#4988,.F.);
#3486=ORIENTED_EDGE('',*,*,#4989,.T.);
#3487=ORIENTED_EDGE('',*,*,#4988,.T.);
#3488=ORIENTED_EDGE('',*,*,#4990,.F.);
#3489=ORIENTED_EDGE('',*,*,#4991,.F.);
#3490=ORIENTED_EDGE('',*,*,#4992,.T.);
#3491=ORIENTED_EDGE('',*,*,#4993,.T.);
#3492=ORIENTED_EDGE('',*,*,#4994,.F.);
#3493=ORIENTED_EDGE('',*,*,#4995,.F.);
#3494=ORIENTED_EDGE('',*,*,#4996,.T.);
#3495=ORIENTED_EDGE('',*,*,#4995,.T.);
#3496=ORIENTED_EDGE('',*,*,#4997,.F.);
#3497=ORIENTED_EDGE('',*,*,#4998,.F.);
#3498=ORIENTED_EDGE('',*,*,#4999,.T.);
#3499=ORIENTED_EDGE('',*,*,#4998,.T.);
#3500=ORIENTED_EDGE('',*,*,#5000,.F.);
#3501=ORIENTED_EDGE('',*,*,#5001,.F.);
#3502=ORIENTED_EDGE('',*,*,#5002,.T.);
#3503=ORIENTED_EDGE('',*,*,#5003,.T.);
#3504=ORIENTED_EDGE('',*,*,#5004,.F.);
#3505=ORIENTED_EDGE('',*,*,#5005,.F.);
#3506=ORIENTED_EDGE('',*,*,#5006,.T.);
#3507=ORIENTED_EDGE('',*,*,#5005,.T.);
#3508=ORIENTED_EDGE('',*,*,#5007,.F.);
#3509=ORIENTED_EDGE('',*,*,#5008,.F.);
#3510=ORIENTED_EDGE('',*,*,#5009,.T.);
#3511=ORIENTED_EDGE('',*,*,#5008,.T.);
#3512=ORIENTED_EDGE('',*,*,#5010,.F.);
#3513=ORIENTED_EDGE('',*,*,#5011,.F.);
#3514=ORIENTED_EDGE('',*,*,#5012,.T.);
#3515=ORIENTED_EDGE('',*,*,#5013,.T.);
#3516=ORIENTED_EDGE('',*,*,#5014,.F.);
#3517=ORIENTED_EDGE('',*,*,#5015,.F.);
#3518=ORIENTED_EDGE('',*,*,#5016,.T.);
#3519=ORIENTED_EDGE('',*,*,#5015,.T.);
#3520=ORIENTED_EDGE('',*,*,#5017,.F.);
#3521=ORIENTED_EDGE('',*,*,#5018,.F.);
#3522=ORIENTED_EDGE('',*,*,#5019,.T.);
#3523=ORIENTED_EDGE('',*,*,#5018,.T.);
#3524=ORIENTED_EDGE('',*,*,#5020,.F.);
#3525=ORIENTED_EDGE('',*,*,#5021,.F.);
#3526=ORIENTED_EDGE('',*,*,#5022,.T.);
#3527=ORIENTED_EDGE('',*,*,#5023,.T.);
#3528=ORIENTED_EDGE('',*,*,#5024,.F.);
#3529=ORIENTED_EDGE('',*,*,#5025,.F.);
#3530=ORIENTED_EDGE('',*,*,#5026,.T.);
#3531=ORIENTED_EDGE('',*,*,#5025,.T.);
#3532=ORIENTED_EDGE('',*,*,#5027,.F.);
#3533=ORIENTED_EDGE('',*,*,#5028,.F.);
#3534=ORIENTED_EDGE('',*,*,#5029,.T.);
#3535=ORIENTED_EDGE('',*,*,#5028,.T.);
#3536=ORIENTED_EDGE('',*,*,#5030,.F.);
#3537=ORIENTED_EDGE('',*,*,#5031,.F.);
#3538=ORIENTED_EDGE('',*,*,#5032,.T.);
#3539=ORIENTED_EDGE('',*,*,#5033,.T.);
#3540=ORIENTED_EDGE('',*,*,#5034,.F.);
#3541=ORIENTED_EDGE('',*,*,#5035,.F.);
#3542=ORIENTED_EDGE('',*,*,#5036,.T.);
#3543=ORIENTED_EDGE('',*,*,#5035,.T.);
#3544=ORIENTED_EDGE('',*,*,#5037,.F.);
#3545=ORIENTED_EDGE('',*,*,#5038,.F.);
#3546=ORIENTED_EDGE('',*,*,#5039,.T.);
#3547=ORIENTED_EDGE('',*,*,#5038,.T.);
#3548=ORIENTED_EDGE('',*,*,#5040,.F.);
#3549=ORIENTED_EDGE('',*,*,#5041,.F.);
#3550=ORIENTED_EDGE('',*,*,#5042,.T.);
#3551=ORIENTED_EDGE('',*,*,#5043,.T.);
#3552=ORIENTED_EDGE('',*,*,#5044,.F.);
#3553=ORIENTED_EDGE('',*,*,#5045,.F.);
#3554=ORIENTED_EDGE('',*,*,#5046,.T.);
#3555=ORIENTED_EDGE('',*,*,#5045,.T.);
#3556=ORIENTED_EDGE('',*,*,#5047,.F.);
#3557=ORIENTED_EDGE('',*,*,#5048,.F.);
#3558=ORIENTED_EDGE('',*,*,#5049,.T.);
#3559=ORIENTED_EDGE('',*,*,#5048,.T.);
#3560=ORIENTED_EDGE('',*,*,#5050,.F.);
#3561=ORIENTED_EDGE('',*,*,#5051,.F.);
#3562=ORIENTED_EDGE('',*,*,#5052,.T.);
#3563=ORIENTED_EDGE('',*,*,#5053,.T.);
#3564=ORIENTED_EDGE('',*,*,#5054,.F.);
#3565=ORIENTED_EDGE('',*,*,#5055,.F.);
#3566=ORIENTED_EDGE('',*,*,#5056,.T.);
#3567=ORIENTED_EDGE('',*,*,#5055,.T.);
#3568=ORIENTED_EDGE('',*,*,#5057,.F.);
#3569=ORIENTED_EDGE('',*,*,#5058,.F.);
#3570=ORIENTED_EDGE('',*,*,#5059,.T.);
#3571=ORIENTED_EDGE('',*,*,#5058,.T.);
#3572=ORIENTED_EDGE('',*,*,#5060,.F.);
#3573=ORIENTED_EDGE('',*,*,#5061,.F.);
#3574=ORIENTED_EDGE('',*,*,#5062,.T.);
#3575=ORIENTED_EDGE('',*,*,#5063,.T.);
#3576=ORIENTED_EDGE('',*,*,#5064,.F.);
#3577=ORIENTED_EDGE('',*,*,#5065,.F.);
#3578=ORIENTED_EDGE('',*,*,#5066,.T.);
#3579=ORIENTED_EDGE('',*,*,#5065,.T.);
#3580=ORIENTED_EDGE('',*,*,#5067,.F.);
#3581=ORIENTED_EDGE('',*,*,#5068,.F.);
#3582=ORIENTED_EDGE('',*,*,#5069,.T.);
#3583=ORIENTED_EDGE('',*,*,#5068,.T.);
#3584=ORIENTED_EDGE('',*,*,#5070,.F.);
#3585=ORIENTED_EDGE('',*,*,#5071,.F.);
#3586=ORIENTED_EDGE('',*,*,#5072,.T.);
#3587=ORIENTED_EDGE('',*,*,#5073,.T.);
#3588=ORIENTED_EDGE('',*,*,#5074,.F.);
#3589=ORIENTED_EDGE('',*,*,#5075,.F.);
#3590=ORIENTED_EDGE('',*,*,#5076,.T.);
#3591=ORIENTED_EDGE('',*,*,#5075,.T.);
#3592=ORIENTED_EDGE('',*,*,#5077,.F.);
#3593=ORIENTED_EDGE('',*,*,#5078,.F.);
#3594=ORIENTED_EDGE('',*,*,#5079,.T.);
#3595=ORIENTED_EDGE('',*,*,#5078,.T.);
#3596=ORIENTED_EDGE('',*,*,#5080,.F.);
#3597=ORIENTED_EDGE('',*,*,#5081,.F.);
#3598=ORIENTED_EDGE('',*,*,#5082,.T.);
#3599=ORIENTED_EDGE('',*,*,#5083,.T.);
#3600=ORIENTED_EDGE('',*,*,#5084,.F.);
#3601=ORIENTED_EDGE('',*,*,#5085,.F.);
#3602=ORIENTED_EDGE('',*,*,#5086,.T.);
#3603=ORIENTED_EDGE('',*,*,#5085,.T.);
#3604=ORIENTED_EDGE('',*,*,#5087,.F.);
#3605=ORIENTED_EDGE('',*,*,#5088,.F.);
#3606=ORIENTED_EDGE('',*,*,#5089,.T.);
#3607=ORIENTED_EDGE('',*,*,#5088,.T.);
#3608=ORIENTED_EDGE('',*,*,#5090,.F.);
#3609=ORIENTED_EDGE('',*,*,#5091,.F.);
#3610=ORIENTED_EDGE('',*,*,#5092,.T.);
#3611=ORIENTED_EDGE('',*,*,#5093,.T.);
#3612=ORIENTED_EDGE('',*,*,#5094,.F.);
#3613=ORIENTED_EDGE('',*,*,#5095,.F.);
#3614=ORIENTED_EDGE('',*,*,#5096,.T.);
#3615=ORIENTED_EDGE('',*,*,#5095,.T.);
#3616=ORIENTED_EDGE('',*,*,#5097,.F.);
#3617=ORIENTED_EDGE('',*,*,#5098,.F.);
#3618=ORIENTED_EDGE('',*,*,#5099,.T.);
#3619=ORIENTED_EDGE('',*,*,#5098,.T.);
#3620=ORIENTED_EDGE('',*,*,#5100,.F.);
#3621=ORIENTED_EDGE('',*,*,#5101,.F.);
#3622=ORIENTED_EDGE('',*,*,#5102,.T.);
#3623=ORIENTED_EDGE('',*,*,#5103,.T.);
#3624=ORIENTED_EDGE('',*,*,#5104,.F.);
#3625=ORIENTED_EDGE('',*,*,#5105,.F.);
#3626=ORIENTED_EDGE('',*,*,#5106,.T.);
#3627=ORIENTED_EDGE('',*,*,#5105,.T.);
#3628=ORIENTED_EDGE('',*,*,#5107,.F.);
#3629=ORIENTED_EDGE('',*,*,#5108,.F.);
#3630=ORIENTED_EDGE('',*,*,#5109,.T.);
#3631=ORIENTED_EDGE('',*,*,#5108,.T.);
#3632=ORIENTED_EDGE('',*,*,#5110,.F.);
#3633=ORIENTED_EDGE('',*,*,#5111,.F.);
#3634=ORIENTED_EDGE('',*,*,#5112,.T.);
#3635=ORIENTED_EDGE('',*,*,#5113,.T.);
#3636=ORIENTED_EDGE('',*,*,#5114,.F.);
#3637=ORIENTED_EDGE('',*,*,#5115,.F.);
#3638=ORIENTED_EDGE('',*,*,#5116,.T.);
#3639=ORIENTED_EDGE('',*,*,#5115,.T.);
#3640=ORIENTED_EDGE('',*,*,#5117,.F.);
#3641=ORIENTED_EDGE('',*,*,#5118,.F.);
#3642=ORIENTED_EDGE('',*,*,#5119,.T.);
#3643=ORIENTED_EDGE('',*,*,#5118,.T.);
#3644=ORIENTED_EDGE('',*,*,#5120,.F.);
#3645=ORIENTED_EDGE('',*,*,#5121,.F.);
#3646=ORIENTED_EDGE('',*,*,#5122,.T.);
#3647=ORIENTED_EDGE('',*,*,#5123,.T.);
#3648=ORIENTED_EDGE('',*,*,#5124,.F.);
#3649=ORIENTED_EDGE('',*,*,#5125,.F.);
#3650=ORIENTED_EDGE('',*,*,#5126,.T.);
#3651=ORIENTED_EDGE('',*,*,#5125,.T.);
#3652=ORIENTED_EDGE('',*,*,#5127,.F.);
#3653=ORIENTED_EDGE('',*,*,#5128,.F.);
#3654=ORIENTED_EDGE('',*,*,#5129,.T.);
#3655=ORIENTED_EDGE('',*,*,#5128,.T.);
#3656=ORIENTED_EDGE('',*,*,#5130,.F.);
#3657=ORIENTED_EDGE('',*,*,#5131,.F.);
#3658=ORIENTED_EDGE('',*,*,#5132,.T.);
#3659=ORIENTED_EDGE('',*,*,#5133,.T.);
#3660=ORIENTED_EDGE('',*,*,#5134,.F.);
#3661=ORIENTED_EDGE('',*,*,#5135,.F.);
#3662=ORIENTED_EDGE('',*,*,#5136,.T.);
#3663=ORIENTED_EDGE('',*,*,#5135,.T.);
#3664=ORIENTED_EDGE('',*,*,#5137,.F.);
#3665=ORIENTED_EDGE('',*,*,#5138,.F.);
#3666=ORIENTED_EDGE('',*,*,#5139,.T.);
#3667=ORIENTED_EDGE('',*,*,#5138,.T.);
#3668=ORIENTED_EDGE('',*,*,#5140,.F.);
#3669=ORIENTED_EDGE('',*,*,#5141,.F.);
#3670=ORIENTED_EDGE('',*,*,#5142,.T.);
#3671=ORIENTED_EDGE('',*,*,#5143,.T.);
#3672=ORIENTED_EDGE('',*,*,#5144,.F.);
#3673=ORIENTED_EDGE('',*,*,#5145,.F.);
#3674=ORIENTED_EDGE('',*,*,#5146,.T.);
#3675=ORIENTED_EDGE('',*,*,#5145,.T.);
#3676=ORIENTED_EDGE('',*,*,#5147,.F.);
#3677=ORIENTED_EDGE('',*,*,#5148,.F.);
#3678=ORIENTED_EDGE('',*,*,#5149,.T.);
#3679=ORIENTED_EDGE('',*,*,#5148,.T.);
#3680=ORIENTED_EDGE('',*,*,#5150,.F.);
#3681=ORIENTED_EDGE('',*,*,#5151,.F.);
#3682=ORIENTED_EDGE('',*,*,#5152,.T.);
#3683=ORIENTED_EDGE('',*,*,#5153,.T.);
#3684=ORIENTED_EDGE('',*,*,#5154,.F.);
#3685=ORIENTED_EDGE('',*,*,#5155,.F.);
#3686=ORIENTED_EDGE('',*,*,#5156,.T.);
#3687=ORIENTED_EDGE('',*,*,#5155,.T.);
#3688=ORIENTED_EDGE('',*,*,#5157,.F.);
#3689=ORIENTED_EDGE('',*,*,#5158,.F.);
#3690=ORIENTED_EDGE('',*,*,#5159,.T.);
#3691=ORIENTED_EDGE('',*,*,#5158,.T.);
#3692=ORIENTED_EDGE('',*,*,#5160,.F.);
#3693=ORIENTED_EDGE('',*,*,#5161,.F.);
#3694=ORIENTED_EDGE('',*,*,#5162,.T.);
#3695=ORIENTED_EDGE('',*,*,#5163,.T.);
#3696=ORIENTED_EDGE('',*,*,#5164,.F.);
#3697=ORIENTED_EDGE('',*,*,#5165,.F.);
#3698=ORIENTED_EDGE('',*,*,#5166,.T.);
#3699=ORIENTED_EDGE('',*,*,#5165,.T.);
#3700=ORIENTED_EDGE('',*,*,#5167,.F.);
#3701=ORIENTED_EDGE('',*,*,#5168,.F.);
#3702=ORIENTED_EDGE('',*,*,#5169,.T.);
#3703=ORIENTED_EDGE('',*,*,#5168,.T.);
#3704=ORIENTED_EDGE('',*,*,#5170,.F.);
#3705=ORIENTED_EDGE('',*,*,#5171,.F.);
#3706=ORIENTED_EDGE('',*,*,#5172,.T.);
#3707=ORIENTED_EDGE('',*,*,#5173,.T.);
#3708=ORIENTED_EDGE('',*,*,#5174,.F.);
#3709=ORIENTED_EDGE('',*,*,#5175,.F.);
#3710=ORIENTED_EDGE('',*,*,#5176,.T.);
#3711=ORIENTED_EDGE('',*,*,#5175,.T.);
#3712=ORIENTED_EDGE('',*,*,#5177,.F.);
#3713=ORIENTED_EDGE('',*,*,#5178,.F.);
#3714=ORIENTED_EDGE('',*,*,#5179,.T.);
#3715=ORIENTED_EDGE('',*,*,#5178,.T.);
#3716=ORIENTED_EDGE('',*,*,#5180,.F.);
#3717=ORIENTED_EDGE('',*,*,#5181,.F.);
#3718=ORIENTED_EDGE('',*,*,#5182,.T.);
#3719=ORIENTED_EDGE('',*,*,#5183,.T.);
#3720=ORIENTED_EDGE('',*,*,#5184,.F.);
#3721=ORIENTED_EDGE('',*,*,#5185,.F.);
#3722=ORIENTED_EDGE('',*,*,#5186,.T.);
#3723=ORIENTED_EDGE('',*,*,#5185,.T.);
#3724=ORIENTED_EDGE('',*,*,#5187,.F.);
#3725=ORIENTED_EDGE('',*,*,#5188,.F.);
#3726=ORIENTED_EDGE('',*,*,#5189,.T.);
#3727=ORIENTED_EDGE('',*,*,#5188,.T.);
#3728=ORIENTED_EDGE('',*,*,#5190,.F.);
#3729=ORIENTED_EDGE('',*,*,#5191,.F.);
#3730=ORIENTED_EDGE('',*,*,#5192,.T.);
#3731=ORIENTED_EDGE('',*,*,#5193,.T.);
#3732=ORIENTED_EDGE('',*,*,#5194,.F.);
#3733=ORIENTED_EDGE('',*,*,#5195,.F.);
#3734=ORIENTED_EDGE('',*,*,#5196,.T.);
#3735=ORIENTED_EDGE('',*,*,#5195,.T.);
#3736=ORIENTED_EDGE('',*,*,#5197,.F.);
#3737=ORIENTED_EDGE('',*,*,#5198,.F.);
#3738=ORIENTED_EDGE('',*,*,#5199,.T.);
#3739=ORIENTED_EDGE('',*,*,#5198,.T.);
#3740=ORIENTED_EDGE('',*,*,#5200,.F.);
#3741=ORIENTED_EDGE('',*,*,#5201,.F.);
#3742=ORIENTED_EDGE('',*,*,#5202,.T.);
#3743=ORIENTED_EDGE('',*,*,#5203,.T.);
#3744=ORIENTED_EDGE('',*,*,#5204,.F.);
#3745=ORIENTED_EDGE('',*,*,#5205,.F.);
#3746=ORIENTED_EDGE('',*,*,#5206,.T.);
#3747=ORIENTED_EDGE('',*,*,#5205,.T.);
#3748=ORIENTED_EDGE('',*,*,#5207,.F.);
#3749=ORIENTED_EDGE('',*,*,#5208,.F.);
#3750=ORIENTED_EDGE('',*,*,#5209,.T.);
#3751=ORIENTED_EDGE('',*,*,#5208,.T.);
#3752=ORIENTED_EDGE('',*,*,#5210,.F.);
#3753=ORIENTED_EDGE('',*,*,#5211,.F.);
#3754=ORIENTED_EDGE('',*,*,#4804,.T.);
#3755=ORIENTED_EDGE('',*,*,#4831,.T.);
#3756=ORIENTED_EDGE('',*,*,#5212,.F.);
#3757=ORIENTED_EDGE('',*,*,#5213,.F.);
#3758=ORIENTED_EDGE('',*,*,#4805,.T.);
#3759=ORIENTED_EDGE('',*,*,#5213,.T.);
#3760=ORIENTED_EDGE('',*,*,#5214,.F.);
#3761=ORIENTED_EDGE('',*,*,#5215,.F.);
#3762=ORIENTED_EDGE('',*,*,#4806,.T.);
#3763=ORIENTED_EDGE('',*,*,#5215,.T.);
#3764=ORIENTED_EDGE('',*,*,#5216,.F.);
#3765=ORIENTED_EDGE('',*,*,#4832,.F.);
#3766=ORIENTED_EDGE('',*,*,#4808,.T.);
#3767=ORIENTED_EDGE('',*,*,#4828,.T.);
#3768=ORIENTED_EDGE('',*,*,#5217,.F.);
#3769=ORIENTED_EDGE('',*,*,#5218,.F.);
#3770=ORIENTED_EDGE('',*,*,#4809,.T.);
#3771=ORIENTED_EDGE('',*,*,#5218,.T.);
#3772=ORIENTED_EDGE('',*,*,#5219,.F.);
#3773=ORIENTED_EDGE('',*,*,#5220,.F.);
#3774=ORIENTED_EDGE('',*,*,#4810,.T.);
#3775=ORIENTED_EDGE('',*,*,#5220,.T.);
#3776=ORIENTED_EDGE('',*,*,#5221,.F.);
#3777=ORIENTED_EDGE('',*,*,#4829,.F.);
#3778=ORIENTED_EDGE('',*,*,#4815,.T.);
#3779=ORIENTED_EDGE('',*,*,#4847,.T.);
#3780=ORIENTED_EDGE('',*,*,#5222,.F.);
#3781=ORIENTED_EDGE('',*,*,#4844,.F.);
#3782=ORIENTED_EDGE('',*,*,#4819,.T.);
#3783=ORIENTED_EDGE('',*,*,#4851,.T.);
#3784=ORIENTED_EDGE('',*,*,#5223,.F.);
#3785=ORIENTED_EDGE('',*,*,#4848,.F.);
#3786=ORIENTED_EDGE('',*,*,#5224,.T.);
#3787=ORIENTED_EDGE('',*,*,#4861,.T.);
#3788=ORIENTED_EDGE('',*,*,#5225,.F.);
#3789=ORIENTED_EDGE('',*,*,#4853,.F.);
#3790=ORIENTED_EDGE('',*,*,#5226,.T.);
#3791=ORIENTED_EDGE('',*,*,#4871,.T.);
#3792=ORIENTED_EDGE('',*,*,#5227,.F.);
#3793=ORIENTED_EDGE('',*,*,#4863,.F.);
#3794=ORIENTED_EDGE('',*,*,#5228,.T.);
#3795=ORIENTED_EDGE('',*,*,#4881,.T.);
#3796=ORIENTED_EDGE('',*,*,#5229,.F.);
#3797=ORIENTED_EDGE('',*,*,#4873,.F.);
#3798=ORIENTED_EDGE('',*,*,#5230,.T.);
#3799=ORIENTED_EDGE('',*,*,#4891,.T.);
#3800=ORIENTED_EDGE('',*,*,#5231,.F.);
#3801=ORIENTED_EDGE('',*,*,#4883,.F.);
#3802=ORIENTED_EDGE('',*,*,#5232,.T.);
#3803=ORIENTED_EDGE('',*,*,#4901,.T.);
#3804=ORIENTED_EDGE('',*,*,#5233,.F.);
#3805=ORIENTED_EDGE('',*,*,#4893,.F.);
#3806=ORIENTED_EDGE('',*,*,#5234,.T.);
#3807=ORIENTED_EDGE('',*,*,#4911,.T.);
#3808=ORIENTED_EDGE('',*,*,#5235,.F.);
#3809=ORIENTED_EDGE('',*,*,#4903,.F.);
#3810=ORIENTED_EDGE('',*,*,#5236,.T.);
#3811=ORIENTED_EDGE('',*,*,#4921,.T.);
#3812=ORIENTED_EDGE('',*,*,#5237,.F.);
#3813=ORIENTED_EDGE('',*,*,#4913,.F.);
#3814=ORIENTED_EDGE('',*,*,#5238,.T.);
#3815=ORIENTED_EDGE('',*,*,#4931,.T.);
#3816=ORIENTED_EDGE('',*,*,#5239,.F.);
#3817=ORIENTED_EDGE('',*,*,#4923,.F.);
#3818=ORIENTED_EDGE('',*,*,#5240,.T.);
#3819=ORIENTED_EDGE('',*,*,#4941,.T.);
#3820=ORIENTED_EDGE('',*,*,#5241,.F.);
#3821=ORIENTED_EDGE('',*,*,#4933,.F.);
#3822=ORIENTED_EDGE('',*,*,#5242,.T.);
#3823=ORIENTED_EDGE('',*,*,#4951,.T.);
#3824=ORIENTED_EDGE('',*,*,#5243,.F.);
#3825=ORIENTED_EDGE('',*,*,#4943,.F.);
#3826=ORIENTED_EDGE('',*,*,#5244,.T.);
#3827=ORIENTED_EDGE('',*,*,#4961,.T.);
#3828=ORIENTED_EDGE('',*,*,#5245,.F.);
#3829=ORIENTED_EDGE('',*,*,#4953,.F.);
#3830=ORIENTED_EDGE('',*,*,#5246,.T.);
#3831=ORIENTED_EDGE('',*,*,#4971,.T.);
#3832=ORIENTED_EDGE('',*,*,#5247,.F.);
#3833=ORIENTED_EDGE('',*,*,#4963,.F.);
#3834=ORIENTED_EDGE('',*,*,#5248,.T.);
#3835=ORIENTED_EDGE('',*,*,#4981,.T.);
#3836=ORIENTED_EDGE('',*,*,#5249,.F.);
#3837=ORIENTED_EDGE('',*,*,#4973,.F.);
#3838=ORIENTED_EDGE('',*,*,#5250,.T.);
#3839=ORIENTED_EDGE('',*,*,#4991,.T.);
#3840=ORIENTED_EDGE('',*,*,#5251,.F.);
#3841=ORIENTED_EDGE('',*,*,#4983,.F.);
#3842=ORIENTED_EDGE('',*,*,#5252,.T.);
#3843=ORIENTED_EDGE('',*,*,#5001,.T.);
#3844=ORIENTED_EDGE('',*,*,#5253,.F.);
#3845=ORIENTED_EDGE('',*,*,#4993,.F.);
#3846=ORIENTED_EDGE('',*,*,#5254,.T.);
#3847=ORIENTED_EDGE('',*,*,#5011,.T.);
#3848=ORIENTED_EDGE('',*,*,#5255,.F.);
#3849=ORIENTED_EDGE('',*,*,#5003,.F.);
#3850=ORIENTED_EDGE('',*,*,#5256,.T.);
#3851=ORIENTED_EDGE('',*,*,#5021,.T.);
#3852=ORIENTED_EDGE('',*,*,#5257,.F.);
#3853=ORIENTED_EDGE('',*,*,#5013,.F.);
#3854=ORIENTED_EDGE('',*,*,#5258,.T.);
#3855=ORIENTED_EDGE('',*,*,#5031,.T.);
#3856=ORIENTED_EDGE('',*,*,#5259,.F.);
#3857=ORIENTED_EDGE('',*,*,#5023,.F.);
#3858=ORIENTED_EDGE('',*,*,#5260,.T.);
#3859=ORIENTED_EDGE('',*,*,#5041,.T.);
#3860=ORIENTED_EDGE('',*,*,#5261,.F.);
#3861=ORIENTED_EDGE('',*,*,#5033,.F.);
#3862=ORIENTED_EDGE('',*,*,#5262,.T.);
#3863=ORIENTED_EDGE('',*,*,#5051,.T.);
#3864=ORIENTED_EDGE('',*,*,#5263,.F.);
#3865=ORIENTED_EDGE('',*,*,#5043,.F.);
#3866=ORIENTED_EDGE('',*,*,#5264,.T.);
#3867=ORIENTED_EDGE('',*,*,#5061,.T.);
#3868=ORIENTED_EDGE('',*,*,#5265,.F.);
#3869=ORIENTED_EDGE('',*,*,#5053,.F.);
#3870=ORIENTED_EDGE('',*,*,#5266,.T.);
#3871=ORIENTED_EDGE('',*,*,#5071,.T.);
#3872=ORIENTED_EDGE('',*,*,#5267,.F.);
#3873=ORIENTED_EDGE('',*,*,#5063,.F.);
#3874=ORIENTED_EDGE('',*,*,#5268,.T.);
#3875=ORIENTED_EDGE('',*,*,#5081,.T.);
#3876=ORIENTED_EDGE('',*,*,#5269,.F.);
#3877=ORIENTED_EDGE('',*,*,#5073,.F.);
#3878=ORIENTED_EDGE('',*,*,#5270,.T.);
#3879=ORIENTED_EDGE('',*,*,#5091,.T.);
#3880=ORIENTED_EDGE('',*,*,#5271,.F.);
#3881=ORIENTED_EDGE('',*,*,#5083,.F.);
#3882=ORIENTED_EDGE('',*,*,#5272,.T.);
#3883=ORIENTED_EDGE('',*,*,#5101,.T.);
#3884=ORIENTED_EDGE('',*,*,#5273,.F.);
#3885=ORIENTED_EDGE('',*,*,#5093,.F.);
#3886=ORIENTED_EDGE('',*,*,#5274,.T.);
#3887=ORIENTED_EDGE('',*,*,#5111,.T.);
#3888=ORIENTED_EDGE('',*,*,#5275,.F.);
#3889=ORIENTED_EDGE('',*,*,#5103,.F.);
#3890=ORIENTED_EDGE('',*,*,#5276,.T.);
#3891=ORIENTED_EDGE('',*,*,#5121,.T.);
#3892=ORIENTED_EDGE('',*,*,#5277,.F.);
#3893=ORIENTED_EDGE('',*,*,#5113,.F.);
#3894=ORIENTED_EDGE('',*,*,#5278,.T.);
#3895=ORIENTED_EDGE('',*,*,#5131,.T.);
#3896=ORIENTED_EDGE('',*,*,#5279,.F.);
#3897=ORIENTED_EDGE('',*,*,#5123,.F.);
#3898=ORIENTED_EDGE('',*,*,#5280,.T.);
#3899=ORIENTED_EDGE('',*,*,#5141,.T.);
#3900=ORIENTED_EDGE('',*,*,#5281,.F.);
#3901=ORIENTED_EDGE('',*,*,#5133,.F.);
#3902=ORIENTED_EDGE('',*,*,#5282,.T.);
#3903=ORIENTED_EDGE('',*,*,#5151,.T.);
#3904=ORIENTED_EDGE('',*,*,#5283,.F.);
#3905=ORIENTED_EDGE('',*,*,#5143,.F.);
#3906=ORIENTED_EDGE('',*,*,#5284,.T.);
#3907=ORIENTED_EDGE('',*,*,#5161,.T.);
#3908=ORIENTED_EDGE('',*,*,#5285,.F.);
#3909=ORIENTED_EDGE('',*,*,#5153,.F.);
#3910=ORIENTED_EDGE('',*,*,#5286,.T.);
#3911=ORIENTED_EDGE('',*,*,#5171,.T.);
#3912=ORIENTED_EDGE('',*,*,#5287,.F.);
#3913=ORIENTED_EDGE('',*,*,#5163,.F.);
#3914=ORIENTED_EDGE('',*,*,#5288,.T.);
#3915=ORIENTED_EDGE('',*,*,#5181,.T.);
#3916=ORIENTED_EDGE('',*,*,#5289,.F.);
#3917=ORIENTED_EDGE('',*,*,#5173,.F.);
#3918=ORIENTED_EDGE('',*,*,#5290,.T.);
#3919=ORIENTED_EDGE('',*,*,#5191,.T.);
#3920=ORIENTED_EDGE('',*,*,#5291,.F.);
#3921=ORIENTED_EDGE('',*,*,#5183,.F.);
#3922=ORIENTED_EDGE('',*,*,#5292,.T.);
#3923=ORIENTED_EDGE('',*,*,#5201,.T.);
#3924=ORIENTED_EDGE('',*,*,#5293,.F.);
#3925=ORIENTED_EDGE('',*,*,#5193,.F.);
#3926=ORIENTED_EDGE('',*,*,#5294,.T.);
#3927=ORIENTED_EDGE('',*,*,#5211,.T.);
#3928=ORIENTED_EDGE('',*,*,#5295,.F.);
#3929=ORIENTED_EDGE('',*,*,#5203,.F.);
#3930=ORIENTED_EDGE('',*,*,#4830,.T.);
#3931=ORIENTED_EDGE('',*,*,#5221,.T.);
#3932=ORIENTED_EDGE('',*,*,#5219,.T.);
#3933=ORIENTED_EDGE('',*,*,#5217,.T.);
#3934=ORIENTED_EDGE('',*,*,#4827,.T.);
#3935=ORIENTED_EDGE('',*,*,#4820,.T.);
#3936=ORIENTED_EDGE('',*,*,#4836,.T.);
#3937=ORIENTED_EDGE('',*,*,#4849,.T.);
#3938=ORIENTED_EDGE('',*,*,#5223,.T.);
#3939=ORIENTED_EDGE('',*,*,#4850,.T.);
#3940=ORIENTED_EDGE('',*,*,#4841,.T.);
#3941=ORIENTED_EDGE('',*,*,#4845,.T.);
#3942=ORIENTED_EDGE('',*,*,#5222,.T.);
#3943=ORIENTED_EDGE('',*,*,#4846,.T.);
#3944=ORIENTED_EDGE('',*,*,#4838,.T.);
#3945=ORIENTED_EDGE('',*,*,#4833,.T.);
#3946=ORIENTED_EDGE('',*,*,#4824,.T.);
#3947=ORIENTED_EDGE('',*,*,#5216,.T.);
#3948=ORIENTED_EDGE('',*,*,#5214,.T.);
#3949=ORIENTED_EDGE('',*,*,#5212,.T.);
#3950=ORIENTED_EDGE('',*,*,#5204,.T.);
#3951=ORIENTED_EDGE('',*,*,#5295,.T.);
#3952=ORIENTED_EDGE('',*,*,#5210,.T.);
#3953=ORIENTED_EDGE('',*,*,#5207,.T.);
#3954=ORIENTED_EDGE('',*,*,#5194,.T.);
#3955=ORIENTED_EDGE('',*,*,#5293,.T.);
#3956=ORIENTED_EDGE('',*,*,#5200,.T.);
#3957=ORIENTED_EDGE('',*,*,#5197,.T.);
#3958=ORIENTED_EDGE('',*,*,#5184,.T.);
#3959=ORIENTED_EDGE('',*,*,#5291,.T.);
#3960=ORIENTED_EDGE('',*,*,#5190,.T.);
#3961=ORIENTED_EDGE('',*,*,#5187,.T.);
#3962=ORIENTED_EDGE('',*,*,#5174,.T.);
#3963=ORIENTED_EDGE('',*,*,#5289,.T.);
#3964=ORIENTED_EDGE('',*,*,#5180,.T.);
#3965=ORIENTED_EDGE('',*,*,#5177,.T.);
#3966=ORIENTED_EDGE('',*,*,#5164,.T.);
#3967=ORIENTED_EDGE('',*,*,#5287,.T.);
#3968=ORIENTED_EDGE('',*,*,#5170,.T.);
#3969=ORIENTED_EDGE('',*,*,#5167,.T.);
#3970=ORIENTED_EDGE('',*,*,#5154,.T.);
#3971=ORIENTED_EDGE('',*,*,#5285,.T.);
#3972=ORIENTED_EDGE('',*,*,#5160,.T.);
#3973=ORIENTED_EDGE('',*,*,#5157,.T.);
#3974=ORIENTED_EDGE('',*,*,#5144,.T.);
#3975=ORIENTED_EDGE('',*,*,#5283,.T.);
#3976=ORIENTED_EDGE('',*,*,#5150,.T.);
#3977=ORIENTED_EDGE('',*,*,#5147,.T.);
#3978=ORIENTED_EDGE('',*,*,#5134,.T.);
#3979=ORIENTED_EDGE('',*,*,#5281,.T.);
#3980=ORIENTED_EDGE('',*,*,#5140,.T.);
#3981=ORIENTED_EDGE('',*,*,#5137,.T.);
#3982=ORIENTED_EDGE('',*,*,#5124,.T.);
#3983=ORIENTED_EDGE('',*,*,#5279,.T.);
#3984=ORIENTED_EDGE('',*,*,#5130,.T.);
#3985=ORIENTED_EDGE('',*,*,#5127,.T.);
#3986=ORIENTED_EDGE('',*,*,#5114,.T.);
#3987=ORIENTED_EDGE('',*,*,#5277,.T.);
#3988=ORIENTED_EDGE('',*,*,#5120,.T.);
#3989=ORIENTED_EDGE('',*,*,#5117,.T.);
#3990=ORIENTED_EDGE('',*,*,#5104,.T.);
#3991=ORIENTED_EDGE('',*,*,#5275,.T.);
#3992=ORIENTED_EDGE('',*,*,#5110,.T.);
#3993=ORIENTED_EDGE('',*,*,#5107,.T.);
#3994=ORIENTED_EDGE('',*,*,#5094,.T.);
#3995=ORIENTED_EDGE('',*,*,#5273,.T.);
#3996=ORIENTED_EDGE('',*,*,#5100,.T.);
#3997=ORIENTED_EDGE('',*,*,#5097,.T.);
#3998=ORIENTED_EDGE('',*,*,#5084,.T.);
#3999=ORIENTED_EDGE('',*,*,#5271,.T.);
#4000=ORIENTED_EDGE('',*,*,#5090,.T.);
#4001=ORIENTED_EDGE('',*,*,#5087,.T.);
#4002=ORIENTED_EDGE('',*,*,#5074,.T.);
#4003=ORIENTED_EDGE('',*,*,#5269,.T.);
#4004=ORIENTED_EDGE('',*,*,#5080,.T.);
#4005=ORIENTED_EDGE('',*,*,#5077,.T.);
#4006=ORIENTED_EDGE('',*,*,#5064,.T.);
#4007=ORIENTED_EDGE('',*,*,#5267,.T.);
#4008=ORIENTED_EDGE('',*,*,#5070,.T.);
#4009=ORIENTED_EDGE('',*,*,#5067,.T.);
#4010=ORIENTED_EDGE('',*,*,#5054,.T.);
#4011=ORIENTED_EDGE('',*,*,#5265,.T.);
#4012=ORIENTED_EDGE('',*,*,#5060,.T.);
#4013=ORIENTED_EDGE('',*,*,#5057,.T.);
#4014=ORIENTED_EDGE('',*,*,#5044,.T.);
#4015=ORIENTED_EDGE('',*,*,#5263,.T.);
#4016=ORIENTED_EDGE('',*,*,#5050,.T.);
#4017=ORIENTED_EDGE('',*,*,#5047,.T.);
#4018=ORIENTED_EDGE('',*,*,#5034,.T.);
#4019=ORIENTED_EDGE('',*,*,#5261,.T.);
#4020=ORIENTED_EDGE('',*,*,#5040,.T.);
#4021=ORIENTED_EDGE('',*,*,#5037,.T.);
#4022=ORIENTED_EDGE('',*,*,#5024,.T.);
#4023=ORIENTED_EDGE('',*,*,#5259,.T.);
#4024=ORIENTED_EDGE('',*,*,#5030,.T.);
#4025=ORIENTED_EDGE('',*,*,#5027,.T.);
#4026=ORIENTED_EDGE('',*,*,#5014,.T.);
#4027=ORIENTED_EDGE('',*,*,#5257,.T.);
#4028=ORIENTED_EDGE('',*,*,#5020,.T.);
#4029=ORIENTED_EDGE('',*,*,#5017,.T.);
#4030=ORIENTED_EDGE('',*,*,#5004,.T.);
#4031=ORIENTED_EDGE('',*,*,#5255,.T.);
#4032=ORIENTED_EDGE('',*,*,#5010,.T.);
#4033=ORIENTED_EDGE('',*,*,#5007,.T.);
#4034=ORIENTED_EDGE('',*,*,#4994,.T.);
#4035=ORIENTED_EDGE('',*,*,#5253,.T.);
#4036=ORIENTED_EDGE('',*,*,#5000,.T.);
#4037=ORIENTED_EDGE('',*,*,#4997,.T.);
#4038=ORIENTED_EDGE('',*,*,#4984,.T.);
#4039=ORIENTED_EDGE('',*,*,#5251,.T.);
#4040=ORIENTED_EDGE('',*,*,#4990,.T.);
#4041=ORIENTED_EDGE('',*,*,#4987,.T.);
#4042=ORIENTED_EDGE('',*,*,#4974,.T.);
#4043=ORIENTED_EDGE('',*,*,#5249,.T.);
#4044=ORIENTED_EDGE('',*,*,#4980,.T.);
#4045=ORIENTED_EDGE('',*,*,#4977,.T.);
#4046=ORIENTED_EDGE('',*,*,#4964,.T.);
#4047=ORIENTED_EDGE('',*,*,#5247,.T.);
#4048=ORIENTED_EDGE('',*,*,#4970,.T.);
#4049=ORIENTED_EDGE('',*,*,#4967,.T.);
#4050=ORIENTED_EDGE('',*,*,#4954,.T.);
#4051=ORIENTED_EDGE('',*,*,#5245,.T.);
#4052=ORIENTED_EDGE('',*,*,#4960,.T.);
#4053=ORIENTED_EDGE('',*,*,#4957,.T.);
#4054=ORIENTED_EDGE('',*,*,#4944,.T.);
#4055=ORIENTED_EDGE('',*,*,#5243,.T.);
#4056=ORIENTED_EDGE('',*,*,#4950,.T.);
#4057=ORIENTED_EDGE('',*,*,#4947,.T.);
#4058=ORIENTED_EDGE('',*,*,#4934,.T.);
#4059=ORIENTED_EDGE('',*,*,#5241,.T.);
#4060=ORIENTED_EDGE('',*,*,#4940,.T.);
#4061=ORIENTED_EDGE('',*,*,#4937,.T.);
#4062=ORIENTED_EDGE('',*,*,#4924,.T.);
#4063=ORIENTED_EDGE('',*,*,#5239,.T.);
#4064=ORIENTED_EDGE('',*,*,#4930,.T.);
#4065=ORIENTED_EDGE('',*,*,#4927,.T.);
#4066=ORIENTED_EDGE('',*,*,#4914,.T.);
#4067=ORIENTED_EDGE('',*,*,#5237,.T.);
#4068=ORIENTED_EDGE('',*,*,#4920,.T.);
#4069=ORIENTED_EDGE('',*,*,#4917,.T.);
#4070=ORIENTED_EDGE('',*,*,#4904,.T.);
#4071=ORIENTED_EDGE('',*,*,#5235,.T.);
#4072=ORIENTED_EDGE('',*,*,#4910,.T.);
#4073=ORIENTED_EDGE('',*,*,#4907,.T.);
#4074=ORIENTED_EDGE('',*,*,#4894,.T.);
#4075=ORIENTED_EDGE('',*,*,#5233,.T.);
#4076=ORIENTED_EDGE('',*,*,#4900,.T.);
#4077=ORIENTED_EDGE('',*,*,#4897,.T.);
#4078=ORIENTED_EDGE('',*,*,#4884,.T.);
#4079=ORIENTED_EDGE('',*,*,#5231,.T.);
#4080=ORIENTED_EDGE('',*,*,#4890,.T.);
#4081=ORIENTED_EDGE('',*,*,#4887,.T.);
#4082=ORIENTED_EDGE('',*,*,#4874,.T.);
#4083=ORIENTED_EDGE('',*,*,#5229,.T.);
#4084=ORIENTED_EDGE('',*,*,#4880,.T.);
#4085=ORIENTED_EDGE('',*,*,#4877,.T.);
#4086=ORIENTED_EDGE('',*,*,#4864,.T.);
#4087=ORIENTED_EDGE('',*,*,#5227,.T.);
#4088=ORIENTED_EDGE('',*,*,#4870,.T.);
#4089=ORIENTED_EDGE('',*,*,#4867,.T.);
#4090=ORIENTED_EDGE('',*,*,#4854,.T.);
#4091=ORIENTED_EDGE('',*,*,#5225,.T.);
#4092=ORIENTED_EDGE('',*,*,#4860,.T.);
#4093=ORIENTED_EDGE('',*,*,#4857,.T.);
#4094=ORIENTED_EDGE('',*,*,#5192,.F.);
#4095=ORIENTED_EDGE('',*,*,#5196,.F.);
#4096=ORIENTED_EDGE('',*,*,#5199,.F.);
#4097=ORIENTED_EDGE('',*,*,#5292,.F.);
#4098=ORIENTED_EDGE('',*,*,#5182,.F.);
#4099=ORIENTED_EDGE('',*,*,#5186,.F.);
#4100=ORIENTED_EDGE('',*,*,#5189,.F.);
#4101=ORIENTED_EDGE('',*,*,#5290,.F.);
#4102=ORIENTED_EDGE('',*,*,#5172,.F.);
#4103=ORIENTED_EDGE('',*,*,#5176,.F.);
#4104=ORIENTED_EDGE('',*,*,#5179,.F.);
#4105=ORIENTED_EDGE('',*,*,#5288,.F.);
#4106=ORIENTED_EDGE('',*,*,#5162,.F.);
#4107=ORIENTED_EDGE('',*,*,#5166,.F.);
#4108=ORIENTED_EDGE('',*,*,#5169,.F.);
#4109=ORIENTED_EDGE('',*,*,#5286,.F.);
#4110=ORIENTED_EDGE('',*,*,#5152,.F.);
#4111=ORIENTED_EDGE('',*,*,#5156,.F.);
#4112=ORIENTED_EDGE('',*,*,#5159,.F.);
#4113=ORIENTED_EDGE('',*,*,#5284,.F.);
#4114=ORIENTED_EDGE('',*,*,#5142,.F.);
#4115=ORIENTED_EDGE('',*,*,#5146,.F.);
#4116=ORIENTED_EDGE('',*,*,#5149,.F.);
#4117=ORIENTED_EDGE('',*,*,#5282,.F.);
#4118=ORIENTED_EDGE('',*,*,#5132,.F.);
#4119=ORIENTED_EDGE('',*,*,#5136,.F.);
#4120=ORIENTED_EDGE('',*,*,#5139,.F.);
#4121=ORIENTED_EDGE('',*,*,#5280,.F.);
#4122=ORIENTED_EDGE('',*,*,#5122,.F.);
#4123=ORIENTED_EDGE('',*,*,#5126,.F.);
#4124=ORIENTED_EDGE('',*,*,#5129,.F.);
#4125=ORIENTED_EDGE('',*,*,#5278,.F.);
#4126=ORIENTED_EDGE('',*,*,#5112,.F.);
#4127=ORIENTED_EDGE('',*,*,#5116,.F.);
#4128=ORIENTED_EDGE('',*,*,#5119,.F.);
#4129=ORIENTED_EDGE('',*,*,#5276,.F.);
#4130=ORIENTED_EDGE('',*,*,#5102,.F.);
#4131=ORIENTED_EDGE('',*,*,#5106,.F.);
#4132=ORIENTED_EDGE('',*,*,#5109,.F.);
#4133=ORIENTED_EDGE('',*,*,#5274,.F.);
#4134=ORIENTED_EDGE('',*,*,#5092,.F.);
#4135=ORIENTED_EDGE('',*,*,#5096,.F.);
#4136=ORIENTED_EDGE('',*,*,#5099,.F.);
#4137=ORIENTED_EDGE('',*,*,#5272,.F.);
#4138=ORIENTED_EDGE('',*,*,#5082,.F.);
#4139=ORIENTED_EDGE('',*,*,#5086,.F.);
#4140=ORIENTED_EDGE('',*,*,#5089,.F.);
#4141=ORIENTED_EDGE('',*,*,#5270,.F.);
#4142=ORIENTED_EDGE('',*,*,#5072,.F.);
#4143=ORIENTED_EDGE('',*,*,#5076,.F.);
#4144=ORIENTED_EDGE('',*,*,#5079,.F.);
#4145=ORIENTED_EDGE('',*,*,#5268,.F.);
#4146=ORIENTED_EDGE('',*,*,#5062,.F.);
#4147=ORIENTED_EDGE('',*,*,#5066,.F.);
#4148=ORIENTED_EDGE('',*,*,#5069,.F.);
#4149=ORIENTED_EDGE('',*,*,#5266,.F.);
#4150=ORIENTED_EDGE('',*,*,#5052,.F.);
#4151=ORIENTED_EDGE('',*,*,#5056,.F.);
#4152=ORIENTED_EDGE('',*,*,#5059,.F.);
#4153=ORIENTED_EDGE('',*,*,#5264,.F.);
#4154=ORIENTED_EDGE('',*,*,#5042,.F.);
#4155=ORIENTED_EDGE('',*,*,#5046,.F.);
#4156=ORIENTED_EDGE('',*,*,#5049,.F.);
#4157=ORIENTED_EDGE('',*,*,#5262,.F.);
#4158=ORIENTED_EDGE('',*,*,#5032,.F.);
#4159=ORIENTED_EDGE('',*,*,#5036,.F.);
#4160=ORIENTED_EDGE('',*,*,#5039,.F.);
#4161=ORIENTED_EDGE('',*,*,#5260,.F.);
#4162=ORIENTED_EDGE('',*,*,#5022,.F.);
#4163=ORIENTED_EDGE('',*,*,#5026,.F.);
#4164=ORIENTED_EDGE('',*,*,#5029,.F.);
#4165=ORIENTED_EDGE('',*,*,#5258,.F.);
#4166=ORIENTED_EDGE('',*,*,#5012,.F.);
#4167=ORIENTED_EDGE('',*,*,#5016,.F.);
#4168=ORIENTED_EDGE('',*,*,#5019,.F.);
#4169=ORIENTED_EDGE('',*,*,#5256,.F.);
#4170=ORIENTED_EDGE('',*,*,#5002,.F.);
#4171=ORIENTED_EDGE('',*,*,#5006,.F.);
#4172=ORIENTED_EDGE('',*,*,#5009,.F.);
#4173=ORIENTED_EDGE('',*,*,#5254,.F.);
#4174=ORIENTED_EDGE('',*,*,#4992,.F.);
#4175=ORIENTED_EDGE('',*,*,#4996,.F.);
#4176=ORIENTED_EDGE('',*,*,#4999,.F.);
#4177=ORIENTED_EDGE('',*,*,#5252,.F.);
#4178=ORIENTED_EDGE('',*,*,#4982,.F.);
#4179=ORIENTED_EDGE('',*,*,#4986,.F.);
#4180=ORIENTED_EDGE('',*,*,#4989,.F.);
#4181=ORIENTED_EDGE('',*,*,#5250,.F.);
#4182=ORIENTED_EDGE('',*,*,#4972,.F.);
#4183=ORIENTED_EDGE('',*,*,#4976,.F.);
#4184=ORIENTED_EDGE('',*,*,#4979,.F.);
#4185=ORIENTED_EDGE('',*,*,#5248,.F.);
#4186=ORIENTED_EDGE('',*,*,#4962,.F.);
#4187=ORIENTED_EDGE('',*,*,#4966,.F.);
#4188=ORIENTED_EDGE('',*,*,#4969,.F.);
#4189=ORIENTED_EDGE('',*,*,#5246,.F.);
#4190=ORIENTED_EDGE('',*,*,#4952,.F.);
#4191=ORIENTED_EDGE('',*,*,#4956,.F.);
#4192=ORIENTED_EDGE('',*,*,#4959,.F.);
#4193=ORIENTED_EDGE('',*,*,#5244,.F.);
#4194=ORIENTED_EDGE('',*,*,#4942,.F.);
#4195=ORIENTED_EDGE('',*,*,#4946,.F.);
#4196=ORIENTED_EDGE('',*,*,#4949,.F.);
#4197=ORIENTED_EDGE('',*,*,#5242,.F.);
#4198=ORIENTED_EDGE('',*,*,#4932,.F.);
#4199=ORIENTED_EDGE('',*,*,#4936,.F.);
#4200=ORIENTED_EDGE('',*,*,#4939,.F.);
#4201=ORIENTED_EDGE('',*,*,#5240,.F.);
#4202=ORIENTED_EDGE('',*,*,#4922,.F.);
#4203=ORIENTED_EDGE('',*,*,#4926,.F.);
#4204=ORIENTED_EDGE('',*,*,#4929,.F.);
#4205=ORIENTED_EDGE('',*,*,#5238,.F.);
#4206=ORIENTED_EDGE('',*,*,#4912,.F.);
#4207=ORIENTED_EDGE('',*,*,#4916,.F.);
#4208=ORIENTED_EDGE('',*,*,#4919,.F.);
#4209=ORIENTED_EDGE('',*,*,#5236,.F.);
#4210=ORIENTED_EDGE('',*,*,#4902,.F.);
#4211=ORIENTED_EDGE('',*,*,#4906,.F.);
#4212=ORIENTED_EDGE('',*,*,#4909,.F.);
#4213=ORIENTED_EDGE('',*,*,#5234,.F.);
#4214=ORIENTED_EDGE('',*,*,#4892,.F.);
#4215=ORIENTED_EDGE('',*,*,#4896,.F.);
#4216=ORIENTED_EDGE('',*,*,#4899,.F.);
#4217=ORIENTED_EDGE('',*,*,#5232,.F.);
#4218=ORIENTED_EDGE('',*,*,#4882,.F.);
#4219=ORIENTED_EDGE('',*,*,#4886,.F.);
#4220=ORIENTED_EDGE('',*,*,#4889,.F.);
#4221=ORIENTED_EDGE('',*,*,#5230,.F.);
#4222=ORIENTED_EDGE('',*,*,#4872,.F.);
#4223=ORIENTED_EDGE('',*,*,#4876,.F.);
#4224=ORIENTED_EDGE('',*,*,#4879,.F.);
#4225=ORIENTED_EDGE('',*,*,#5228,.F.);
#4226=ORIENTED_EDGE('',*,*,#4862,.F.);
#4227=ORIENTED_EDGE('',*,*,#4866,.F.);
#4228=ORIENTED_EDGE('',*,*,#4869,.F.);
#4229=ORIENTED_EDGE('',*,*,#5226,.F.);
#4230=ORIENTED_EDGE('',*,*,#4852,.F.);
#4231=ORIENTED_EDGE('',*,*,#4856,.F.);
#4232=ORIENTED_EDGE('',*,*,#4859,.F.);
#4233=ORIENTED_EDGE('',*,*,#5224,.F.);
#4234=ORIENTED_EDGE('',*,*,#5202,.F.);
#4235=ORIENTED_EDGE('',*,*,#5206,.F.);
#4236=ORIENTED_EDGE('',*,*,#5209,.F.);
#4237=ORIENTED_EDGE('',*,*,#5294,.F.);
#4238=EDGE_CURVE('',#5296,#5297,#6000,.T.);
#4239=EDGE_CURVE('',#5298,#5296,#38,.T.);
#4240=EDGE_CURVE('',#5299,#5298,#39,.T.);
#4241=EDGE_CURVE('',#5300,#5299,#40,.T.);
#4242=EDGE_CURVE('',#5301,#5300,#41,.T.);
#4243=EDGE_CURVE('',#5302,#5301,#42,.T.);
#4244=EDGE_CURVE('',#5303,#5302,#43,.T.);
#4245=EDGE_CURVE('',#5297,#5303,#44,.T.);
#4246=EDGE_CURVE('',#5297,#5304,#6001,.T.);
#4247=EDGE_CURVE('',#5305,#5297,#45,.T.);
#4248=EDGE_CURVE('',#5306,#5305,#6002,.T.);
#4249=EDGE_CURVE('',#5304,#5306,#46,.T.);
#4250=EDGE_CURVE('',#5307,#5308,#6003,.T.);
#4251=EDGE_CURVE('',#5309,#5307,#47,.T.);
#4252=EDGE_CURVE('',#5310,#5309,#6004,.T.);
#4253=EDGE_CURVE('',#5308,#5310,#48,.T.);
#4254=EDGE_CURVE('',#5308,#5311,#6005,.T.);
#4255=EDGE_CURVE('',#5312,#5308,#49,.T.);
#4256=EDGE_CURVE('',#5313,#5312,#6006,.T.);
#4257=EDGE_CURVE('',#5311,#5313,#50,.T.);
#4258=EDGE_CURVE('',#5314,#5315,#51,.T.);
#4259=EDGE_CURVE('',#5314,#5316,#52,.T.);
#4260=EDGE_CURVE('',#5316,#5317,#53,.T.);
#4261=EDGE_CURVE('',#5318,#5317,#54,.T.);
#4262=EDGE_CURVE('',#5318,#5319,#55,.T.);
#4263=EDGE_CURVE('',#5320,#5319,#56,.T.);
#4264=EDGE_CURVE('',#5321,#5320,#57,.T.);
#4265=EDGE_CURVE('',#5322,#5321,#58,.T.);
#4266=EDGE_CURVE('',#5302,#5322,#59,.T.);
#4267=EDGE_CURVE('',#5323,#5301,#60,.T.);
#4268=EDGE_CURVE('',#5315,#5323,#61,.T.);
#4269=EDGE_CURVE('',#5324,#5325,#62,.T.);
#4270=EDGE_CURVE('',#5326,#5324,#63,.T.);
#4271=EDGE_CURVE('',#5300,#5326,#64,.T.);
#4272=EDGE_CURVE('',#5299,#5327,#65,.T.);
#4273=EDGE_CURVE('',#5328,#5327,#66,.T.);
#4274=EDGE_CURVE('',#5329,#5328,#67,.T.);
#4275=EDGE_CURVE('',#5329,#5325,#68,.T.);
#4276=EDGE_CURVE('',#5311,#5307,#6007,.T.);
#4277=EDGE_CURVE('',#5330,#5311,#69,.T.);
#4278=EDGE_CURVE('',#5316,#5330,#70,.T.);
#4279=EDGE_CURVE('',#5325,#5314,#71,.T.);
#4280=EDGE_CURVE('',#5331,#5329,#72,.T.);
#4281=EDGE_CURVE('',#5307,#5331,#73,.T.);
#4282=EDGE_CURVE('',#5304,#5296,#6008,.T.);
#4283=EDGE_CURVE('',#5332,#5304,#74,.T.);
#4284=EDGE_CURVE('',#5333,#5332,#6009,.T.);
#4285=EDGE_CURVE('',#5296,#5333,#75,.T.);
#4286=EDGE_CURVE('',#5334,#5335,#76,.T.);
#4287=EDGE_CURVE('',#5312,#5335,#77,.T.);
#4288=EDGE_CURVE('',#5310,#5334,#78,.T.);
#4289=EDGE_CURVE('',#5336,#5337,#79,.T.);
#4290=EDGE_CURVE('',#5332,#5336,#80,.T.);
#4291=EDGE_CURVE('',#5306,#5337,#81,.T.);
#4292=EDGE_CURVE('',#5338,#5339,#82,.T.);
#4293=EDGE_CURVE('',#5340,#5338,#83,.T.);
#4294=EDGE_CURVE('',#5341,#5340,#84,.T.);
#4295=EDGE_CURVE('',#5339,#5341,#85,.T.);
#4296=EDGE_CURVE('',#5342,#5343,#86,.T.);
#4297=EDGE_CURVE('',#5344,#5342,#87,.T.);
#4298=EDGE_CURVE('',#5345,#5344,#88,.T.);
#4299=EDGE_CURVE('',#5343,#5345,#89,.T.);
#4300=EDGE_CURVE('',#5346,#5347,#90,.T.);
#4301=EDGE_CURVE('',#5348,#5346,#91,.T.);
#4302=EDGE_CURVE('',#5349,#5348,#92,.T.);
#4303=EDGE_CURVE('',#5347,#5349,#93,.T.);
#4304=EDGE_CURVE('',#5350,#5351,#94,.T.);
#4305=EDGE_CURVE('',#5352,#5350,#95,.T.);
#4306=EDGE_CURVE('',#5353,#5352,#96,.T.);
#4307=EDGE_CURVE('',#5351,#5353,#97,.T.);
#4308=EDGE_CURVE('',#5354,#5355,#98,.T.);
#4309=EDGE_CURVE('',#5356,#5354,#99,.T.);
#4310=EDGE_CURVE('',#5357,#5356,#100,.T.);
#4311=EDGE_CURVE('',#5355,#5357,#101,.T.);
#4312=EDGE_CURVE('',#5358,#5359,#102,.T.);
#4313=EDGE_CURVE('',#5360,#5358,#103,.T.);
#4314=EDGE_CURVE('',#5361,#5360,#104,.T.);
#4315=EDGE_CURVE('',#5359,#5361,#105,.T.);
#4316=EDGE_CURVE('',#5362,#5363,#106,.T.);
#4317=EDGE_CURVE('',#5364,#5362,#107,.T.);
#4318=EDGE_CURVE('',#5365,#5364,#108,.T.);
#4319=EDGE_CURVE('',#5363,#5365,#109,.T.);
#4320=EDGE_CURVE('',#5366,#5367,#110,.T.);
#4321=EDGE_CURVE('',#5368,#5366,#111,.T.);
#4322=EDGE_CURVE('',#5369,#5368,#112,.T.);
#4323=EDGE_CURVE('',#5367,#5369,#113,.T.);
#4324=EDGE_CURVE('',#5370,#5371,#114,.T.);
#4325=EDGE_CURVE('',#5372,#5370,#115,.T.);
#4326=EDGE_CURVE('',#5373,#5372,#116,.T.);
#4327=EDGE_CURVE('',#5371,#5373,#117,.T.);
#4328=EDGE_CURVE('',#5374,#5375,#118,.T.);
#4329=EDGE_CURVE('',#5376,#5374,#119,.T.);
#4330=EDGE_CURVE('',#5377,#5376,#120,.T.);
#4331=EDGE_CURVE('',#5375,#5377,#121,.T.);
#4332=EDGE_CURVE('',#5378,#5379,#122,.T.);
#4333=EDGE_CURVE('',#5380,#5378,#123,.T.);
#4334=EDGE_CURVE('',#5381,#5380,#124,.T.);
#4335=EDGE_CURVE('',#5379,#5381,#125,.T.);
#4336=EDGE_CURVE('',#5382,#5383,#126,.T.);
#4337=EDGE_CURVE('',#5384,#5382,#127,.T.);
#4338=EDGE_CURVE('',#5385,#5384,#128,.T.);
#4339=EDGE_CURVE('',#5383,#5385,#129,.T.);
#4340=EDGE_CURVE('',#5386,#5387,#130,.T.);
#4341=EDGE_CURVE('',#5388,#5386,#131,.T.);
#4342=EDGE_CURVE('',#5389,#5388,#132,.T.);
#4343=EDGE_CURVE('',#5387,#5389,#133,.T.);
#4344=EDGE_CURVE('',#5390,#5391,#134,.T.);
#4345=EDGE_CURVE('',#5392,#5390,#135,.T.);
#4346=EDGE_CURVE('',#5393,#5392,#136,.T.);
#4347=EDGE_CURVE('',#5391,#5393,#137,.T.);
#4348=EDGE_CURVE('',#5394,#5395,#138,.T.);
#4349=EDGE_CURVE('',#5396,#5394,#139,.T.);
#4350=EDGE_CURVE('',#5397,#5396,#140,.T.);
#4351=EDGE_CURVE('',#5395,#5397,#141,.T.);
#4352=EDGE_CURVE('',#5398,#5399,#142,.T.);
#4353=EDGE_CURVE('',#5400,#5398,#143,.T.);
#4354=EDGE_CURVE('',#5401,#5400,#144,.T.);
#4355=EDGE_CURVE('',#5399,#5401,#145,.T.);
#4356=EDGE_CURVE('',#5402,#5403,#146,.T.);
#4357=EDGE_CURVE('',#5404,#5402,#147,.T.);
#4358=EDGE_CURVE('',#5405,#5404,#148,.T.);
#4359=EDGE_CURVE('',#5403,#5405,#149,.T.);
#4360=EDGE_CURVE('',#5406,#5407,#150,.T.);
#4361=EDGE_CURVE('',#5408,#5406,#151,.T.);
#4362=EDGE_CURVE('',#5409,#5408,#152,.T.);
#4363=EDGE_CURVE('',#5407,#5409,#153,.T.);
#4364=EDGE_CURVE('',#5410,#5411,#154,.T.);
#4365=EDGE_CURVE('',#5412,#5410,#155,.T.);
#4366=EDGE_CURVE('',#5413,#5412,#156,.T.);
#4367=EDGE_CURVE('',#5411,#5413,#157,.T.);
#4368=EDGE_CURVE('',#5414,#5415,#158,.T.);
#4369=EDGE_CURVE('',#5416,#5414,#159,.T.);
#4370=EDGE_CURVE('',#5417,#5416,#160,.T.);
#4371=EDGE_CURVE('',#5415,#5417,#161,.T.);
#4372=EDGE_CURVE('',#5418,#5419,#162,.T.);
#4373=EDGE_CURVE('',#5420,#5418,#163,.T.);
#4374=EDGE_CURVE('',#5421,#5420,#164,.T.);
#4375=EDGE_CURVE('',#5419,#5421,#165,.T.);
#4376=EDGE_CURVE('',#5422,#5423,#166,.T.);
#4377=EDGE_CURVE('',#5424,#5422,#167,.T.);
#4378=EDGE_CURVE('',#5425,#5424,#168,.T.);
#4379=EDGE_CURVE('',#5423,#5425,#169,.T.);
#4380=EDGE_CURVE('',#5426,#5427,#170,.T.);
#4381=EDGE_CURVE('',#5428,#5426,#171,.T.);
#4382=EDGE_CURVE('',#5429,#5428,#172,.T.);
#4383=EDGE_CURVE('',#5427,#5429,#173,.T.);
#4384=EDGE_CURVE('',#5430,#5431,#174,.T.);
#4385=EDGE_CURVE('',#5432,#5430,#175,.T.);
#4386=EDGE_CURVE('',#5433,#5432,#176,.T.);
#4387=EDGE_CURVE('',#5431,#5433,#177,.T.);
#4388=EDGE_CURVE('',#5434,#5435,#178,.T.);
#4389=EDGE_CURVE('',#5436,#5434,#179,.T.);
#4390=EDGE_CURVE('',#5437,#5436,#180,.T.);
#4391=EDGE_CURVE('',#5435,#5437,#181,.T.);
#4392=EDGE_CURVE('',#5438,#5439,#182,.T.);
#4393=EDGE_CURVE('',#5440,#5438,#183,.T.);
#4394=EDGE_CURVE('',#5441,#5440,#184,.T.);
#4395=EDGE_CURVE('',#5439,#5441,#185,.T.);
#4396=EDGE_CURVE('',#5442,#5443,#186,.T.);
#4397=EDGE_CURVE('',#5444,#5442,#187,.T.);
#4398=EDGE_CURVE('',#5445,#5444,#188,.T.);
#4399=EDGE_CURVE('',#5443,#5445,#189,.T.);
#4400=EDGE_CURVE('',#5446,#5447,#190,.T.);
#4401=EDGE_CURVE('',#5448,#5446,#191,.T.);
#4402=EDGE_CURVE('',#5449,#5448,#192,.T.);
#4403=EDGE_CURVE('',#5447,#5449,#193,.T.);
#4404=EDGE_CURVE('',#5450,#5451,#194,.T.);
#4405=EDGE_CURVE('',#5452,#5450,#195,.T.);
#4406=EDGE_CURVE('',#5453,#5452,#196,.T.);
#4407=EDGE_CURVE('',#5451,#5453,#197,.T.);
#4408=EDGE_CURVE('',#5454,#5455,#198,.T.);
#4409=EDGE_CURVE('',#5456,#5454,#199,.T.);
#4410=EDGE_CURVE('',#5457,#5456,#200,.T.);
#4411=EDGE_CURVE('',#5455,#5457,#201,.T.);
#4412=EDGE_CURVE('',#5458,#5459,#202,.T.);
#4413=EDGE_CURVE('',#5460,#5458,#203,.T.);
#4414=EDGE_CURVE('',#5461,#5460,#204,.T.);
#4415=EDGE_CURVE('',#5459,#5461,#205,.T.);
#4416=EDGE_CURVE('',#5462,#5463,#206,.T.);
#4417=EDGE_CURVE('',#5464,#5462,#207,.T.);
#4418=EDGE_CURVE('',#5465,#5464,#208,.T.);
#4419=EDGE_CURVE('',#5463,#5465,#209,.T.);
#4420=EDGE_CURVE('',#5466,#5467,#210,.T.);
#4421=EDGE_CURVE('',#5468,#5466,#211,.T.);
#4422=EDGE_CURVE('',#5469,#5468,#212,.T.);
#4423=EDGE_CURVE('',#5467,#5469,#213,.T.);
#4424=EDGE_CURVE('',#5470,#5471,#214,.T.);
#4425=EDGE_CURVE('',#5472,#5470,#215,.T.);
#4426=EDGE_CURVE('',#5473,#5472,#216,.T.);
#4427=EDGE_CURVE('',#5471,#5473,#217,.T.);
#4428=EDGE_CURVE('',#5474,#5475,#218,.T.);
#4429=EDGE_CURVE('',#5476,#5474,#219,.T.);
#4430=EDGE_CURVE('',#5477,#5476,#220,.T.);
#4431=EDGE_CURVE('',#5475,#5477,#221,.T.);
#4432=EDGE_CURVE('',#5478,#5479,#222,.T.);
#4433=EDGE_CURVE('',#5480,#5478,#223,.T.);
#4434=EDGE_CURVE('',#5481,#5480,#224,.T.);
#4435=EDGE_CURVE('',#5479,#5481,#225,.T.);
#4436=EDGE_CURVE('',#5482,#5483,#226,.T.);
#4437=EDGE_CURVE('',#5484,#5482,#227,.T.);
#4438=EDGE_CURVE('',#5485,#5484,#228,.T.);
#4439=EDGE_CURVE('',#5483,#5485,#229,.T.);
#4440=EDGE_CURVE('',#5486,#5487,#230,.T.);
#4441=EDGE_CURVE('',#5488,#5486,#231,.T.);
#4442=EDGE_CURVE('',#5489,#5488,#232,.T.);
#4443=EDGE_CURVE('',#5487,#5489,#233,.T.);
#4444=EDGE_CURVE('',#5490,#5491,#234,.T.);
#4445=EDGE_CURVE('',#5492,#5490,#235,.T.);
#4446=EDGE_CURVE('',#5493,#5492,#236,.T.);
#4447=EDGE_CURVE('',#5491,#5493,#237,.T.);
#4448=EDGE_CURVE('',#5494,#5495,#238,.T.);
#4449=EDGE_CURVE('',#5496,#5494,#239,.T.);
#4450=EDGE_CURVE('',#5497,#5496,#240,.T.);
#4451=EDGE_CURVE('',#5495,#5497,#241,.T.);
#4452=EDGE_CURVE('',#5317,#5328,#242,.T.);
#4453=EDGE_CURVE('',#5327,#5322,#243,.T.);
#4454=EDGE_CURVE('',#5498,#5321,#244,.T.);
#4455=EDGE_CURVE('',#5498,#5499,#245,.T.);
#4456=EDGE_CURVE('',#5499,#5318,#246,.T.);
#4457=EDGE_CURVE('',#5309,#5500,#247,.T.);
#4458=EDGE_CURVE('',#5500,#5334,#6010,.F.);
#4459=EDGE_CURVE('',#5331,#5501,#248,.T.);
#4460=EDGE_CURVE('',#5501,#5500,#249,.T.);
#4461=EDGE_CURVE('',#5333,#5502,#250,.T.);
#4462=EDGE_CURVE('',#5502,#5503,#251,.T.);
#4463=EDGE_CURVE('',#5298,#5503,#252,.T.);
#4464=EDGE_CURVE('',#5336,#5502,#6011,.F.);
#4465=EDGE_CURVE('',#5305,#5504,#253,.T.);
#4466=EDGE_CURVE('',#5504,#5337,#6012,.F.);
#4467=EDGE_CURVE('',#5303,#5505,#254,.T.);
#4468=EDGE_CURVE('',#5505,#5504,#255,.T.);
#4469=EDGE_CURVE('',#5335,#5506,#6013,.F.);
#4470=EDGE_CURVE('',#5313,#5506,#256,.T.);
#4471=EDGE_CURVE('',#5506,#5507,#257,.T.);
#4472=EDGE_CURVE('',#5330,#5507,#258,.T.);
#4473=EDGE_CURVE('',#5503,#5505,#259,.T.);
#4474=EDGE_CURVE('',#5501,#5507,#260,.T.);
#4475=EDGE_CURVE('',#5319,#5508,#261,.T.);
#4476=EDGE_CURVE('',#5509,#5508,#262,.T.);
#4477=EDGE_CURVE('',#5320,#5509,#263,.T.);
#4478=EDGE_CURVE('',#5508,#5499,#264,.T.);
#4479=EDGE_CURVE('',#5509,#5498,#265,.T.);
#4480=EDGE_CURVE('',#5326,#5323,#266,.T.);
#4481=EDGE_CURVE('',#5324,#5315,#267,.T.);
#4482=EDGE_CURVE('',#5510,#5510,#6014,.T.);
#4483=EDGE_CURVE('',#5511,#5511,#6015,.T.);
#4484=EDGE_CURVE('',#5512,#5495,#268,.T.);
#4485=EDGE_CURVE('',#5513,#5512,#269,.T.);
#4486=EDGE_CURVE('',#5513,#5494,#270,.T.);
#4487=EDGE_CURVE('',#5514,#5497,#271,.T.);
#4488=EDGE_CURVE('',#5512,#5514,#272,.T.);
#4489=EDGE_CURVE('',#5515,#5496,#273,.T.);
#4490=EDGE_CURVE('',#5514,#5515,#274,.T.);
#4491=EDGE_CURVE('',#5515,#5513,#275,.T.);
#4492=EDGE_CURVE('',#5516,#5491,#276,.T.);
#4493=EDGE_CURVE('',#5517,#5516,#277,.T.);
#4494=EDGE_CURVE('',#5517,#5490,#278,.T.);
#4495=EDGE_CURVE('',#5518,#5493,#279,.T.);
#4496=EDGE_CURVE('',#5516,#5518,#280,.T.);
#4497=EDGE_CURVE('',#5519,#5492,#281,.T.);
#4498=EDGE_CURVE('',#5518,#5519,#282,.T.);
#4499=EDGE_CURVE('',#5519,#5517,#283,.T.);
#4500=EDGE_CURVE('',#5520,#5487,#284,.T.);
#4501=EDGE_CURVE('',#5521,#5520,#285,.T.);
#4502=EDGE_CURVE('',#5521,#5486,#286,.T.);
#4503=EDGE_CURVE('',#5522,#5489,#287,.T.);
#4504=EDGE_CURVE('',#5520,#5522,#288,.T.);
#4505=EDGE_CURVE('',#5523,#5488,#289,.T.);
#4506=EDGE_CURVE('',#5522,#5523,#290,.T.);
#4507=EDGE_CURVE('',#5523,#5521,#291,.T.);
#4508=EDGE_CURVE('',#5524,#5483,#292,.T.);
#4509=EDGE_CURVE('',#5525,#5524,#293,.T.);
#4510=EDGE_CURVE('',#5525,#5482,#294,.T.);
#4511=EDGE_CURVE('',#5526,#5485,#295,.T.);
#4512=EDGE_CURVE('',#5524,#5526,#296,.T.);
#4513=EDGE_CURVE('',#5527,#5484,#297,.T.);
#4514=EDGE_CURVE('',#5526,#5527,#298,.T.);
#4515=EDGE_CURVE('',#5527,#5525,#299,.T.);
#4516=EDGE_CURVE('',#5528,#5479,#300,.T.);
#4517=EDGE_CURVE('',#5529,#5528,#301,.T.);
#4518=EDGE_CURVE('',#5529,#5478,#302,.T.);
#4519=EDGE_CURVE('',#5530,#5481,#303,.T.);
#4520=EDGE_CURVE('',#5528,#5530,#304,.T.);
#4521=EDGE_CURVE('',#5531,#5480,#305,.T.);
#4522=EDGE_CURVE('',#5530,#5531,#306,.T.);
#4523=EDGE_CURVE('',#5531,#5529,#307,.T.);
#4524=EDGE_CURVE('',#5532,#5475,#308,.T.);
#4525=EDGE_CURVE('',#5533,#5532,#309,.T.);
#4526=EDGE_CURVE('',#5533,#5474,#310,.T.);
#4527=EDGE_CURVE('',#5534,#5477,#311,.T.);
#4528=EDGE_CURVE('',#5532,#5534,#312,.T.);
#4529=EDGE_CURVE('',#5535,#5476,#313,.T.);
#4530=EDGE_CURVE('',#5534,#5535,#314,.T.);
#4531=EDGE_CURVE('',#5535,#5533,#315,.T.);
#4532=EDGE_CURVE('',#5536,#5471,#316,.T.);
#4533=EDGE_CURVE('',#5537,#5536,#317,.T.);
#4534=EDGE_CURVE('',#5537,#5470,#318,.T.);
#4535=EDGE_CURVE('',#5538,#5473,#319,.T.);
#4536=EDGE_CURVE('',#5536,#5538,#320,.T.);
#4537=EDGE_CURVE('',#5539,#5472,#321,.T.);
#4538=EDGE_CURVE('',#5538,#5539,#322,.T.);
#4539=EDGE_CURVE('',#5539,#5537,#323,.T.);
#4540=EDGE_CURVE('',#5540,#5467,#324,.T.);
#4541=EDGE_CURVE('',#5541,#5540,#325,.T.);
#4542=EDGE_CURVE('',#5541,#5466,#326,.T.);
#4543=EDGE_CURVE('',#5542,#5469,#327,.T.);
#4544=EDGE_CURVE('',#5540,#5542,#328,.T.);
#4545=EDGE_CURVE('',#5543,#5468,#329,.T.);
#4546=EDGE_CURVE('',#5542,#5543,#330,.T.);
#4547=EDGE_CURVE('',#5543,#5541,#331,.T.);
#4548=EDGE_CURVE('',#5544,#5463,#332,.T.);
#4549=EDGE_CURVE('',#5545,#5544,#333,.T.);
#4550=EDGE_CURVE('',#5545,#5462,#334,.T.);
#4551=EDGE_CURVE('',#5546,#5465,#335,.T.);
#4552=EDGE_CURVE('',#5544,#5546,#336,.T.);
#4553=EDGE_CURVE('',#5547,#5464,#337,.T.);
#4554=EDGE_CURVE('',#5546,#5547,#338,.T.);
#4555=EDGE_CURVE('',#5547,#5545,#339,.T.);
#4556=EDGE_CURVE('',#5548,#5459,#340,.T.);
#4557=EDGE_CURVE('',#5549,#5548,#341,.T.);
#4558=EDGE_CURVE('',#5549,#5458,#342,.T.);
#4559=EDGE_CURVE('',#5550,#5461,#343,.T.);
#4560=EDGE_CURVE('',#5548,#5550,#344,.T.);
#4561=EDGE_CURVE('',#5551,#5460,#345,.T.);
#4562=EDGE_CURVE('',#5550,#5551,#346,.T.);
#4563=EDGE_CURVE('',#5551,#5549,#347,.T.);
#4564=EDGE_CURVE('',#5552,#5455,#348,.T.);
#4565=EDGE_CURVE('',#5553,#5552,#349,.T.);
#4566=EDGE_CURVE('',#5553,#5454,#350,.T.);
#4567=EDGE_CURVE('',#5554,#5457,#351,.T.);
#4568=EDGE_CURVE('',#5552,#5554,#352,.T.);
#4569=EDGE_CURVE('',#5555,#5456,#353,.T.);
#4570=EDGE_CURVE('',#5554,#5555,#354,.T.);
#4571=EDGE_CURVE('',#5555,#5553,#355,.T.);
#4572=EDGE_CURVE('',#5556,#5451,#356,.T.);
#4573=EDGE_CURVE('',#5557,#5556,#357,.T.);
#4574=EDGE_CURVE('',#5557,#5450,#358,.T.);
#4575=EDGE_CURVE('',#5558,#5453,#359,.T.);
#4576=EDGE_CURVE('',#5556,#5558,#360,.T.);
#4577=EDGE_CURVE('',#5559,#5452,#361,.T.);
#4578=EDGE_CURVE('',#5558,#5559,#362,.T.);
#4579=EDGE_CURVE('',#5559,#5557,#363,.T.);
#4580=EDGE_CURVE('',#5560,#5447,#364,.T.);
#4581=EDGE_CURVE('',#5561,#5560,#365,.T.);
#4582=EDGE_CURVE('',#5561,#5446,#366,.T.);
#4583=EDGE_CURVE('',#5562,#5449,#367,.T.);
#4584=EDGE_CURVE('',#5560,#5562,#368,.T.);
#4585=EDGE_CURVE('',#5563,#5448,#369,.T.);
#4586=EDGE_CURVE('',#5562,#5563,#370,.T.);
#4587=EDGE_CURVE('',#5563,#5561,#371,.T.);
#4588=EDGE_CURVE('',#5564,#5443,#372,.T.);
#4589=EDGE_CURVE('',#5565,#5564,#373,.T.);
#4590=EDGE_CURVE('',#5565,#5442,#374,.T.);
#4591=EDGE_CURVE('',#5566,#5445,#375,.T.);
#4592=EDGE_CURVE('',#5564,#5566,#376,.T.);
#4593=EDGE_CURVE('',#5567,#5444,#377,.T.);
#4594=EDGE_CURVE('',#5566,#5567,#378,.T.);
#4595=EDGE_CURVE('',#5567,#5565,#379,.T.);
#4596=EDGE_CURVE('',#5568,#5439,#380,.T.);
#4597=EDGE_CURVE('',#5569,#5568,#381,.T.);
#4598=EDGE_CURVE('',#5569,#5438,#382,.T.);
#4599=EDGE_CURVE('',#5570,#5441,#383,.T.);
#4600=EDGE_CURVE('',#5568,#5570,#384,.T.);
#4601=EDGE_CURVE('',#5571,#5440,#385,.T.);
#4602=EDGE_CURVE('',#5570,#5571,#386,.T.);
#4603=EDGE_CURVE('',#5571,#5569,#387,.T.);
#4604=EDGE_CURVE('',#5572,#5435,#388,.T.);
#4605=EDGE_CURVE('',#5573,#5572,#389,.T.);
#4606=EDGE_CURVE('',#5573,#5434,#390,.T.);
#4607=EDGE_CURVE('',#5574,#5437,#391,.T.);
#4608=EDGE_CURVE('',#5572,#5574,#392,.T.);
#4609=EDGE_CURVE('',#5575,#5436,#393,.T.);
#4610=EDGE_CURVE('',#5574,#5575,#394,.T.);
#4611=EDGE_CURVE('',#5575,#5573,#395,.T.);
#4612=EDGE_CURVE('',#5576,#5431,#396,.T.);
#4613=EDGE_CURVE('',#5577,#5576,#397,.T.);
#4614=EDGE_CURVE('',#5577,#5430,#398,.T.);
#4615=EDGE_CURVE('',#5578,#5433,#399,.T.);
#4616=EDGE_CURVE('',#5576,#5578,#400,.T.);
#4617=EDGE_CURVE('',#5579,#5432,#401,.T.);
#4618=EDGE_CURVE('',#5578,#5579,#402,.T.);
#4619=EDGE_CURVE('',#5579,#5577,#403,.T.);
#4620=EDGE_CURVE('',#5580,#5427,#404,.T.);
#4621=EDGE_CURVE('',#5581,#5580,#405,.T.);
#4622=EDGE_CURVE('',#5581,#5426,#406,.T.);
#4623=EDGE_CURVE('',#5582,#5429,#407,.T.);
#4624=EDGE_CURVE('',#5580,#5582,#408,.T.);
#4625=EDGE_CURVE('',#5583,#5428,#409,.T.);
#4626=EDGE_CURVE('',#5582,#5583,#410,.T.);
#4627=EDGE_CURVE('',#5583,#5581,#411,.T.);
#4628=EDGE_CURVE('',#5584,#5423,#412,.T.);
#4629=EDGE_CURVE('',#5585,#5584,#413,.T.);
#4630=EDGE_CURVE('',#5585,#5422,#414,.T.);
#4631=EDGE_CURVE('',#5586,#5425,#415,.T.);
#4632=EDGE_CURVE('',#5584,#5586,#416,.T.);
#4633=EDGE_CURVE('',#5587,#5424,#417,.T.);
#4634=EDGE_CURVE('',#5586,#5587,#418,.T.);
#4635=EDGE_CURVE('',#5587,#5585,#419,.T.);
#4636=EDGE_CURVE('',#5588,#5419,#420,.T.);
#4637=EDGE_CURVE('',#5589,#5588,#421,.T.);
#4638=EDGE_CURVE('',#5589,#5418,#422,.T.);
#4639=EDGE_CURVE('',#5590,#5421,#423,.T.);
#4640=EDGE_CURVE('',#5588,#5590,#424,.T.);
#4641=EDGE_CURVE('',#5591,#5420,#425,.T.);
#4642=EDGE_CURVE('',#5590,#5591,#426,.T.);
#4643=EDGE_CURVE('',#5591,#5589,#427,.T.);
#4644=EDGE_CURVE('',#5592,#5415,#428,.T.);
#4645=EDGE_CURVE('',#5593,#5592,#429,.T.);
#4646=EDGE_CURVE('',#5593,#5414,#430,.T.);
#4647=EDGE_CURVE('',#5594,#5417,#431,.T.);
#4648=EDGE_CURVE('',#5592,#5594,#432,.T.);
#4649=EDGE_CURVE('',#5595,#5416,#433,.T.);
#4650=EDGE_CURVE('',#5594,#5595,#434,.T.);
#4651=EDGE_CURVE('',#5595,#5593,#435,.T.);
#4652=EDGE_CURVE('',#5596,#5411,#436,.T.);
#4653=EDGE_CURVE('',#5597,#5596,#437,.T.);
#4654=EDGE_CURVE('',#5597,#5410,#438,.T.);
#4655=EDGE_CURVE('',#5598,#5413,#439,.T.);
#4656=EDGE_CURVE('',#5596,#5598,#440,.T.);
#4657=EDGE_CURVE('',#5599,#5412,#441,.T.);
#4658=EDGE_CURVE('',#5598,#5599,#442,.T.);
#4659=EDGE_CURVE('',#5599,#5597,#443,.T.);
#4660=EDGE_CURVE('',#5600,#5407,#444,.T.);
#4661=EDGE_CURVE('',#5601,#5600,#445,.T.);
#4662=EDGE_CURVE('',#5601,#5406,#446,.T.);
#4663=EDGE_CURVE('',#5602,#5409,#447,.T.);
#4664=EDGE_CURVE('',#5600,#5602,#448,.T.);
#4665=EDGE_CURVE('',#5603,#5408,#449,.T.);
#4666=EDGE_CURVE('',#5602,#5603,#450,.T.);
#4667=EDGE_CURVE('',#5603,#5601,#451,.T.);
#4668=EDGE_CURVE('',#5604,#5403,#452,.T.);
#4669=EDGE_CURVE('',#5605,#5604,#453,.T.);
#4670=EDGE_CURVE('',#5605,#5402,#454,.T.);
#4671=EDGE_CURVE('',#5606,#5405,#455,.T.);
#4672=EDGE_CURVE('',#5604,#5606,#456,.T.);
#4673=EDGE_CURVE('',#5607,#5404,#457,.T.);
#4674=EDGE_CURVE('',#5606,#5607,#458,.T.);
#4675=EDGE_CURVE('',#5607,#5605,#459,.T.);
#4676=EDGE_CURVE('',#5608,#5399,#460,.T.);
#4677=EDGE_CURVE('',#5609,#5608,#461,.T.);
#4678=EDGE_CURVE('',#5609,#5398,#462,.T.);
#4679=EDGE_CURVE('',#5610,#5401,#463,.T.);
#4680=EDGE_CURVE('',#5608,#5610,#464,.T.);
#4681=EDGE_CURVE('',#5611,#5400,#465,.T.);
#4682=EDGE_CURVE('',#5610,#5611,#466,.T.);
#4683=EDGE_CURVE('',#5611,#5609,#467,.T.);
#4684=EDGE_CURVE('',#5612,#5395,#468,.T.);
#4685=EDGE_CURVE('',#5613,#5612,#469,.T.);
#4686=EDGE_CURVE('',#5613,#5394,#470,.T.);
#4687=EDGE_CURVE('',#5614,#5397,#471,.T.);
#4688=EDGE_CURVE('',#5612,#5614,#472,.T.);
#4689=EDGE_CURVE('',#5615,#5396,#473,.T.);
#4690=EDGE_CURVE('',#5614,#5615,#474,.T.);
#4691=EDGE_CURVE('',#5615,#5613,#475,.T.);
#4692=EDGE_CURVE('',#5616,#5391,#476,.T.);
#4693=EDGE_CURVE('',#5617,#5616,#477,.T.);
#4694=EDGE_CURVE('',#5617,#5390,#478,.T.);
#4695=EDGE_CURVE('',#5618,#5393,#479,.T.);
#4696=EDGE_CURVE('',#5616,#5618,#480,.T.);
#4697=EDGE_CURVE('',#5619,#5392,#481,.T.);
#4698=EDGE_CURVE('',#5618,#5619,#482,.T.);
#4699=EDGE_CURVE('',#5619,#5617,#483,.T.);
#4700=EDGE_CURVE('',#5620,#5387,#484,.T.);
#4701=EDGE_CURVE('',#5621,#5620,#485,.T.);
#4702=EDGE_CURVE('',#5621,#5386,#486,.T.);
#4703=EDGE_CURVE('',#5622,#5389,#487,.T.);
#4704=EDGE_CURVE('',#5620,#5622,#488,.T.);
#4705=EDGE_CURVE('',#5623,#5388,#489,.T.);
#4706=EDGE_CURVE('',#5622,#5623,#490,.T.);
#4707=EDGE_CURVE('',#5623,#5621,#491,.T.);
#4708=EDGE_CURVE('',#5624,#5383,#492,.T.);
#4709=EDGE_CURVE('',#5625,#5624,#493,.T.);
#4710=EDGE_CURVE('',#5625,#5382,#494,.T.);
#4711=EDGE_CURVE('',#5626,#5385,#495,.T.);
#4712=EDGE_CURVE('',#5624,#5626,#496,.T.);
#4713=EDGE_CURVE('',#5627,#5384,#497,.T.);
#4714=EDGE_CURVE('',#5626,#5627,#498,.T.);
#4715=EDGE_CURVE('',#5627,#5625,#499,.T.);
#4716=EDGE_CURVE('',#5628,#5379,#500,.T.);
#4717=EDGE_CURVE('',#5629,#5628,#501,.T.);
#4718=EDGE_CURVE('',#5629,#5378,#502,.T.);
#4719=EDGE_CURVE('',#5630,#5381,#503,.T.);
#4720=EDGE_CURVE('',#5628,#5630,#504,.T.);
#4721=EDGE_CURVE('',#5631,#5380,#505,.T.);
#4722=EDGE_CURVE('',#5630,#5631,#506,.T.);
#4723=EDGE_CURVE('',#5631,#5629,#507,.T.);
#4724=EDGE_CURVE('',#5632,#5375,#508,.T.);
#4725=EDGE_CURVE('',#5633,#5632,#509,.T.);
#4726=EDGE_CURVE('',#5633,#5374,#510,.T.);
#4727=EDGE_CURVE('',#5634,#5377,#511,.T.);
#4728=EDGE_CURVE('',#5632,#5634,#512,.T.);
#4729=EDGE_CURVE('',#5635,#5376,#513,.T.);
#4730=EDGE_CURVE('',#5634,#5635,#514,.T.);
#4731=EDGE_CURVE('',#5635,#5633,#515,.T.);
#4732=EDGE_CURVE('',#5636,#5371,#516,.T.);
#4733=EDGE_CURVE('',#5637,#5636,#517,.T.);
#4734=EDGE_CURVE('',#5637,#5370,#518,.T.);
#4735=EDGE_CURVE('',#5638,#5373,#519,.T.);
#4736=EDGE_CURVE('',#5636,#5638,#520,.T.);
#4737=EDGE_CURVE('',#5639,#5372,#521,.T.);
#4738=EDGE_CURVE('',#5638,#5639,#522,.T.);
#4739=EDGE_CURVE('',#5639,#5637,#523,.T.);
#4740=EDGE_CURVE('',#5640,#5367,#524,.T.);
#4741=EDGE_CURVE('',#5641,#5640,#525,.T.);
#4742=EDGE_CURVE('',#5641,#5366,#526,.T.);
#4743=EDGE_CURVE('',#5642,#5369,#527,.T.);
#4744=EDGE_CURVE('',#5640,#5642,#528,.T.);
#4745=EDGE_CURVE('',#5643,#5368,#529,.T.);
#4746=EDGE_CURVE('',#5642,#5643,#530,.T.);
#4747=EDGE_CURVE('',#5643,#5641,#531,.T.);
#4748=EDGE_CURVE('',#5644,#5363,#532,.T.);
#4749=EDGE_CURVE('',#5645,#5644,#533,.T.);
#4750=EDGE_CURVE('',#5645,#5362,#534,.T.);
#4751=EDGE_CURVE('',#5646,#5365,#535,.T.);
#4752=EDGE_CURVE('',#5644,#5646,#536,.T.);
#4753=EDGE_CURVE('',#5647,#5364,#537,.T.);
#4754=EDGE_CURVE('',#5646,#5647,#538,.T.);
#4755=EDGE_CURVE('',#5647,#5645,#539,.T.);
#4756=EDGE_CURVE('',#5648,#5359,#540,.T.);
#4757=EDGE_CURVE('',#5649,#5648,#541,.T.);
#4758=EDGE_CURVE('',#5649,#5358,#542,.T.);
#4759=EDGE_CURVE('',#5650,#5361,#543,.T.);
#4760=EDGE_CURVE('',#5648,#5650,#544,.T.);
#4761=EDGE_CURVE('',#5651,#5360,#545,.T.);
#4762=EDGE_CURVE('',#5650,#5651,#546,.T.);
#4763=EDGE_CURVE('',#5651,#5649,#547,.T.);
#4764=EDGE_CURVE('',#5652,#5355,#548,.T.);
#4765=EDGE_CURVE('',#5653,#5652,#549,.T.);
#4766=EDGE_CURVE('',#5653,#5354,#550,.T.);
#4767=EDGE_CURVE('',#5654,#5357,#551,.T.);
#4768=EDGE_CURVE('',#5652,#5654,#552,.T.);
#4769=EDGE_CURVE('',#5655,#5356,#553,.T.);
#4770=EDGE_CURVE('',#5654,#5655,#554,.T.);
#4771=EDGE_CURVE('',#5655,#5653,#555,.T.);
#4772=EDGE_CURVE('',#5656,#5351,#556,.T.);
#4773=EDGE_CURVE('',#5657,#5656,#557,.T.);
#4774=EDGE_CURVE('',#5657,#5350,#558,.T.);
#4775=EDGE_CURVE('',#5658,#5353,#559,.T.);
#4776=EDGE_CURVE('',#5656,#5658,#560,.T.);
#4777=EDGE_CURVE('',#5659,#5352,#561,.T.);
#4778=EDGE_CURVE('',#5658,#5659,#562,.T.);
#4779=EDGE_CURVE('',#5659,#5657,#563,.T.);
#4780=EDGE_CURVE('',#5660,#5347,#564,.T.);
#4781=EDGE_CURVE('',#5661,#5660,#565,.T.);
#4782=EDGE_CURVE('',#5661,#5346,#566,.T.);
#4783=EDGE_CURVE('',#5662,#5349,#567,.T.);
#4784=EDGE_CURVE('',#5660,#5662,#568,.T.);
#4785=EDGE_CURVE('',#5663,#5348,#569,.T.);
#4786=EDGE_CURVE('',#5662,#5663,#570,.T.);
#4787=EDGE_CURVE('',#5663,#5661,#571,.T.);
#4788=EDGE_CURVE('',#5664,#5343,#572,.T.);
#4789=EDGE_CURVE('',#5665,#5664,#573,.T.);
#4790=EDGE_CURVE('',#5665,#5342,#574,.T.);
#4791=EDGE_CURVE('',#5666,#5345,#575,.T.);
#4792=EDGE_CURVE('',#5664,#5666,#576,.T.);
#4793=EDGE_CURVE('',#5667,#5344,#577,.T.);
#4794=EDGE_CURVE('',#5666,#5667,#578,.T.);
#4795=EDGE_CURVE('',#5667,#5665,#579,.T.);
#4796=EDGE_CURVE('',#5668,#5339,#580,.T.);
#4797=EDGE_CURVE('',#5669,#5668,#581,.T.);
#4798=EDGE_CURVE('',#5669,#5338,#582,.T.);
#4799=EDGE_CURVE('',#5670,#5341,#583,.T.);
#4800=EDGE_CURVE('',#5668,#5670,#584,.T.);
#4801=EDGE_CURVE('',#5671,#5340,#585,.T.);
#4802=EDGE_CURVE('',#5670,#5671,#586,.T.);
#4803=EDGE_CURVE('',#5671,#5669,#587,.T.);
#4804=EDGE_CURVE('',#5672,#5673,#588,.T.);
#4805=EDGE_CURVE('',#5674,#5672,#589,.T.);
#4806=EDGE_CURVE('',#5675,#5674,#590,.T.);
#4807=EDGE_CURVE('',#5673,#5675,#591,.T.);
#4808=EDGE_CURVE('',#5676,#5677,#592,.T.);
#4809=EDGE_CURVE('',#5678,#5676,#593,.T.);
#4810=EDGE_CURVE('',#5679,#5678,#594,.T.);
#4811=EDGE_CURVE('',#5677,#5679,#595,.T.);
#4812=EDGE_CURVE('',#5680,#5681,#596,.T.);
#4813=EDGE_CURVE('',#5682,#5680,#597,.T.);
#4814=EDGE_CURVE('',#5683,#5682,#598,.T.);
#4815=EDGE_CURVE('',#5681,#5683,#599,.T.);
#4816=EDGE_CURVE('',#5684,#5685,#600,.T.);
#4817=EDGE_CURVE('',#5686,#5684,#601,.T.);
#4818=EDGE_CURVE('',#5687,#5686,#602,.T.);
#4819=EDGE_CURVE('',#5685,#5687,#603,.T.);
#4820=EDGE_CURVE('',#5688,#5689,#604,.T.);
#4821=EDGE_CURVE('',#5688,#5690,#605,.T.);
#4822=EDGE_CURVE('',#5691,#5690,#606,.T.);
#4823=EDGE_CURVE('',#5689,#5691,#607,.T.);
#4824=EDGE_CURVE('',#5692,#5693,#608,.T.);
#4825=EDGE_CURVE('',#5692,#5694,#609,.T.);
#4826=EDGE_CURVE('',#5690,#5694,#610,.T.);
#4827=EDGE_CURVE('',#5695,#5688,#611,.T.);
#4828=EDGE_CURVE('',#5677,#5695,#612,.T.);
#4829=EDGE_CURVE('',#5679,#5696,#613,.T.);
#4830=EDGE_CURVE('',#5697,#5696,#614,.T.);
#4831=EDGE_CURVE('',#5673,#5697,#615,.T.);
#4832=EDGE_CURVE('',#5675,#5693,#616,.T.);
#4833=EDGE_CURVE('',#5698,#5692,#617,.T.);
#4834=EDGE_CURVE('',#5698,#5699,#618,.T.);
#4835=EDGE_CURVE('',#5694,#5699,#619,.T.);
#4836=EDGE_CURVE('',#5689,#5700,#620,.T.);
#4837=EDGE_CURVE('',#5699,#5691,#621,.T.);
#4838=EDGE_CURVE('',#5701,#5698,#622,.T.);
#4839=EDGE_CURVE('',#5682,#5701,#623,.T.);
#4840=EDGE_CURVE('',#5680,#5702,#624,.T.);
#4841=EDGE_CURVE('',#5703,#5702,#625,.T.);
#4842=EDGE_CURVE('',#5686,#5703,#626,.T.);
#4843=EDGE_CURVE('',#5684,#5700,#627,.T.);
#4844=EDGE_CURVE('',#5681,#5704,#628,.T.);
#4845=EDGE_CURVE('',#5702,#5704,#629,.T.);
#4846=EDGE_CURVE('',#5705,#5701,#630,.T.);
#4847=EDGE_CURVE('',#5683,#5705,#631,.T.);
#4848=EDGE_CURVE('',#5685,#5706,#632,.T.);
#4849=EDGE_CURVE('',#5700,#5706,#633,.T.);
#4850=EDGE_CURVE('',#5707,#5703,#634,.T.);
#4851=EDGE_CURVE('',#5687,#5707,#635,.T.);
#4852=EDGE_CURVE('',#5708,#5709,#636,.T.);
#4853=EDGE_CURVE('',#5709,#5710,#637,.T.);
#4854=EDGE_CURVE('',#5711,#5710,#638,.T.);
#4855=EDGE_CURVE('',#5708,#5711,#639,.T.);
#4856=EDGE_CURVE('',#5712,#5708,#640,.T.);
#4857=EDGE_CURVE('',#5713,#5711,#641,.T.);
#4858=EDGE_CURVE('',#5712,#5713,#642,.T.);
#4859=EDGE_CURVE('',#5714,#5712,#643,.T.);
#4860=EDGE_CURVE('',#5715,#5713,#644,.T.);
#4861=EDGE_CURVE('',#5714,#5715,#645,.T.);
#4862=EDGE_CURVE('',#5716,#5717,#646,.T.);
#4863=EDGE_CURVE('',#5717,#5718,#647,.T.);
#4864=EDGE_CURVE('',#5719,#5718,#648,.T.);
#4865=EDGE_CURVE('',#5716,#5719,#649,.T.);
#4866=EDGE_CURVE('',#5720,#5716,#650,.T.);
#4867=EDGE_CURVE('',#5721,#5719,#651,.T.);
#4868=EDGE_CURVE('',#5720,#5721,#652,.T.);
#4869=EDGE_CURVE('',#5722,#5720,#653,.T.);
#4870=EDGE_CURVE('',#5723,#5721,#654,.T.);
#4871=EDGE_CURVE('',#5722,#5723,#655,.T.);
#4872=EDGE_CURVE('',#5724,#5725,#656,.T.);
#4873=EDGE_CURVE('',#5725,#5726,#657,.T.);
#4874=EDGE_CURVE('',#5727,#5726,#658,.T.);
#4875=EDGE_CURVE('',#5724,#5727,#659,.T.);
#4876=EDGE_CURVE('',#5728,#5724,#660,.T.);
#4877=EDGE_CURVE('',#5729,#5727,#661,.T.);
#4878=EDGE_CURVE('',#5728,#5729,#662,.T.);
#4879=EDGE_CURVE('',#5730,#5728,#663,.T.);
#4880=EDGE_CURVE('',#5731,#5729,#664,.T.);
#4881=EDGE_CURVE('',#5730,#5731,#665,.T.);
#4882=EDGE_CURVE('',#5732,#5733,#666,.T.);
#4883=EDGE_CURVE('',#5733,#5734,#667,.T.);
#4884=EDGE_CURVE('',#5735,#5734,#668,.T.);
#4885=EDGE_CURVE('',#5732,#5735,#669,.T.);
#4886=EDGE_CURVE('',#5736,#5732,#670,.T.);
#4887=EDGE_CURVE('',#5737,#5735,#671,.T.);
#4888=EDGE_CURVE('',#5736,#5737,#672,.T.);
#4889=EDGE_CURVE('',#5738,#5736,#673,.T.);
#4890=EDGE_CURVE('',#5739,#5737,#674,.T.);
#4891=EDGE_CURVE('',#5738,#5739,#675,.T.);
#4892=EDGE_CURVE('',#5740,#5741,#676,.T.);
#4893=EDGE_CURVE('',#5741,#5742,#677,.T.);
#4894=EDGE_CURVE('',#5743,#5742,#678,.T.);
#4895=EDGE_CURVE('',#5740,#5743,#679,.T.);
#4896=EDGE_CURVE('',#5744,#5740,#680,.T.);
#4897=EDGE_CURVE('',#5745,#5743,#681,.T.);
#4898=EDGE_CURVE('',#5744,#5745,#682,.T.);
#4899=EDGE_CURVE('',#5746,#5744,#683,.T.);
#4900=EDGE_CURVE('',#5747,#5745,#684,.T.);
#4901=EDGE_CURVE('',#5746,#5747,#685,.T.);
#4902=EDGE_CURVE('',#5748,#5749,#686,.T.);
#4903=EDGE_CURVE('',#5749,#5750,#687,.T.);
#4904=EDGE_CURVE('',#5751,#5750,#688,.T.);
#4905=EDGE_CURVE('',#5748,#5751,#689,.T.);
#4906=EDGE_CURVE('',#5752,#5748,#690,.T.);
#4907=EDGE_CURVE('',#5753,#5751,#691,.T.);
#4908=EDGE_CURVE('',#5752,#5753,#692,.T.);
#4909=EDGE_CURVE('',#5754,#5752,#693,.T.);
#4910=EDGE_CURVE('',#5755,#5753,#694,.T.);
#4911=EDGE_CURVE('',#5754,#5755,#695,.T.);
#4912=EDGE_CURVE('',#5756,#5757,#696,.T.);
#4913=EDGE_CURVE('',#5757,#5758,#697,.T.);
#4914=EDGE_CURVE('',#5759,#5758,#698,.T.);
#4915=EDGE_CURVE('',#5756,#5759,#699,.T.);
#4916=EDGE_CURVE('',#5760,#5756,#700,.T.);
#4917=EDGE_CURVE('',#5761,#5759,#701,.T.);
#4918=EDGE_CURVE('',#5760,#5761,#702,.T.);
#4919=EDGE_CURVE('',#5762,#5760,#703,.T.);
#4920=EDGE_CURVE('',#5763,#5761,#704,.T.);
#4921=EDGE_CURVE('',#5762,#5763,#705,.T.);
#4922=EDGE_CURVE('',#5764,#5765,#706,.T.);
#4923=EDGE_CURVE('',#5765,#5766,#707,.T.);
#4924=EDGE_CURVE('',#5767,#5766,#708,.T.);
#4925=EDGE_CURVE('',#5764,#5767,#709,.T.);
#4926=EDGE_CURVE('',#5768,#5764,#710,.T.);
#4927=EDGE_CURVE('',#5769,#5767,#711,.T.);
#4928=EDGE_CURVE('',#5768,#5769,#712,.T.);
#4929=EDGE_CURVE('',#5770,#5768,#713,.T.);
#4930=EDGE_CURVE('',#5771,#5769,#714,.T.);
#4931=EDGE_CURVE('',#5770,#5771,#715,.T.);
#4932=EDGE_CURVE('',#5772,#5773,#716,.T.);
#4933=EDGE_CURVE('',#5773,#5774,#717,.T.);
#4934=EDGE_CURVE('',#5775,#5774,#718,.T.);
#4935=EDGE_CURVE('',#5772,#5775,#719,.T.);
#4936=EDGE_CURVE('',#5776,#5772,#720,.T.);
#4937=EDGE_CURVE('',#5777,#5775,#721,.T.);
#4938=EDGE_CURVE('',#5776,#5777,#722,.T.);
#4939=EDGE_CURVE('',#5778,#5776,#723,.T.);
#4940=EDGE_CURVE('',#5779,#5777,#724,.T.);
#4941=EDGE_CURVE('',#5778,#5779,#725,.T.);
#4942=EDGE_CURVE('',#5780,#5781,#726,.T.);
#4943=EDGE_CURVE('',#5781,#5782,#727,.T.);
#4944=EDGE_CURVE('',#5783,#5782,#728,.T.);
#4945=EDGE_CURVE('',#5780,#5783,#729,.T.);
#4946=EDGE_CURVE('',#5784,#5780,#730,.T.);
#4947=EDGE_CURVE('',#5785,#5783,#731,.T.);
#4948=EDGE_CURVE('',#5784,#5785,#732,.T.);
#4949=EDGE_CURVE('',#5786,#5784,#733,.T.);
#4950=EDGE_CURVE('',#5787,#5785,#734,.T.);
#4951=EDGE_CURVE('',#5786,#5787,#735,.T.);
#4952=EDGE_CURVE('',#5788,#5789,#736,.T.);
#4953=EDGE_CURVE('',#5789,#5790,#737,.T.);
#4954=EDGE_CURVE('',#5791,#5790,#738,.T.);
#4955=EDGE_CURVE('',#5788,#5791,#739,.T.);
#4956=EDGE_CURVE('',#5792,#5788,#740,.T.);
#4957=EDGE_CURVE('',#5793,#5791,#741,.T.);
#4958=EDGE_CURVE('',#5792,#5793,#742,.T.);
#4959=EDGE_CURVE('',#5794,#5792,#743,.T.);
#4960=EDGE_CURVE('',#5795,#5793,#744,.T.);
#4961=EDGE_CURVE('',#5794,#5795,#745,.T.);
#4962=EDGE_CURVE('',#5796,#5797,#746,.T.);
#4963=EDGE_CURVE('',#5797,#5798,#747,.T.);
#4964=EDGE_CURVE('',#5799,#5798,#748,.T.);
#4965=EDGE_CURVE('',#5796,#5799,#749,.T.);
#4966=EDGE_CURVE('',#5800,#5796,#750,.T.);
#4967=EDGE_CURVE('',#5801,#5799,#751,.T.);
#4968=EDGE_CURVE('',#5800,#5801,#752,.T.);
#4969=EDGE_CURVE('',#5802,#5800,#753,.T.);
#4970=EDGE_CURVE('',#5803,#5801,#754,.T.);
#4971=EDGE_CURVE('',#5802,#5803,#755,.T.);
#4972=EDGE_CURVE('',#5804,#5805,#756,.T.);
#4973=EDGE_CURVE('',#5805,#5806,#757,.T.);
#4974=EDGE_CURVE('',#5807,#5806,#758,.T.);
#4975=EDGE_CURVE('',#5804,#5807,#759,.T.);
#4976=EDGE_CURVE('',#5808,#5804,#760,.T.);
#4977=EDGE_CURVE('',#5809,#5807,#761,.T.);
#4978=EDGE_CURVE('',#5808,#5809,#762,.T.);
#4979=EDGE_CURVE('',#5810,#5808,#763,.T.);
#4980=EDGE_CURVE('',#5811,#5809,#764,.T.);
#4981=EDGE_CURVE('',#5810,#5811,#765,.T.);
#4982=EDGE_CURVE('',#5812,#5813,#766,.T.);
#4983=EDGE_CURVE('',#5813,#5814,#767,.T.);
#4984=EDGE_CURVE('',#5815,#5814,#768,.T.);
#4985=EDGE_CURVE('',#5812,#5815,#769,.T.);
#4986=EDGE_CURVE('',#5816,#5812,#770,.T.);
#4987=EDGE_CURVE('',#5817,#5815,#771,.T.);
#4988=EDGE_CURVE('',#5816,#5817,#772,.T.);
#4989=EDGE_CURVE('',#5818,#5816,#773,.T.);
#4990=EDGE_CURVE('',#5819,#5817,#774,.T.);
#4991=EDGE_CURVE('',#5818,#5819,#775,.T.);
#4992=EDGE_CURVE('',#5820,#5821,#776,.T.);
#4993=EDGE_CURVE('',#5821,#5822,#777,.T.);
#4994=EDGE_CURVE('',#5823,#5822,#778,.T.);
#4995=EDGE_CURVE('',#5820,#5823,#779,.T.);
#4996=EDGE_CURVE('',#5824,#5820,#780,.T.);
#4997=EDGE_CURVE('',#5825,#5823,#781,.T.);
#4998=EDGE_CURVE('',#5824,#5825,#782,.T.);
#4999=EDGE_CURVE('',#5826,#5824,#783,.T.);
#5000=EDGE_CURVE('',#5827,#5825,#784,.T.);
#5001=EDGE_CURVE('',#5826,#5827,#785,.T.);
#5002=EDGE_CURVE('',#5828,#5829,#786,.T.);
#5003=EDGE_CURVE('',#5829,#5830,#787,.T.);
#5004=EDGE_CURVE('',#5831,#5830,#788,.T.);
#5005=EDGE_CURVE('',#5828,#5831,#789,.T.);
#5006=EDGE_CURVE('',#5832,#5828,#790,.T.);
#5007=EDGE_CURVE('',#5833,#5831,#791,.T.);
#5008=EDGE_CURVE('',#5832,#5833,#792,.T.);
#5009=EDGE_CURVE('',#5834,#5832,#793,.T.);
#5010=EDGE_CURVE('',#5835,#5833,#794,.T.);
#5011=EDGE_CURVE('',#5834,#5835,#795,.T.);
#5012=EDGE_CURVE('',#5836,#5837,#796,.T.);
#5013=EDGE_CURVE('',#5837,#5838,#797,.T.);
#5014=EDGE_CURVE('',#5839,#5838,#798,.T.);
#5015=EDGE_CURVE('',#5836,#5839,#799,.T.);
#5016=EDGE_CURVE('',#5840,#5836,#800,.T.);
#5017=EDGE_CURVE('',#5841,#5839,#801,.T.);
#5018=EDGE_CURVE('',#5840,#5841,#802,.T.);
#5019=EDGE_CURVE('',#5842,#5840,#803,.T.);
#5020=EDGE_CURVE('',#5843,#5841,#804,.T.);
#5021=EDGE_CURVE('',#5842,#5843,#805,.T.);
#5022=EDGE_CURVE('',#5844,#5845,#806,.T.);
#5023=EDGE_CURVE('',#5845,#5846,#807,.T.);
#5024=EDGE_CURVE('',#5847,#5846,#808,.T.);
#5025=EDGE_CURVE('',#5844,#5847,#809,.T.);
#5026=EDGE_CURVE('',#5848,#5844,#810,.T.);
#5027=EDGE_CURVE('',#5849,#5847,#811,.T.);
#5028=EDGE_CURVE('',#5848,#5849,#812,.T.);
#5029=EDGE_CURVE('',#5850,#5848,#813,.T.);
#5030=EDGE_CURVE('',#5851,#5849,#814,.T.);
#5031=EDGE_CURVE('',#5850,#5851,#815,.T.);
#5032=EDGE_CURVE('',#5852,#5853,#816,.T.);
#5033=EDGE_CURVE('',#5853,#5854,#817,.T.);
#5034=EDGE_CURVE('',#5855,#5854,#818,.T.);
#5035=EDGE_CURVE('',#5852,#5855,#819,.T.);
#5036=EDGE_CURVE('',#5856,#5852,#820,.T.);
#5037=EDGE_CURVE('',#5857,#5855,#821,.T.);
#5038=EDGE_CURVE('',#5856,#5857,#822,.T.);
#5039=EDGE_CURVE('',#5858,#5856,#823,.T.);
#5040=EDGE_CURVE('',#5859,#5857,#824,.T.);
#5041=EDGE_CURVE('',#5858,#5859,#825,.T.);
#5042=EDGE_CURVE('',#5860,#5861,#826,.T.);
#5043=EDGE_CURVE('',#5861,#5862,#827,.T.);
#5044=EDGE_CURVE('',#5863,#5862,#828,.T.);
#5045=EDGE_CURVE('',#5860,#5863,#829,.T.);
#5046=EDGE_CURVE('',#5864,#5860,#830,.T.);
#5047=EDGE_CURVE('',#5865,#5863,#831,.T.);
#5048=EDGE_CURVE('',#5864,#5865,#832,.T.);
#5049=EDGE_CURVE('',#5866,#5864,#833,.T.);
#5050=EDGE_CURVE('',#5867,#5865,#834,.T.);
#5051=EDGE_CURVE('',#5866,#5867,#835,.T.);
#5052=EDGE_CURVE('',#5868,#5869,#836,.T.);
#5053=EDGE_CURVE('',#5869,#5870,#837,.T.);
#5054=EDGE_CURVE('',#5871,#5870,#838,.T.);
#5055=EDGE_CURVE('',#5868,#5871,#839,.T.);
#5056=EDGE_CURVE('',#5872,#5868,#840,.T.);
#5057=EDGE_CURVE('',#5873,#5871,#841,.T.);
#5058=EDGE_CURVE('',#5872,#5873,#842,.T.);
#5059=EDGE_CURVE('',#5874,#5872,#843,.T.);
#5060=EDGE_CURVE('',#5875,#5873,#844,.T.);
#5061=EDGE_CURVE('',#5874,#5875,#845,.T.);
#5062=EDGE_CURVE('',#5876,#5877,#846,.T.);
#5063=EDGE_CURVE('',#5877,#5878,#847,.T.);
#5064=EDGE_CURVE('',#5879,#5878,#848,.T.);
#5065=EDGE_CURVE('',#5876,#5879,#849,.T.);
#5066=EDGE_CURVE('',#5880,#5876,#850,.T.);
#5067=EDGE_CURVE('',#5881,#5879,#851,.T.);
#5068=EDGE_CURVE('',#5880,#5881,#852,.T.);
#5069=EDGE_CURVE('',#5882,#5880,#853,.T.);
#5070=EDGE_CURVE('',#5883,#5881,#854,.T.);
#5071=EDGE_CURVE('',#5882,#5883,#855,.T.);
#5072=EDGE_CURVE('',#5884,#5885,#856,.T.);
#5073=EDGE_CURVE('',#5885,#5886,#857,.T.);
#5074=EDGE_CURVE('',#5887,#5886,#858,.T.);
#5075=EDGE_CURVE('',#5884,#5887,#859,.T.);
#5076=EDGE_CURVE('',#5888,#5884,#860,.T.);
#5077=EDGE_CURVE('',#5889,#5887,#861,.T.);
#5078=EDGE_CURVE('',#5888,#5889,#862,.T.);
#5079=EDGE_CURVE('',#5890,#5888,#863,.T.);
#5080=EDGE_CURVE('',#5891,#5889,#864,.T.);
#5081=EDGE_CURVE('',#5890,#5891,#865,.T.);
#5082=EDGE_CURVE('',#5892,#5893,#866,.T.);
#5083=EDGE_CURVE('',#5893,#5894,#867,.T.);
#5084=EDGE_CURVE('',#5895,#5894,#868,.T.);
#5085=EDGE_CURVE('',#5892,#5895,#869,.T.);
#5086=EDGE_CURVE('',#5896,#5892,#870,.T.);
#5087=EDGE_CURVE('',#5897,#5895,#871,.T.);
#5088=EDGE_CURVE('',#5896,#5897,#872,.T.);
#5089=EDGE_CURVE('',#5898,#5896,#873,.T.);
#5090=EDGE_CURVE('',#5899,#5897,#874,.T.);
#5091=EDGE_CURVE('',#5898,#5899,#875,.T.);
#5092=EDGE_CURVE('',#5900,#5901,#876,.T.);
#5093=EDGE_CURVE('',#5901,#5902,#877,.T.);
#5094=EDGE_CURVE('',#5903,#5902,#878,.T.);
#5095=EDGE_CURVE('',#5900,#5903,#879,.T.);
#5096=EDGE_CURVE('',#5904,#5900,#880,.T.);
#5097=EDGE_CURVE('',#5905,#5903,#881,.T.);
#5098=EDGE_CURVE('',#5904,#5905,#882,.T.);
#5099=EDGE_CURVE('',#5906,#5904,#883,.T.);
#5100=EDGE_CURVE('',#5907,#5905,#884,.T.);
#5101=EDGE_CURVE('',#5906,#5907,#885,.T.);
#5102=EDGE_CURVE('',#5908,#5909,#886,.T.);
#5103=EDGE_CURVE('',#5909,#5910,#887,.T.);
#5104=EDGE_CURVE('',#5911,#5910,#888,.T.);
#5105=EDGE_CURVE('',#5908,#5911,#889,.T.);
#5106=EDGE_CURVE('',#5912,#5908,#890,.T.);
#5107=EDGE_CURVE('',#5913,#5911,#891,.T.);
#5108=EDGE_CURVE('',#5912,#5913,#892,.T.);
#5109=EDGE_CURVE('',#5914,#5912,#893,.T.);
#5110=EDGE_CURVE('',#5915,#5913,#894,.T.);
#5111=EDGE_CURVE('',#5914,#5915,#895,.T.);
#5112=EDGE_CURVE('',#5916,#5917,#896,.T.);
#5113=EDGE_CURVE('',#5917,#5918,#897,.T.);
#5114=EDGE_CURVE('',#5919,#5918,#898,.T.);
#5115=EDGE_CURVE('',#5916,#5919,#899,.T.);
#5116=EDGE_CURVE('',#5920,#5916,#900,.T.);
#5117=EDGE_CURVE('',#5921,#5919,#901,.T.);
#5118=EDGE_CURVE('',#5920,#5921,#902,.T.);
#5119=EDGE_CURVE('',#5922,#5920,#903,.T.);
#5120=EDGE_CURVE('',#5923,#5921,#904,.T.);
#5121=EDGE_CURVE('',#5922,#5923,#905,.T.);
#5122=EDGE_CURVE('',#5924,#5925,#906,.T.);
#5123=EDGE_CURVE('',#5925,#5926,#907,.T.);
#5124=EDGE_CURVE('',#5927,#5926,#908,.T.);
#5125=EDGE_CURVE('',#5924,#5927,#909,.T.);
#5126=EDGE_CURVE('',#5928,#5924,#910,.T.);
#5127=EDGE_CURVE('',#5929,#5927,#911,.T.);
#5128=EDGE_CURVE('',#5928,#5929,#912,.T.);
#5129=EDGE_CURVE('',#5930,#5928,#913,.T.);
#5130=EDGE_CURVE('',#5931,#5929,#914,.T.);
#5131=EDGE_CURVE('',#5930,#5931,#915,.T.);
#5132=EDGE_CURVE('',#5932,#5933,#916,.T.);
#5133=EDGE_CURVE('',#5933,#5934,#917,.T.);
#5134=EDGE_CURVE('',#5935,#5934,#918,.T.);
#5135=EDGE_CURVE('',#5932,#5935,#919,.T.);
#5136=EDGE_CURVE('',#5936,#5932,#920,.T.);
#5137=EDGE_CURVE('',#5937,#5935,#921,.T.);
#5138=EDGE_CURVE('',#5936,#5937,#922,.T.);
#5139=EDGE_CURVE('',#5938,#5936,#923,.T.);
#5140=EDGE_CURVE('',#5939,#5937,#924,.T.);
#5141=EDGE_CURVE('',#5938,#5939,#925,.T.);
#5142=EDGE_CURVE('',#5940,#5941,#926,.T.);
#5143=EDGE_CURVE('',#5941,#5942,#927,.T.);
#5144=EDGE_CURVE('',#5943,#5942,#928,.T.);
#5145=EDGE_CURVE('',#5940,#5943,#929,.T.);
#5146=EDGE_CURVE('',#5944,#5940,#930,.T.);
#5147=EDGE_CURVE('',#5945,#5943,#931,.T.);
#5148=EDGE_CURVE('',#5944,#5945,#932,.T.);
#5149=EDGE_CURVE('',#5946,#5944,#933,.T.);
#5150=EDGE_CURVE('',#5947,#5945,#934,.T.);
#5151=EDGE_CURVE('',#5946,#5947,#935,.T.);
#5152=EDGE_CURVE('',#5948,#5949,#936,.T.);
#5153=EDGE_CURVE('',#5949,#5950,#937,.T.);
#5154=EDGE_CURVE('',#5951,#5950,#938,.T.);
#5155=EDGE_CURVE('',#5948,#5951,#939,.T.);
#5156=EDGE_CURVE('',#5952,#5948,#940,.T.);
#5157=EDGE_CURVE('',#5953,#5951,#941,.T.);
#5158=EDGE_CURVE('',#5952,#5953,#942,.T.);
#5159=EDGE_CURVE('',#5954,#5952,#943,.T.);
#5160=EDGE_CURVE('',#5955,#5953,#944,.T.);
#5161=EDGE_CURVE('',#5954,#5955,#945,.T.);
#5162=EDGE_CURVE('',#5956,#5957,#946,.T.);
#5163=EDGE_CURVE('',#5957,#5958,#947,.T.);
#5164=EDGE_CURVE('',#5959,#5958,#948,.T.);
#5165=EDGE_CURVE('',#5956,#5959,#949,.T.);
#5166=EDGE_CURVE('',#5960,#5956,#950,.T.);
#5167=EDGE_CURVE('',#5961,#5959,#951,.T.);
#5168=EDGE_CURVE('',#5960,#5961,#952,.T.);
#5169=EDGE_CURVE('',#5962,#5960,#953,.T.);
#5170=EDGE_CURVE('',#5963,#5961,#954,.T.);
#5171=EDGE_CURVE('',#5962,#5963,#955,.T.);
#5172=EDGE_CURVE('',#5964,#5965,#956,.T.);
#5173=EDGE_CURVE('',#5965,#5966,#957,.T.);
#5174=EDGE_CURVE('',#5967,#5966,#958,.T.);
#5175=EDGE_CURVE('',#5964,#5967,#959,.T.);
#5176=EDGE_CURVE('',#5968,#5964,#960,.T.);
#5177=EDGE_CURVE('',#5969,#5967,#961,.T.);
#5178=EDGE_CURVE('',#5968,#5969,#962,.T.);
#5179=EDGE_CURVE('',#5970,#5968,#963,.T.);
#5180=EDGE_CURVE('',#5971,#5969,#964,.T.);
#5181=EDGE_CURVE('',#5970,#5971,#965,.T.);
#5182=EDGE_CURVE('',#5972,#5973,#966,.T.);
#5183=EDGE_CURVE('',#5973,#5974,#967,.T.);
#5184=EDGE_CURVE('',#5975,#5974,#968,.T.);
#5185=EDGE_CURVE('',#5972,#5975,#969,.T.);
#5186=EDGE_CURVE('',#5976,#5972,#970,.T.);
#5187=EDGE_CURVE('',#5977,#5975,#971,.T.);
#5188=EDGE_CURVE('',#5976,#5977,#972,.T.);
#5189=EDGE_CURVE('',#5978,#5976,#973,.T.);
#5190=EDGE_CURVE('',#5979,#5977,#974,.T.);
#5191=EDGE_CURVE('',#5978,#5979,#975,.T.);
#5192=EDGE_CURVE('',#5980,#5981,#976,.T.);
#5193=EDGE_CURVE('',#5981,#5982,#977,.T.);
#5194=EDGE_CURVE('',#5983,#5982,#978,.T.);
#5195=EDGE_CURVE('',#5980,#5983,#979,.T.);
#5196=EDGE_CURVE('',#5984,#5980,#980,.T.);
#5197=EDGE_CURVE('',#5985,#5983,#981,.T.);
#5198=EDGE_CURVE('',#5984,#5985,#982,.T.);
#5199=EDGE_CURVE('',#5986,#5984,#983,.T.);
#5200=EDGE_CURVE('',#5987,#5985,#984,.T.);
#5201=EDGE_CURVE('',#5986,#5987,#985,.T.);
#5202=EDGE_CURVE('',#5988,#5989,#986,.T.);
#5203=EDGE_CURVE('',#5989,#5990,#987,.T.);
#5204=EDGE_CURVE('',#5991,#5990,#988,.T.);
#5205=EDGE_CURVE('',#5988,#5991,#989,.T.);
#5206=EDGE_CURVE('',#5992,#5988,#990,.T.);
#5207=EDGE_CURVE('',#5993,#5991,#991,.T.);
#5208=EDGE_CURVE('',#5992,#5993,#992,.T.);
#5209=EDGE_CURVE('',#5994,#5992,#993,.T.);
#5210=EDGE_CURVE('',#5995,#5993,#994,.T.);
#5211=EDGE_CURVE('',#5994,#5995,#995,.T.);
#5212=EDGE_CURVE('',#5996,#5697,#996,.T.);
#5213=EDGE_CURVE('',#5672,#5996,#997,.T.);
#5214=EDGE_CURVE('',#5997,#5996,#998,.T.);
#5215=EDGE_CURVE('',#5674,#5997,#999,.T.);
#5216=EDGE_CURVE('',#5693,#5997,#1000,.T.);
#5217=EDGE_CURVE('',#5998,#5695,#1001,.T.);
#5218=EDGE_CURVE('',#5676,#5998,#1002,.T.);
#5219=EDGE_CURVE('',#5999,#5998,#1003,.T.);
#5220=EDGE_CURVE('',#5678,#5999,#1004,.T.);
#5221=EDGE_CURVE('',#5696,#5999,#1005,.T.);
#5222=EDGE_CURVE('',#5704,#5705,#1006,.T.);
#5223=EDGE_CURVE('',#5706,#5707,#1007,.T.);
#5224=EDGE_CURVE('',#5709,#5714,#1008,.T.);
#5225=EDGE_CURVE('',#5710,#5715,#1009,.T.);
#5226=EDGE_CURVE('',#5717,#5722,#1010,.T.);
#5227=EDGE_CURVE('',#5718,#5723,#1011,.T.);
#5228=EDGE_CURVE('',#5725,#5730,#1012,.T.);
#5229=EDGE_CURVE('',#5726,#5731,#1013,.T.);
#5230=EDGE_CURVE('',#5733,#5738,#1014,.T.);
#5231=EDGE_CURVE('',#5734,#5739,#1015,.T.);
#5232=EDGE_CURVE('',#5741,#5746,#1016,.T.);
#5233=EDGE_CURVE('',#5742,#5747,#1017,.T.);
#5234=EDGE_CURVE('',#5749,#5754,#1018,.T.);
#5235=EDGE_CURVE('',#5750,#5755,#1019,.T.);
#5236=EDGE_CURVE('',#5757,#5762,#1020,.T.);
#5237=EDGE_CURVE('',#5758,#5763,#1021,.T.);
#5238=EDGE_CURVE('',#5765,#5770,#1022,.T.);
#5239=EDGE_CURVE('',#5766,#5771,#1023,.T.);
#5240=EDGE_CURVE('',#5773,#5778,#1024,.T.);
#5241=EDGE_CURVE('',#5774,#5779,#1025,.T.);
#5242=EDGE_CURVE('',#5781,#5786,#1026,.T.);
#5243=EDGE_CURVE('',#5782,#5787,#1027,.T.);
#5244=EDGE_CURVE('',#5789,#5794,#1028,.T.);
#5245=EDGE_CURVE('',#5790,#5795,#1029,.T.);
#5246=EDGE_CURVE('',#5797,#5802,#1030,.T.);
#5247=EDGE_CURVE('',#5798,#5803,#1031,.T.);
#5248=EDGE_CURVE('',#5805,#5810,#1032,.T.);
#5249=EDGE_CURVE('',#5806,#5811,#1033,.T.);
#5250=EDGE_CURVE('',#5813,#5818,#1034,.T.);
#5251=EDGE_CURVE('',#5814,#5819,#1035,.T.);
#5252=EDGE_CURVE('',#5821,#5826,#1036,.T.);
#5253=EDGE_CURVE('',#5822,#5827,#1037,.T.);
#5254=EDGE_CURVE('',#5829,#5834,#1038,.T.);
#5255=EDGE_CURVE('',#5830,#5835,#1039,.T.);
#5256=EDGE_CURVE('',#5837,#5842,#1040,.T.);
#5257=EDGE_CURVE('',#5838,#5843,#1041,.T.);
#5258=EDGE_CURVE('',#5845,#5850,#1042,.T.);
#5259=EDGE_CURVE('',#5846,#5851,#1043,.T.);
#5260=EDGE_CURVE('',#5853,#5858,#1044,.T.);
#5261=EDGE_CURVE('',#5854,#5859,#1045,.T.);
#5262=EDGE_CURVE('',#5861,#5866,#1046,.T.);
#5263=EDGE_CURVE('',#5862,#5867,#1047,.T.);
#5264=EDGE_CURVE('',#5869,#5874,#1048,.T.);
#5265=EDGE_CURVE('',#5870,#5875,#1049,.T.);
#5266=EDGE_CURVE('',#5877,#5882,#1050,.T.);
#5267=EDGE_CURVE('',#5878,#5883,#1051,.T.);
#5268=EDGE_CURVE('',#5885,#5890,#1052,.T.);
#5269=EDGE_CURVE('',#5886,#5891,#1053,.T.);
#5270=EDGE_CURVE('',#5893,#5898,#1054,.T.);
#5271=EDGE_CURVE('',#5894,#5899,#1055,.T.);
#5272=EDGE_CURVE('',#5901,#5906,#1056,.T.);
#5273=EDGE_CURVE('',#5902,#5907,#1057,.T.);
#5274=EDGE_CURVE('',#5909,#5914,#1058,.T.);
#5275=EDGE_CURVE('',#5910,#5915,#1059,.T.);
#5276=EDGE_CURVE('',#5917,#5922,#1060,.T.);
#5277=EDGE_CURVE('',#5918,#5923,#1061,.T.);
#5278=EDGE_CURVE('',#5925,#5930,#1062,.T.);
#5279=EDGE_CURVE('',#5926,#5931,#1063,.T.);
#5280=EDGE_CURVE('',#5933,#5938,#1064,.T.);
#5281=EDGE_CURVE('',#5934,#5939,#1065,.T.);
#5282=EDGE_CURVE('',#5941,#5946,#1066,.T.);
#5283=EDGE_CURVE('',#5942,#5947,#1067,.T.);
#5284=EDGE_CURVE('',#5949,#5954,#1068,.T.);
#5285=EDGE_CURVE('',#5950,#5955,#1069,.T.);
#5286=EDGE_CURVE('',#5957,#5962,#1070,.T.);
#5287=EDGE_CURVE('',#5958,#5963,#1071,.T.);
#5288=EDGE_CURVE('',#5965,#5970,#1072,.T.);
#5289=EDGE_CURVE('',#5966,#5971,#1073,.T.);
#5290=EDGE_CURVE('',#5973,#5978,#1074,.T.);
#5291=EDGE_CURVE('',#5974,#5979,#1075,.T.);
#5292=EDGE_CURVE('',#5981,#5986,#1076,.T.);
#5293=EDGE_CURVE('',#5982,#5987,#1077,.T.);
#5294=EDGE_CURVE('',#5989,#5994,#1078,.T.);
#5295=EDGE_CURVE('',#5990,#5995,#1079,.T.);
#5296=VERTEX_POINT('',#10344);
#5297=VERTEX_POINT('',#10345);
#5298=VERTEX_POINT('',#10347);
#5299=VERTEX_POINT('',#10349);
#5300=VERTEX_POINT('',#10351);
#5301=VERTEX_POINT('',#10353);
#5302=VERTEX_POINT('',#10355);
#5303=VERTEX_POINT('',#10357);
#5304=VERTEX_POINT('',#10361);
#5305=VERTEX_POINT('',#10363);
#5306=VERTEX_POINT('',#10365);
#5307=VERTEX_POINT('',#10369);
#5308=VERTEX_POINT('',#10370);
#5309=VERTEX_POINT('',#10372);
#5310=VERTEX_POINT('',#10374);
#5311=VERTEX_POINT('',#10378);
#5312=VERTEX_POINT('',#10380);
#5313=VERTEX_POINT('',#10382);
#5314=VERTEX_POINT('',#10386);
#5315=VERTEX_POINT('',#10387);
#5316=VERTEX_POINT('',#10389);
#5317=VERTEX_POINT('',#10391);
#5318=VERTEX_POINT('',#10393);
#5319=VERTEX_POINT('',#10395);
#5320=VERTEX_POINT('',#10397);
#5321=VERTEX_POINT('',#10399);
#5322=VERTEX_POINT('',#10401);
#5323=VERTEX_POINT('',#10404);
#5324=VERTEX_POINT('',#10408);
#5325=VERTEX_POINT('',#10409);
#5326=VERTEX_POINT('',#10411);
#5327=VERTEX_POINT('',#10414);
#5328=VERTEX_POINT('',#10416);
#5329=VERTEX_POINT('',#10418);
#5330=VERTEX_POINT('',#10423);
#5331=VERTEX_POINT('',#10427);
#5332=VERTEX_POINT('',#10432);
#5333=VERTEX_POINT('',#10434);
#5334=VERTEX_POINT('',#10438);
#5335=VERTEX_POINT('',#10439);
#5336=VERTEX_POINT('',#10444);
#5337=VERTEX_POINT('',#10445);
#5338=VERTEX_POINT('',#10450);
#5339=VERTEX_POINT('',#10451);
#5340=VERTEX_POINT('',#10453);
#5341=VERTEX_POINT('',#10455);
#5342=VERTEX_POINT('',#10458);
#5343=VERTEX_POINT('',#10459);
#5344=VERTEX_POINT('',#10461);
#5345=VERTEX_POINT('',#10463);
#5346=VERTEX_POINT('',#10466);
#5347=VERTEX_POINT('',#10467);
#5348=VERTEX_POINT('',#10469);
#5349=VERTEX_POINT('',#10471);
#5350=VERTEX_POINT('',#10474);
#5351=VERTEX_POINT('',#10475);
#5352=VERTEX_POINT('',#10477);
#5353=VERTEX_POINT('',#10479);
#5354=VERTEX_POINT('',#10482);
#5355=VERTEX_POINT('',#10483);
#5356=VERTEX_POINT('',#10485);
#5357=VERTEX_POINT('',#10487);
#5358=VERTEX_POINT('',#10490);
#5359=VERTEX_POINT('',#10491);
#5360=VERTEX_POINT('',#10493);
#5361=VERTEX_POINT('',#10495);
#5362=VERTEX_POINT('',#10498);
#5363=VERTEX_POINT('',#10499);
#5364=VERTEX_POINT('',#10501);
#5365=VERTEX_POINT('',#10503);
#5366=VERTEX_POINT('',#10506);
#5367=VERTEX_POINT('',#10507);
#5368=VERTEX_POINT('',#10509);
#5369=VERTEX_POINT('',#10511);
#5370=VERTEX_POINT('',#10514);
#5371=VERTEX_POINT('',#10515);
#5372=VERTEX_POINT('',#10517);
#5373=VERTEX_POINT('',#10519);
#5374=VERTEX_POINT('',#10522);
#5375=VERTEX_POINT('',#10523);
#5376=VERTEX_POINT('',#10525);
#5377=VERTEX_POINT('',#10527);
#5378=VERTEX_POINT('',#10530);
#5379=VERTEX_POINT('',#10531);
#5380=VERTEX_POINT('',#10533);
#5381=VERTEX_POINT('',#10535);
#5382=VERTEX_POINT('',#10538);
#5383=VERTEX_POINT('',#10539);
#5384=VERTEX_POINT('',#10541);
#5385=VERTEX_POINT('',#10543);
#5386=VERTEX_POINT('',#10546);
#5387=VERTEX_POINT('',#10547);
#5388=VERTEX_POINT('',#10549);
#5389=VERTEX_POINT('',#10551);
#5390=VERTEX_POINT('',#10554);
#5391=VERTEX_POINT('',#10555);
#5392=VERTEX_POINT('',#10557);
#5393=VERTEX_POINT('',#10559);
#5394=VERTEX_POINT('',#10562);
#5395=VERTEX_POINT('',#10563);
#5396=VERTEX_POINT('',#10565);
#5397=VERTEX_POINT('',#10567);
#5398=VERTEX_POINT('',#10570);
#5399=VERTEX_POINT('',#10571);
#5400=VERTEX_POINT('',#10573);
#5401=VERTEX_POINT('',#10575);
#5402=VERTEX_POINT('',#10578);
#5403=VERTEX_POINT('',#10579);
#5404=VERTEX_POINT('',#10581);
#5405=VERTEX_POINT('',#10583);
#5406=VERTEX_POINT('',#10586);
#5407=VERTEX_POINT('',#10587);
#5408=VERTEX_POINT('',#10589);
#5409=VERTEX_POINT('',#10591);
#5410=VERTEX_POINT('',#10594);
#5411=VERTEX_POINT('',#10595);
#5412=VERTEX_POINT('',#10597);
#5413=VERTEX_POINT('',#10599);
#5414=VERTEX_POINT('',#10602);
#5415=VERTEX_POINT('',#10603);
#5416=VERTEX_POINT('',#10605);
#5417=VERTEX_POINT('',#10607);
#5418=VERTEX_POINT('',#10610);
#5419=VERTEX_POINT('',#10611);
#5420=VERTEX_POINT('',#10613);
#5421=VERTEX_POINT('',#10615);
#5422=VERTEX_POINT('',#10618);
#5423=VERTEX_POINT('',#10619);
#5424=VERTEX_POINT('',#10621);
#5425=VERTEX_POINT('',#10623);
#5426=VERTEX_POINT('',#10626);
#5427=VERTEX_POINT('',#10627);
#5428=VERTEX_POINT('',#10629);
#5429=VERTEX_POINT('',#10631);
#5430=VERTEX_POINT('',#10634);
#5431=VERTEX_POINT('',#10635);
#5432=VERTEX_POINT('',#10637);
#5433=VERTEX_POINT('',#10639);
#5434=VERTEX_POINT('',#10642);
#5435=VERTEX_POINT('',#10643);
#5436=VERTEX_POINT('',#10645);
#5437=VERTEX_POINT('',#10647);
#5438=VERTEX_POINT('',#10650);
#5439=VERTEX_POINT('',#10651);
#5440=VERTEX_POINT('',#10653);
#5441=VERTEX_POINT('',#10655);
#5442=VERTEX_POINT('',#10658);
#5443=VERTEX_POINT('',#10659);
#5444=VERTEX_POINT('',#10661);
#5445=VERTEX_POINT('',#10663);
#5446=VERTEX_POINT('',#10666);
#5447=VERTEX_POINT('',#10667);
#5448=VERTEX_POINT('',#10669);
#5449=VERTEX_POINT('',#10671);
#5450=VERTEX_POINT('',#10674);
#5451=VERTEX_POINT('',#10675);
#5452=VERTEX_POINT('',#10677);
#5453=VERTEX_POINT('',#10679);
#5454=VERTEX_POINT('',#10682);
#5455=VERTEX_POINT('',#10683);
#5456=VERTEX_POINT('',#10685);
#5457=VERTEX_POINT('',#10687);
#5458=VERTEX_POINT('',#10690);
#5459=VERTEX_POINT('',#10691);
#5460=VERTEX_POINT('',#10693);
#5461=VERTEX_POINT('',#10695);
#5462=VERTEX_POINT('',#10698);
#5463=VERTEX_POINT('',#10699);
#5464=VERTEX_POINT('',#10701);
#5465=VERTEX_POINT('',#10703);
#5466=VERTEX_POINT('',#10706);
#5467=VERTEX_POINT('',#10707);
#5468=VERTEX_POINT('',#10709);
#5469=VERTEX_POINT('',#10711);
#5470=VERTEX_POINT('',#10714);
#5471=VERTEX_POINT('',#10715);
#5472=VERTEX_POINT('',#10717);
#5473=VERTEX_POINT('',#10719);
#5474=VERTEX_POINT('',#10722);
#5475=VERTEX_POINT('',#10723);
#5476=VERTEX_POINT('',#10725);
#5477=VERTEX_POINT('',#10727);
#5478=VERTEX_POINT('',#10730);
#5479=VERTEX_POINT('',#10731);
#5480=VERTEX_POINT('',#10733);
#5481=VERTEX_POINT('',#10735);
#5482=VERTEX_POINT('',#10738);
#5483=VERTEX_POINT('',#10739);
#5484=VERTEX_POINT('',#10741);
#5485=VERTEX_POINT('',#10743);
#5486=VERTEX_POINT('',#10746);
#5487=VERTEX_POINT('',#10747);
#5488=VERTEX_POINT('',#10749);
#5489=VERTEX_POINT('',#10751);
#5490=VERTEX_POINT('',#10754);
#5491=VERTEX_POINT('',#10755);
#5492=VERTEX_POINT('',#10757);
#5493=VERTEX_POINT('',#10759);
#5494=VERTEX_POINT('',#10762);
#5495=VERTEX_POINT('',#10763);
#5496=VERTEX_POINT('',#10765);
#5497=VERTEX_POINT('',#10767);
#5498=VERTEX_POINT('',#10772);
#5499=VERTEX_POINT('',#10774);
#5500=VERTEX_POINT('',#10778);
#5501=VERTEX_POINT('',#10782);
#5502=VERTEX_POINT('',#10786);
#5503=VERTEX_POINT('',#10788);
#5504=VERTEX_POINT('',#10794);
#5505=VERTEX_POINT('',#10798);
#5506=VERTEX_POINT('',#10802);
#5507=VERTEX_POINT('',#10806);
#5508=VERTEX_POINT('',#10814);
#5509=VERTEX_POINT('',#10816);
#5510=VERTEX_POINT('',#10832);
#5511=VERTEX_POINT('',#10836);
#5512=VERTEX_POINT('',#10840);
#5513=VERTEX_POINT('',#10842);
#5514=VERTEX_POINT('',#10846);
#5515=VERTEX_POINT('',#10850);
#5516=VERTEX_POINT('',#10857);
#5517=VERTEX_POINT('',#10859);
#5518=VERTEX_POINT('',#10863);
#5519=VERTEX_POINT('',#10867);
#5520=VERTEX_POINT('',#10874);
#5521=VERTEX_POINT('',#10876);
#5522=VERTEX_POINT('',#10880);
#5523=VERTEX_POINT('',#10884);
#5524=VERTEX_POINT('',#10891);
#5525=VERTEX_POINT('',#10893);
#5526=VERTEX_POINT('',#10897);
#5527=VERTEX_POINT('',#10901);
#5528=VERTEX_POINT('',#10908);
#5529=VERTEX_POINT('',#10910);
#5530=VERTEX_POINT('',#10914);
#5531=VERTEX_POINT('',#10918);
#5532=VERTEX_POINT('',#10925);
#5533=VERTEX_POINT('',#10927);
#5534=VERTEX_POINT('',#10931);
#5535=VERTEX_POINT('',#10935);
#5536=VERTEX_POINT('',#10942);
#5537=VERTEX_POINT('',#10944);
#5538=VERTEX_POINT('',#10948);
#5539=VERTEX_POINT('',#10952);
#5540=VERTEX_POINT('',#10959);
#5541=VERTEX_POINT('',#10961);
#5542=VERTEX_POINT('',#10965);
#5543=VERTEX_POINT('',#10969);
#5544=VERTEX_POINT('',#10976);
#5545=VERTEX_POINT('',#10978);
#5546=VERTEX_POINT('',#10982);
#5547=VERTEX_POINT('',#10986);
#5548=VERTEX_POINT('',#10993);
#5549=VERTEX_POINT('',#10995);
#5550=VERTEX_POINT('',#10999);
#5551=VERTEX_POINT('',#11003);
#5552=VERTEX_POINT('',#11010);
#5553=VERTEX_POINT('',#11012);
#5554=VERTEX_POINT('',#11016);
#5555=VERTEX_POINT('',#11020);
#5556=VERTEX_POINT('',#11027);
#5557=VERTEX_POINT('',#11029);
#5558=VERTEX_POINT('',#11033);
#5559=VERTEX_POINT('',#11037);
#5560=VERTEX_POINT('',#11044);
#5561=VERTEX_POINT('',#11046);
#5562=VERTEX_POINT('',#11050);
#5563=VERTEX_POINT('',#11054);
#5564=VERTEX_POINT('',#11061);
#5565=VERTEX_POINT('',#11063);
#5566=VERTEX_POINT('',#11067);
#5567=VERTEX_POINT('',#11071);
#5568=VERTEX_POINT('',#11078);
#5569=VERTEX_POINT('',#11080);
#5570=VERTEX_POINT('',#11084);
#5571=VERTEX_POINT('',#11088);
#5572=VERTEX_POINT('',#11095);
#5573=VERTEX_POINT('',#11097);
#5574=VERTEX_POINT('',#11101);
#5575=VERTEX_POINT('',#11105);
#5576=VERTEX_POINT('',#11112);
#5577=VERTEX_POINT('',#11114);
#5578=VERTEX_POINT('',#11118);
#5579=VERTEX_POINT('',#11122);
#5580=VERTEX_POINT('',#11129);
#5581=VERTEX_POINT('',#11131);
#5582=VERTEX_POINT('',#11135);
#5583=VERTEX_POINT('',#11139);
#5584=VERTEX_POINT('',#11146);
#5585=VERTEX_POINT('',#11148);
#5586=VERTEX_POINT('',#11152);
#5587=VERTEX_POINT('',#11156);
#5588=VERTEX_POINT('',#11163);
#5589=VERTEX_POINT('',#11165);
#5590=VERTEX_POINT('',#11169);
#5591=VERTEX_POINT('',#11173);
#5592=VERTEX_POINT('',#11180);
#5593=VERTEX_POINT('',#11182);
#5594=VERTEX_POINT('',#11186);
#5595=VERTEX_POINT('',#11190);
#5596=VERTEX_POINT('',#11197);
#5597=VERTEX_POINT('',#11199);
#5598=VERTEX_POINT('',#11203);
#5599=VERTEX_POINT('',#11207);
#5600=VERTEX_POINT('',#11214);
#5601=VERTEX_POINT('',#11216);
#5602=VERTEX_POINT('',#11220);
#5603=VERTEX_POINT('',#11224);
#5604=VERTEX_POINT('',#11231);
#5605=VERTEX_POINT('',#11233);
#5606=VERTEX_POINT('',#11237);
#5607=VERTEX_POINT('',#11241);
#5608=VERTEX_POINT('',#11248);
#5609=VERTEX_POINT('',#11250);
#5610=VERTEX_POINT('',#11254);
#5611=VERTEX_POINT('',#11258);
#5612=VERTEX_POINT('',#11265);
#5613=VERTEX_POINT('',#11267);
#5614=VERTEX_POINT('',#11271);
#5615=VERTEX_POINT('',#11275);
#5616=VERTEX_POINT('',#11282);
#5617=VERTEX_POINT('',#11284);
#5618=VERTEX_POINT('',#11288);
#5619=VERTEX_POINT('',#11292);
#5620=VERTEX_POINT('',#11299);
#5621=VERTEX_POINT('',#11301);
#5622=VERTEX_POINT('',#11305);
#5623=VERTEX_POINT('',#11309);
#5624=VERTEX_POINT('',#11316);
#5625=VERTEX_POINT('',#11318);
#5626=VERTEX_POINT('',#11322);
#5627=VERTEX_POINT('',#11326);
#5628=VERTEX_POINT('',#11333);
#5629=VERTEX_POINT('',#11335);
#5630=VERTEX_POINT('',#11339);
#5631=VERTEX_POINT('',#11343);
#5632=VERTEX_POINT('',#11350);
#5633=VERTEX_POINT('',#11352);
#5634=VERTEX_POINT('',#11356);
#5635=VERTEX_POINT('',#11360);
#5636=VERTEX_POINT('',#11367);
#5637=VERTEX_POINT('',#11369);
#5638=VERTEX_POINT('',#11373);
#5639=VERTEX_POINT('',#11377);
#5640=VERTEX_POINT('',#11384);
#5641=VERTEX_POINT('',#11386);
#5642=VERTEX_POINT('',#11390);
#5643=VERTEX_POINT('',#11394);
#5644=VERTEX_POINT('',#11401);
#5645=VERTEX_POINT('',#11403);
#5646=VERTEX_POINT('',#11407);
#5647=VERTEX_POINT('',#11411);
#5648=VERTEX_POINT('',#11418);
#5649=VERTEX_POINT('',#11420);
#5650=VERTEX_POINT('',#11424);
#5651=VERTEX_POINT('',#11428);
#5652=VERTEX_POINT('',#11435);
#5653=VERTEX_POINT('',#11437);
#5654=VERTEX_POINT('',#11441);
#5655=VERTEX_POINT('',#11445);
#5656=VERTEX_POINT('',#11452);
#5657=VERTEX_POINT('',#11454);
#5658=VERTEX_POINT('',#11458);
#5659=VERTEX_POINT('',#11462);
#5660=VERTEX_POINT('',#11469);
#5661=VERTEX_POINT('',#11471);
#5662=VERTEX_POINT('',#11475);
#5663=VERTEX_POINT('',#11479);
#5664=VERTEX_POINT('',#11486);
#5665=VERTEX_POINT('',#11488);
#5666=VERTEX_POINT('',#11492);
#5667=VERTEX_POINT('',#11496);
#5668=VERTEX_POINT('',#11503);
#5669=VERTEX_POINT('',#11505);
#5670=VERTEX_POINT('',#11509);
#5671=VERTEX_POINT('',#11513);
#5672=VERTEX_POINT('',#11521);
#5673=VERTEX_POINT('',#11522);
#5674=VERTEX_POINT('',#11524);
#5675=VERTEX_POINT('',#11526);
#5676=VERTEX_POINT('',#11530);
#5677=VERTEX_POINT('',#11531);
#5678=VERTEX_POINT('',#11533);
#5679=VERTEX_POINT('',#11535);
#5680=VERTEX_POINT('',#11539);
#5681=VERTEX_POINT('',#11540);
#5682=VERTEX_POINT('',#11542);
#5683=VERTEX_POINT('',#11544);
#5684=VERTEX_POINT('',#11548);
#5685=VERTEX_POINT('',#11549);
#5686=VERTEX_POINT('',#11551);
#5687=VERTEX_POINT('',#11553);
#5688=VERTEX_POINT('',#11557);
#5689=VERTEX_POINT('',#11558);
#5690=VERTEX_POINT('',#11560);
#5691=VERTEX_POINT('',#11562);
#5692=VERTEX_POINT('',#11566);
#5693=VERTEX_POINT('',#11567);
#5694=VERTEX_POINT('',#11569);
#5695=VERTEX_POINT('',#11572);
#5696=VERTEX_POINT('',#11575);
#5697=VERTEX_POINT('',#11577);
#5698=VERTEX_POINT('',#11582);
#5699=VERTEX_POINT('',#11584);
#5700=VERTEX_POINT('',#11588);
#5701=VERTEX_POINT('',#11591);
#5702=VERTEX_POINT('',#11594);
#5703=VERTEX_POINT('',#11596);
#5704=VERTEX_POINT('',#11602);
#5705=VERTEX_POINT('',#11606);
#5706=VERTEX_POINT('',#11610);
#5707=VERTEX_POINT('',#11614);
#5708=VERTEX_POINT('',#11618);
#5709=VERTEX_POINT('',#11619);
#5710=VERTEX_POINT('',#11621);
#5711=VERTEX_POINT('',#11623);
#5712=VERTEX_POINT('',#11627);
#5713=VERTEX_POINT('',#11629);
#5714=VERTEX_POINT('',#11633);
#5715=VERTEX_POINT('',#11635);
#5716=VERTEX_POINT('',#11639);
#5717=VERTEX_POINT('',#11640);
#5718=VERTEX_POINT('',#11642);
#5719=VERTEX_POINT('',#11644);
#5720=VERTEX_POINT('',#11648);
#5721=VERTEX_POINT('',#11650);
#5722=VERTEX_POINT('',#11654);
#5723=VERTEX_POINT('',#11656);
#5724=VERTEX_POINT('',#11660);
#5725=VERTEX_POINT('',#11661);
#5726=VERTEX_POINT('',#11663);
#5727=VERTEX_POINT('',#11665);
#5728=VERTEX_POINT('',#11669);
#5729=VERTEX_POINT('',#11671);
#5730=VERTEX_POINT('',#11675);
#5731=VERTEX_POINT('',#11677);
#5732=VERTEX_POINT('',#11681);
#5733=VERTEX_POINT('',#11682);
#5734=VERTEX_POINT('',#11684);
#5735=VERTEX_POINT('',#11686);
#5736=VERTEX_POINT('',#11690);
#5737=VERTEX_POINT('',#11692);
#5738=VERTEX_POINT('',#11696);
#5739=VERTEX_POINT('',#11698);
#5740=VERTEX_POINT('',#11702);
#5741=VERTEX_POINT('',#11703);
#5742=VERTEX_POINT('',#11705);
#5743=VERTEX_POINT('',#11707);
#5744=VERTEX_POINT('',#11711);
#5745=VERTEX_POINT('',#11713);
#5746=VERTEX_POINT('',#11717);
#5747=VERTEX_POINT('',#11719);
#5748=VERTEX_POINT('',#11723);
#5749=VERTEX_POINT('',#11724);
#5750=VERTEX_POINT('',#11726);
#5751=VERTEX_POINT('',#11728);
#5752=VERTEX_POINT('',#11732);
#5753=VERTEX_POINT('',#11734);
#5754=VERTEX_POINT('',#11738);
#5755=VERTEX_POINT('',#11740);
#5756=VERTEX_POINT('',#11744);
#5757=VERTEX_POINT('',#11745);
#5758=VERTEX_POINT('',#11747);
#5759=VERTEX_POINT('',#11749);
#5760=VERTEX_POINT('',#11753);
#5761=VERTEX_POINT('',#11755);
#5762=VERTEX_POINT('',#11759);
#5763=VERTEX_POINT('',#11761);
#5764=VERTEX_POINT('',#11765);
#5765=VERTEX_POINT('',#11766);
#5766=VERTEX_POINT('',#11768);
#5767=VERTEX_POINT('',#11770);
#5768=VERTEX_POINT('',#11774);
#5769=VERTEX_POINT('',#11776);
#5770=VERTEX_POINT('',#11780);
#5771=VERTEX_POINT('',#11782);
#5772=VERTEX_POINT('',#11786);
#5773=VERTEX_POINT('',#11787);
#5774=VERTEX_POINT('',#11789);
#5775=VERTEX_POINT('',#11791);
#5776=VERTEX_POINT('',#11795);
#5777=VERTEX_POINT('',#11797);
#5778=VERTEX_POINT('',#11801);
#5779=VERTEX_POINT('',#11803);
#5780=VERTEX_POINT('',#11807);
#5781=VERTEX_POINT('',#11808);
#5782=VERTEX_POINT('',#11810);
#5783=VERTEX_POINT('',#11812);
#5784=VERTEX_POINT('',#11816);
#5785=VERTEX_POINT('',#11818);
#5786=VERTEX_POINT('',#11822);
#5787=VERTEX_POINT('',#11824);
#5788=VERTEX_POINT('',#11828);
#5789=VERTEX_POINT('',#11829);
#5790=VERTEX_POINT('',#11831);
#5791=VERTEX_POINT('',#11833);
#5792=VERTEX_POINT('',#11837);
#5793=VERTEX_POINT('',#11839);
#5794=VERTEX_POINT('',#11843);
#5795=VERTEX_POINT('',#11845);
#5796=VERTEX_POINT('',#11849);
#5797=VERTEX_POINT('',#11850);
#5798=VERTEX_POINT('',#11852);
#5799=VERTEX_POINT('',#11854);
#5800=VERTEX_POINT('',#11858);
#5801=VERTEX_POINT('',#11860);
#5802=VERTEX_POINT('',#11864);
#5803=VERTEX_POINT('',#11866);
#5804=VERTEX_POINT('',#11870);
#5805=VERTEX_POINT('',#11871);
#5806=VERTEX_POINT('',#11873);
#5807=VERTEX_POINT('',#11875);
#5808=VERTEX_POINT('',#11879);
#5809=VERTEX_POINT('',#11881);
#5810=VERTEX_POINT('',#11885);
#5811=VERTEX_POINT('',#11887);
#5812=VERTEX_POINT('',#11891);
#5813=VERTEX_POINT('',#11892);
#5814=VERTEX_POINT('',#11894);
#5815=VERTEX_POINT('',#11896);
#5816=VERTEX_POINT('',#11900);
#5817=VERTEX_POINT('',#11902);
#5818=VERTEX_POINT('',#11906);
#5819=VERTEX_POINT('',#11908);
#5820=VERTEX_POINT('',#11912);
#5821=VERTEX_POINT('',#11913);
#5822=VERTEX_POINT('',#11915);
#5823=VERTEX_POINT('',#11917);
#5824=VERTEX_POINT('',#11921);
#5825=VERTEX_POINT('',#11923);
#5826=VERTEX_POINT('',#11927);
#5827=VERTEX_POINT('',#11929);
#5828=VERTEX_POINT('',#11933);
#5829=VERTEX_POINT('',#11934);
#5830=VERTEX_POINT('',#11936);
#5831=VERTEX_POINT('',#11938);
#5832=VERTEX_POINT('',#11942);
#5833=VERTEX_POINT('',#11944);
#5834=VERTEX_POINT('',#11948);
#5835=VERTEX_POINT('',#11950);
#5836=VERTEX_POINT('',#11954);
#5837=VERTEX_POINT('',#11955);
#5838=VERTEX_POINT('',#11957);
#5839=VERTEX_POINT('',#11959);
#5840=VERTEX_POINT('',#11963);
#5841=VERTEX_POINT('',#11965);
#5842=VERTEX_POINT('',#11969);
#5843=VERTEX_POINT('',#11971);
#5844=VERTEX_POINT('',#11975);
#5845=VERTEX_POINT('',#11976);
#5846=VERTEX_POINT('',#11978);
#5847=VERTEX_POINT('',#11980);
#5848=VERTEX_POINT('',#11984);
#5849=VERTEX_POINT('',#11986);
#5850=VERTEX_POINT('',#11990);
#5851=VERTEX_POINT('',#11992);
#5852=VERTEX_POINT('',#11996);
#5853=VERTEX_POINT('',#11997);
#5854=VERTEX_POINT('',#11999);
#5855=VERTEX_POINT('',#12001);
#5856=VERTEX_POINT('',#12005);
#5857=VERTEX_POINT('',#12007);
#5858=VERTEX_POINT('',#12011);
#5859=VERTEX_POINT('',#12013);
#5860=VERTEX_POINT('',#12017);
#5861=VERTEX_POINT('',#12018);
#5862=VERTEX_POINT('',#12020);
#5863=VERTEX_POINT('',#12022);
#5864=VERTEX_POINT('',#12026);
#5865=VERTEX_POINT('',#12028);
#5866=VERTEX_POINT('',#12032);
#5867=VERTEX_POINT('',#12034);
#5868=VERTEX_POINT('',#12038);
#5869=VERTEX_POINT('',#12039);
#5870=VERTEX_POINT('',#12041);
#5871=VERTEX_POINT('',#12043);
#5872=VERTEX_POINT('',#12047);
#5873=VERTEX_POINT('',#12049);
#5874=VERTEX_POINT('',#12053);
#5875=VERTEX_POINT('',#12055);
#5876=VERTEX_POINT('',#12059);
#5877=VERTEX_POINT('',#12060);
#5878=VERTEX_POINT('',#12062);
#5879=VERTEX_POINT('',#12064);
#5880=VERTEX_POINT('',#12068);
#5881=VERTEX_POINT('',#12070);
#5882=VERTEX_POINT('',#12074);
#5883=VERTEX_POINT('',#12076);
#5884=VERTEX_POINT('',#12080);
#5885=VERTEX_POINT('',#12081);
#5886=VERTEX_POINT('',#12083);
#5887=VERTEX_POINT('',#12085);
#5888=VERTEX_POINT('',#12089);
#5889=VERTEX_POINT('',#12091);
#5890=VERTEX_POINT('',#12095);
#5891=VERTEX_POINT('',#12097);
#5892=VERTEX_POINT('',#12101);
#5893=VERTEX_POINT('',#12102);
#5894=VERTEX_POINT('',#12104);
#5895=VERTEX_POINT('',#12106);
#5896=VERTEX_POINT('',#12110);
#5897=VERTEX_POINT('',#12112);
#5898=VERTEX_POINT('',#12116);
#5899=VERTEX_POINT('',#12118);
#5900=VERTEX_POINT('',#12122);
#5901=VERTEX_POINT('',#12123);
#5902=VERTEX_POINT('',#12125);
#5903=VERTEX_POINT('',#12127);
#5904=VERTEX_POINT('',#12131);
#5905=VERTEX_POINT('',#12133);
#5906=VERTEX_POINT('',#12137);
#5907=VERTEX_POINT('',#12139);
#5908=VERTEX_POINT('',#12143);
#5909=VERTEX_POINT('',#12144);
#5910=VERTEX_POINT('',#12146);
#5911=VERTEX_POINT('',#12148);
#5912=VERTEX_POINT('',#12152);
#5913=VERTEX_POINT('',#12154);
#5914=VERTEX_POINT('',#12158);
#5915=VERTEX_POINT('',#12160);
#5916=VERTEX_POINT('',#12164);
#5917=VERTEX_POINT('',#12165);
#5918=VERTEX_POINT('',#12167);
#5919=VERTEX_POINT('',#12169);
#5920=VERTEX_POINT('',#12173);
#5921=VERTEX_POINT('',#12175);
#5922=VERTEX_POINT('',#12179);
#5923=VERTEX_POINT('',#12181);
#5924=VERTEX_POINT('',#12185);
#5925=VERTEX_POINT('',#12186);
#5926=VERTEX_POINT('',#12188);
#5927=VERTEX_POINT('',#12190);
#5928=VERTEX_POINT('',#12194);
#5929=VERTEX_POINT('',#12196);
#5930=VERTEX_POINT('',#12200);
#5931=VERTEX_POINT('',#12202);
#5932=VERTEX_POINT('',#12206);
#5933=VERTEX_POINT('',#12207);
#5934=VERTEX_POINT('',#12209);
#5935=VERTEX_POINT('',#12211);
#5936=VERTEX_POINT('',#12215);
#5937=VERTEX_POINT('',#12217);
#5938=VERTEX_POINT('',#12221);
#5939=VERTEX_POINT('',#12223);
#5940=VERTEX_POINT('',#12227);
#5941=VERTEX_POINT('',#12228);
#5942=VERTEX_POINT('',#12230);
#5943=VERTEX_POINT('',#12232);
#5944=VERTEX_POINT('',#12236);
#5945=VERTEX_POINT('',#12238);
#5946=VERTEX_POINT('',#12242);
#5947=VERTEX_POINT('',#12244);
#5948=VERTEX_POINT('',#12248);
#5949=VERTEX_POINT('',#12249);
#5950=VERTEX_POINT('',#12251);
#5951=VERTEX_POINT('',#12253);
#5952=VERTEX_POINT('',#12257);
#5953=VERTEX_POINT('',#12259);
#5954=VERTEX_POINT('',#12263);
#5955=VERTEX_POINT('',#12265);
#5956=VERTEX_POINT('',#12269);
#5957=VERTEX_POINT('',#12270);
#5958=VERTEX_POINT('',#12272);
#5959=VERTEX_POINT('',#12274);
#5960=VERTEX_POINT('',#12278);
#5961=VERTEX_POINT('',#12280);
#5962=VERTEX_POINT('',#12284);
#5963=VERTEX_POINT('',#12286);
#5964=VERTEX_POINT('',#12290);
#5965=VERTEX_POINT('',#12291);
#5966=VERTEX_POINT('',#12293);
#5967=VERTEX_POINT('',#12295);
#5968=VERTEX_POINT('',#12299);
#5969=VERTEX_POINT('',#12301);
#5970=VERTEX_POINT('',#12305);
#5971=VERTEX_POINT('',#12307);
#5972=VERTEX_POINT('',#12311);
#5973=VERTEX_POINT('',#12312);
#5974=VERTEX_POINT('',#12314);
#5975=VERTEX_POINT('',#12316);
#5976=VERTEX_POINT('',#12320);
#5977=VERTEX_POINT('',#12322);
#5978=VERTEX_POINT('',#12326);
#5979=VERTEX_POINT('',#12328);
#5980=VERTEX_POINT('',#12332);
#5981=VERTEX_POINT('',#12333);
#5982=VERTEX_POINT('',#12335);
#5983=VERTEX_POINT('',#12337);
#5984=VERTEX_POINT('',#12341);
#5985=VERTEX_POINT('',#12343);
#5986=VERTEX_POINT('',#12347);
#5987=VERTEX_POINT('',#12349);
#5988=VERTEX_POINT('',#12353);
#5989=VERTEX_POINT('',#12354);
#5990=VERTEX_POINT('',#12356);
#5991=VERTEX_POINT('',#12358);
#5992=VERTEX_POINT('',#12362);
#5993=VERTEX_POINT('',#12364);
#5994=VERTEX_POINT('',#12368);
#5995=VERTEX_POINT('',#12370);
#5996=VERTEX_POINT('',#12374);
#5997=VERTEX_POINT('',#12378);
#5998=VERTEX_POINT('',#12384);
#5999=VERTEX_POINT('',#12388);
#6000=CIRCLE('',#7936,0.025);
#6001=CIRCLE('',#7938,0.025);
#6002=CIRCLE('',#7939,0.0200000000000001);
#6003=CIRCLE('',#7941,0.0250000000000001);
#6004=CIRCLE('',#7942,0.0200000000000001);
#6005=CIRCLE('',#7944,0.0250000000000001);
#6006=CIRCLE('',#7945,0.0200000000000001);
#6007=CIRCLE('',#7949,0.0250000000000001);
#6008=CIRCLE('',#7951,0.025);
#6009=CIRCLE('',#7952,0.0200000000000001);
#6010=CIRCLE('',#7957,0.0200000000000001);
#6011=CIRCLE('',#7961,0.0200000000000001);
#6012=CIRCLE('',#7963,0.0200000000000001);
#6013=CIRCLE('',#7966,0.0200000000000001);
#6014=CIRCLE('',#7980,0.0250000000000001);
#6015=CIRCLE('',#7983,0.025);
#6016=EDGE_LOOP('',(#2122,#2123,#2124,#2125,#2126,#2127,#2128,#2129));
#6017=EDGE_LOOP('',(#2130,#2131,#2132,#2133));
#6018=EDGE_LOOP('',(#2134,#2135,#2136,#2137));
#6019=EDGE_LOOP('',(#2138,#2139,#2140,#2141));
#6020=EDGE_LOOP('',(#2142,#2143,#2144,#2145,#2146,#2147,#2148,#2149,#2150,
#2151,#2152,#2153));
#6021=EDGE_LOOP('',(#2154,#2155,#2156,#2157,#2158,#2159,#2160,#2161));
#6022=EDGE_LOOP('',(#2162,#2163,#2164,#2165,#2166,#2167,#2168,#2169));
#6023=EDGE_LOOP('',(#2170,#2171,#2172,#2173));
#6024=EDGE_LOOP('',(#2174,#2175,#2176,#2177,#2178));
#6025=EDGE_LOOP('',(#2179,#2180,#2181,#2182,#2183));
#6026=EDGE_LOOP('',(#2184,#2185,#2186,#2187));
#6027=EDGE_LOOP('',(#2188,#2189,#2190,#2191));
#6028=EDGE_LOOP('',(#2192,#2193,#2194,#2195));
#6029=EDGE_LOOP('',(#2196,#2197,#2198,#2199));
#6030=EDGE_LOOP('',(#2200,#2201,#2202,#2203));
#6031=EDGE_LOOP('',(#2204,#2205,#2206,#2207));
#6032=EDGE_LOOP('',(#2208,#2209,#2210,#2211));
#6033=EDGE_LOOP('',(#2212,#2213,#2214,#2215));
#6034=EDGE_LOOP('',(#2216,#2217,#2218,#2219));
#6035=EDGE_LOOP('',(#2220,#2221,#2222,#2223));
#6036=EDGE_LOOP('',(#2224,#2225,#2226,#2227));
#6037=EDGE_LOOP('',(#2228,#2229,#2230,#2231));
#6038=EDGE_LOOP('',(#2232,#2233,#2234,#2235));
#6039=EDGE_LOOP('',(#2236,#2237,#2238,#2239));
#6040=EDGE_LOOP('',(#2240,#2241,#2242,#2243));
#6041=EDGE_LOOP('',(#2244,#2245,#2246,#2247));
#6042=EDGE_LOOP('',(#2248,#2249,#2250,#2251));
#6043=EDGE_LOOP('',(#2252,#2253,#2254,#2255));
#6044=EDGE_LOOP('',(#2256,#2257,#2258,#2259));
#6045=EDGE_LOOP('',(#2260,#2261,#2262,#2263));
#6046=EDGE_LOOP('',(#2264,#2265,#2266,#2267));
#6047=EDGE_LOOP('',(#2268,#2269,#2270,#2271));
#6048=EDGE_LOOP('',(#2272,#2273,#2274,#2275));
#6049=EDGE_LOOP('',(#2276,#2277,#2278,#2279));
#6050=EDGE_LOOP('',(#2280,#2281,#2282,#2283));
#6051=EDGE_LOOP('',(#2284,#2285,#2286,#2287));
#6052=EDGE_LOOP('',(#2288,#2289,#2290,#2291));
#6053=EDGE_LOOP('',(#2292,#2293,#2294,#2295));
#6054=EDGE_LOOP('',(#2296,#2297,#2298,#2299));
#6055=EDGE_LOOP('',(#2300,#2301,#2302,#2303));
#6056=EDGE_LOOP('',(#2304,#2305,#2306,#2307));
#6057=EDGE_LOOP('',(#2308,#2309,#2310,#2311));
#6058=EDGE_LOOP('',(#2312,#2313,#2314,#2315));
#6059=EDGE_LOOP('',(#2316,#2317,#2318,#2319));
#6060=EDGE_LOOP('',(#2320,#2321,#2322,#2323));
#6061=EDGE_LOOP('',(#2324,#2325,#2326,#2327));
#6062=EDGE_LOOP('',(#2328,#2329,#2330,#2331));
#6063=EDGE_LOOP('',(#2332,#2333,#2334,#2335));
#6064=EDGE_LOOP('',(#2336,#2337,#2338,#2339));
#6065=EDGE_LOOP('',(#2340,#2341,#2342,#2343));
#6066=EDGE_LOOP('',(#2344,#2345,#2346,#2347,#2348,#2349,#2350,#2351));
#6067=EDGE_LOOP('',(#2352,#2353,#2354,#2355));
#6068=EDGE_LOOP('',(#2356,#2357,#2358,#2359,#2360));
#6069=EDGE_LOOP('',(#2361,#2362,#2363,#2364,#2365));
#6070=EDGE_LOOP('',(#2366,#2367,#2368,#2369));
#6071=EDGE_LOOP('',(#2370,#2371,#2372,#2373));
#6072=EDGE_LOOP('',(#2374,#2375,#2376,#2377,#2378));
#6073=EDGE_LOOP('',(#2379,#2380,#2381,#2382));
#6074=EDGE_LOOP('',(#2383,#2384,#2385,#2386,#2387));
#6075=EDGE_LOOP('',(#2388,#2389,#2390,#2391,#2392,#2393,#2394,#2395));
#6076=EDGE_LOOP('',(#2396,#2397,#2398,#2399,#2400,#2401,#2402,#2403));
#6077=EDGE_LOOP('',(#2404,#2405,#2406,#2407));
#6078=EDGE_LOOP('',(#2408,#2409,#2410,#2411));
#6079=EDGE_LOOP('',(#2412,#2413,#2414,#2415));
#6080=EDGE_LOOP('',(#2416,#2417,#2418,#2419));
#6081=EDGE_LOOP('',(#2420,#2421,#2422,#2423,#2424,#2425));
#6082=EDGE_LOOP('',(#2426,#2427,#2428,#2429,#2430,#2431));
#6083=EDGE_LOOP('',(#2432,#2433,#2434,#2435));
#6084=EDGE_LOOP('',(#2436,#2437,#2438,#2439));
#6085=EDGE_LOOP('',(#2440,#2441,#2442,#2443));
#6086=EDGE_LOOP('',(#2444));
#6087=EDGE_LOOP('',(#2445,#2446,#2447));
#6088=EDGE_LOOP('',(#2448));
#6089=EDGE_LOOP('',(#2449));
#6090=EDGE_LOOP('',(#2450,#2451,#2452));
#6091=EDGE_LOOP('',(#2453));
#6092=EDGE_LOOP('',(#2454,#2455,#2456,#2457));
#6093=EDGE_LOOP('',(#2458,#2459,#2460,#2461));
#6094=EDGE_LOOP('',(#2462,#2463,#2464,#2465));
#6095=EDGE_LOOP('',(#2466,#2467,#2468,#2469));
#6096=EDGE_LOOP('',(#2470,#2471,#2472,#2473));
#6097=EDGE_LOOP('',(#2474,#2475,#2476,#2477));
#6098=EDGE_LOOP('',(#2478,#2479,#2480,#2481));
#6099=EDGE_LOOP('',(#2482,#2483,#2484,#2485));
#6100=EDGE_LOOP('',(#2486,#2487,#2488,#2489));
#6101=EDGE_LOOP('',(#2490,#2491,#2492,#2493));
#6102=EDGE_LOOP('',(#2494,#2495,#2496,#2497));
#6103=EDGE_LOOP('',(#2498,#2499,#2500,#2501));
#6104=EDGE_LOOP('',(#2502,#2503,#2504,#2505));
#6105=EDGE_LOOP('',(#2506,#2507,#2508,#2509));
#6106=EDGE_LOOP('',(#2510,#2511,#2512,#2513));
#6107=EDGE_LOOP('',(#2514,#2515,#2516,#2517));
#6108=EDGE_LOOP('',(#2518,#2519,#2520,#2521));
#6109=EDGE_LOOP('',(#2522,#2523,#2524,#2525));
#6110=EDGE_LOOP('',(#2526,#2527,#2528,#2529));
#6111=EDGE_LOOP('',(#2530,#2531,#2532,#2533));
#6112=EDGE_LOOP('',(#2534,#2535,#2536,#2537));
#6113=EDGE_LOOP('',(#2538,#2539,#2540,#2541));
#6114=EDGE_LOOP('',(#2542,#2543,#2544,#2545));
#6115=EDGE_LOOP('',(#2546,#2547,#2548,#2549));
#6116=EDGE_LOOP('',(#2550,#2551,#2552,#2553));
#6117=EDGE_LOOP('',(#2554,#2555,#2556,#2557));
#6118=EDGE_LOOP('',(#2558,#2559,#2560,#2561));
#6119=EDGE_LOOP('',(#2562,#2563,#2564,#2565));
#6120=EDGE_LOOP('',(#2566,#2567,#2568,#2569));
#6121=EDGE_LOOP('',(#2570,#2571,#2572,#2573));
#6122=EDGE_LOOP('',(#2574,#2575,#2576,#2577));
#6123=EDGE_LOOP('',(#2578,#2579,#2580,#2581));
#6124=EDGE_LOOP('',(#2582,#2583,#2584,#2585));
#6125=EDGE_LOOP('',(#2586,#2587,#2588,#2589));
#6126=EDGE_LOOP('',(#2590,#2591,#2592,#2593));
#6127=EDGE_LOOP('',(#2594,#2595,#2596,#2597));
#6128=EDGE_LOOP('',(#2598,#2599,#2600,#2601));
#6129=EDGE_LOOP('',(#2602,#2603,#2604,#2605));
#6130=EDGE_LOOP('',(#2606,#2607,#2608,#2609));
#6131=EDGE_LOOP('',(#2610,#2611,#2612,#2613));
#6132=EDGE_LOOP('',(#2614,#2615,#2616,#2617));
#6133=EDGE_LOOP('',(#2618,#2619,#2620,#2621));
#6134=EDGE_LOOP('',(#2622,#2623,#2624,#2625));
#6135=EDGE_LOOP('',(#2626,#2627,#2628,#2629));
#6136=EDGE_LOOP('',(#2630,#2631,#2632,#2633));
#6137=EDGE_LOOP('',(#2634,#2635,#2636,#2637));
#6138=EDGE_LOOP('',(#2638,#2639,#2640,#2641));
#6139=EDGE_LOOP('',(#2642,#2643,#2644,#2645));
#6140=EDGE_LOOP('',(#2646,#2647,#2648,#2649));
#6141=EDGE_LOOP('',(#2650,#2651,#2652,#2653));
#6142=EDGE_LOOP('',(#2654,#2655,#2656,#2657));
#6143=EDGE_LOOP('',(#2658,#2659,#2660,#2661));
#6144=EDGE_LOOP('',(#2662,#2663,#2664,#2665));
#6145=EDGE_LOOP('',(#2666,#2667,#2668,#2669));
#6146=EDGE_LOOP('',(#2670,#2671,#2672,#2673));
#6147=EDGE_LOOP('',(#2674,#2675,#2676,#2677));
#6148=EDGE_LOOP('',(#2678,#2679,#2680,#2681));
#6149=EDGE_LOOP('',(#2682,#2683,#2684,#2685));
#6150=EDGE_LOOP('',(#2686,#2687,#2688,#2689));
#6151=EDGE_LOOP('',(#2690,#2691,#2692,#2693));
#6152=EDGE_LOOP('',(#2694,#2695,#2696,#2697));
#6153=EDGE_LOOP('',(#2698,#2699,#2700,#2701));
#6154=EDGE_LOOP('',(#2702,#2703,#2704,#2705));
#6155=EDGE_LOOP('',(#2706,#2707,#2708,#2709));
#6156=EDGE_LOOP('',(#2710,#2711,#2712,#2713));
#6157=EDGE_LOOP('',(#2714,#2715,#2716,#2717));
#6158=EDGE_LOOP('',(#2718,#2719,#2720,#2721));
#6159=EDGE_LOOP('',(#2722,#2723,#2724,#2725));
#6160=EDGE_LOOP('',(#2726,#2727,#2728,#2729));
#6161=EDGE_LOOP('',(#2730,#2731,#2732,#2733));
#6162=EDGE_LOOP('',(#2734,#2735,#2736,#2737));
#6163=EDGE_LOOP('',(#2738,#2739,#2740,#2741));
#6164=EDGE_LOOP('',(#2742,#2743,#2744,#2745));
#6165=EDGE_LOOP('',(#2746,#2747,#2748,#2749));
#6166=EDGE_LOOP('',(#2750,#2751,#2752,#2753));
#6167=EDGE_LOOP('',(#2754,#2755,#2756,#2757));
#6168=EDGE_LOOP('',(#2758,#2759,#2760,#2761));
#6169=EDGE_LOOP('',(#2762,#2763,#2764,#2765));
#6170=EDGE_LOOP('',(#2766,#2767,#2768,#2769));
#6171=EDGE_LOOP('',(#2770,#2771,#2772,#2773));
#6172=EDGE_LOOP('',(#2774,#2775,#2776,#2777));
#6173=EDGE_LOOP('',(#2778,#2779,#2780,#2781));
#6174=EDGE_LOOP('',(#2782,#2783,#2784,#2785));
#6175=EDGE_LOOP('',(#2786,#2787,#2788,#2789));
#6176=EDGE_LOOP('',(#2790,#2791,#2792,#2793));
#6177=EDGE_LOOP('',(#2794,#2795,#2796,#2797));
#6178=EDGE_LOOP('',(#2798,#2799,#2800,#2801));
#6179=EDGE_LOOP('',(#2802,#2803,#2804,#2805));
#6180=EDGE_LOOP('',(#2806,#2807,#2808,#2809));
#6181=EDGE_LOOP('',(#2810,#2811,#2812,#2813));
#6182=EDGE_LOOP('',(#2814,#2815,#2816,#2817));
#6183=EDGE_LOOP('',(#2818,#2819,#2820,#2821));
#6184=EDGE_LOOP('',(#2822,#2823,#2824,#2825));
#6185=EDGE_LOOP('',(#2826,#2827,#2828,#2829));
#6186=EDGE_LOOP('',(#2830,#2831,#2832,#2833));
#6187=EDGE_LOOP('',(#2834,#2835,#2836,#2837));
#6188=EDGE_LOOP('',(#2838,#2839,#2840,#2841));
#6189=EDGE_LOOP('',(#2842,#2843,#2844,#2845));
#6190=EDGE_LOOP('',(#2846,#2847,#2848,#2849));
#6191=EDGE_LOOP('',(#2850,#2851,#2852,#2853));
#6192=EDGE_LOOP('',(#2854,#2855,#2856,#2857));
#6193=EDGE_LOOP('',(#2858,#2859,#2860,#2861));
#6194=EDGE_LOOP('',(#2862,#2863,#2864,#2865));
#6195=EDGE_LOOP('',(#2866,#2867,#2868,#2869));
#6196=EDGE_LOOP('',(#2870,#2871,#2872,#2873));
#6197=EDGE_LOOP('',(#2874,#2875,#2876,#2877));
#6198=EDGE_LOOP('',(#2878,#2879,#2880,#2881));
#6199=EDGE_LOOP('',(#2882,#2883,#2884,#2885));
#6200=EDGE_LOOP('',(#2886,#2887,#2888,#2889));
#6201=EDGE_LOOP('',(#2890,#2891,#2892,#2893));
#6202=EDGE_LOOP('',(#2894,#2895,#2896,#2897));
#6203=EDGE_LOOP('',(#2898,#2899,#2900,#2901));
#6204=EDGE_LOOP('',(#2902,#2903,#2904,#2905));
#6205=EDGE_LOOP('',(#2906,#2907,#2908,#2909));
#6206=EDGE_LOOP('',(#2910,#2911,#2912,#2913));
#6207=EDGE_LOOP('',(#2914,#2915,#2916,#2917));
#6208=EDGE_LOOP('',(#2918,#2919,#2920,#2921));
#6209=EDGE_LOOP('',(#2922,#2923,#2924,#2925));
#6210=EDGE_LOOP('',(#2926,#2927,#2928,#2929));
#6211=EDGE_LOOP('',(#2930,#2931,#2932,#2933));
#6212=EDGE_LOOP('',(#2934,#2935,#2936,#2937));
#6213=EDGE_LOOP('',(#2938,#2939,#2940,#2941));
#6214=EDGE_LOOP('',(#2942,#2943,#2944,#2945));
#6215=EDGE_LOOP('',(#2946,#2947,#2948,#2949));
#6216=EDGE_LOOP('',(#2950,#2951,#2952,#2953));
#6217=EDGE_LOOP('',(#2954,#2955,#2956,#2957));
#6218=EDGE_LOOP('',(#2958,#2959,#2960,#2961));
#6219=EDGE_LOOP('',(#2962,#2963,#2964,#2965));
#6220=EDGE_LOOP('',(#2966,#2967,#2968,#2969));
#6221=EDGE_LOOP('',(#2970,#2971,#2972,#2973));
#6222=EDGE_LOOP('',(#2974,#2975,#2976,#2977));
#6223=EDGE_LOOP('',(#2978,#2979,#2980,#2981));
#6224=EDGE_LOOP('',(#2982,#2983,#2984,#2985));
#6225=EDGE_LOOP('',(#2986,#2987,#2988,#2989));
#6226=EDGE_LOOP('',(#2990,#2991,#2992,#2993));
#6227=EDGE_LOOP('',(#2994,#2995,#2996,#2997));
#6228=EDGE_LOOP('',(#2998,#2999,#3000,#3001));
#6229=EDGE_LOOP('',(#3002,#3003,#3004,#3005));
#6230=EDGE_LOOP('',(#3006,#3007,#3008,#3009));
#6231=EDGE_LOOP('',(#3010,#3011,#3012,#3013));
#6232=EDGE_LOOP('',(#3014,#3015,#3016,#3017));
#6233=EDGE_LOOP('',(#3018,#3019,#3020,#3021));
#6234=EDGE_LOOP('',(#3022,#3023,#3024,#3025));
#6235=EDGE_LOOP('',(#3026,#3027,#3028,#3029));
#6236=EDGE_LOOP('',(#3030,#3031,#3032,#3033));
#6237=EDGE_LOOP('',(#3034,#3035,#3036,#3037));
#6238=EDGE_LOOP('',(#3038,#3039,#3040,#3041));
#6239=EDGE_LOOP('',(#3042,#3043,#3044,#3045));
#6240=EDGE_LOOP('',(#3046,#3047,#3048,#3049));
#6241=EDGE_LOOP('',(#3050,#3051,#3052,#3053));
#6242=EDGE_LOOP('',(#3054,#3055,#3056,#3057));
#6243=EDGE_LOOP('',(#3058,#3059,#3060,#3061));
#6244=EDGE_LOOP('',(#3062,#3063,#3064,#3065));
#6245=EDGE_LOOP('',(#3066,#3067,#3068,#3069));
#6246=EDGE_LOOP('',(#3070,#3071,#3072,#3073));
#6247=EDGE_LOOP('',(#3074,#3075,#3076,#3077));
#6248=EDGE_LOOP('',(#3078,#3079,#3080,#3081));
#6249=EDGE_LOOP('',(#3082,#3083,#3084,#3085));
#6250=EDGE_LOOP('',(#3086,#3087,#3088,#3089));
#6251=EDGE_LOOP('',(#3090,#3091,#3092,#3093));
#6252=EDGE_LOOP('',(#3094,#3095,#3096,#3097));
#6253=EDGE_LOOP('',(#3098,#3099,#3100,#3101));
#6254=EDGE_LOOP('',(#3102,#3103,#3104,#3105));
#6255=EDGE_LOOP('',(#3106,#3107,#3108,#3109));
#6256=EDGE_LOOP('',(#3110,#3111,#3112,#3113));
#6257=EDGE_LOOP('',(#3114,#3115,#3116,#3117));
#6258=EDGE_LOOP('',(#3118,#3119,#3120,#3121));
#6259=EDGE_LOOP('',(#3122,#3123,#3124,#3125));
#6260=EDGE_LOOP('',(#3126,#3127,#3128,#3129));
#6261=EDGE_LOOP('',(#3130,#3131,#3132,#3133));
#6262=EDGE_LOOP('',(#3134,#3135,#3136,#3137));
#6263=EDGE_LOOP('',(#3138,#3139,#3140,#3141));
#6264=EDGE_LOOP('',(#3142,#3143,#3144,#3145));
#6265=EDGE_LOOP('',(#3146,#3147,#3148,#3149));
#6266=EDGE_LOOP('',(#3150,#3151,#3152,#3153));
#6267=EDGE_LOOP('',(#3154,#3155,#3156,#3157));
#6268=EDGE_LOOP('',(#3158,#3159,#3160,#3161));
#6269=EDGE_LOOP('',(#3162,#3163,#3164,#3165));
#6270=EDGE_LOOP('',(#3166,#3167,#3168,#3169));
#6271=EDGE_LOOP('',(#3170,#3171,#3172,#3173));
#6272=EDGE_LOOP('',(#3174,#3175,#3176,#3177));
#6273=EDGE_LOOP('',(#3178,#3179,#3180,#3181));
#6274=EDGE_LOOP('',(#3182,#3183,#3184,#3185));
#6275=EDGE_LOOP('',(#3186,#3187,#3188,#3189));
#6276=EDGE_LOOP('',(#3190,#3191,#3192,#3193));
#6277=EDGE_LOOP('',(#3194,#3195,#3196,#3197));
#6278=EDGE_LOOP('',(#3198,#3199,#3200,#3201));
#6279=EDGE_LOOP('',(#3202,#3203,#3204,#3205));
#6280=EDGE_LOOP('',(#3206,#3207,#3208,#3209));
#6281=EDGE_LOOP('',(#3210,#3211,#3212,#3213));
#6282=EDGE_LOOP('',(#3214,#3215,#3216,#3217));
#6283=EDGE_LOOP('',(#3218,#3219,#3220,#3221));
#6284=EDGE_LOOP('',(#3222,#3223,#3224,#3225));
#6285=EDGE_LOOP('',(#3226,#3227,#3228,#3229));
#6286=EDGE_LOOP('',(#3230,#3231,#3232,#3233));
#6287=EDGE_LOOP('',(#3234,#3235,#3236,#3237));
#6288=EDGE_LOOP('',(#3238,#3239,#3240,#3241));
#6289=EDGE_LOOP('',(#3242,#3243,#3244,#3245));
#6290=EDGE_LOOP('',(#3246,#3247,#3248,#3249));
#6291=EDGE_LOOP('',(#3250,#3251,#3252,#3253));
#6292=EDGE_LOOP('',(#3254,#3255,#3256,#3257));
#6293=EDGE_LOOP('',(#3258,#3259,#3260,#3261));
#6294=EDGE_LOOP('',(#3262,#3263,#3264,#3265));
#6295=EDGE_LOOP('',(#3266,#3267,#3268,#3269));
#6296=EDGE_LOOP('',(#3270,#3271,#3272,#3273));
#6297=EDGE_LOOP('',(#3274,#3275,#3276,#3277,#3278,#3279,#3280,#3281,#3282,
#3283,#3284,#3285));
#6298=EDGE_LOOP('',(#3286,#3287,#3288,#3289));
#6299=EDGE_LOOP('',(#3290,#3291,#3292,#3293,#3294,#3295,#3296,#3297,#3298,
#3299,#3300,#3301));
#6300=EDGE_LOOP('',(#3302,#3303,#3304,#3305));
#6301=EDGE_LOOP('',(#3306,#3307,#3308,#3309));
#6302=EDGE_LOOP('',(#3310,#3311,#3312,#3313));
#6303=EDGE_LOOP('',(#3314,#3315,#3316,#3317));
#6304=EDGE_LOOP('',(#3318,#3319,#3320,#3321));
#6305=EDGE_LOOP('',(#3322,#3323,#3324,#3325));
#6306=EDGE_LOOP('',(#3326,#3327,#3328,#3329));
#6307=EDGE_LOOP('',(#3330,#3331,#3332,#3333));
#6308=EDGE_LOOP('',(#3334,#3335,#3336,#3337));
#6309=EDGE_LOOP('',(#3338,#3339,#3340,#3341));
#6310=EDGE_LOOP('',(#3342,#3343,#3344,#3345));
#6311=EDGE_LOOP('',(#3346,#3347,#3348,#3349));
#6312=EDGE_LOOP('',(#3350,#3351,#3352,#3353));
#6313=EDGE_LOOP('',(#3354,#3355,#3356,#3357));
#6314=EDGE_LOOP('',(#3358,#3359,#3360,#3361));
#6315=EDGE_LOOP('',(#3362,#3363,#3364,#3365));
#6316=EDGE_LOOP('',(#3366,#3367,#3368,#3369));
#6317=EDGE_LOOP('',(#3370,#3371,#3372,#3373));
#6318=EDGE_LOOP('',(#3374,#3375,#3376,#3377));
#6319=EDGE_LOOP('',(#3378,#3379,#3380,#3381));
#6320=EDGE_LOOP('',(#3382,#3383,#3384,#3385));
#6321=EDGE_LOOP('',(#3386,#3387,#3388,#3389));
#6322=EDGE_LOOP('',(#3390,#3391,#3392,#3393));
#6323=EDGE_LOOP('',(#3394,#3395,#3396,#3397));
#6324=EDGE_LOOP('',(#3398,#3399,#3400,#3401));
#6325=EDGE_LOOP('',(#3402,#3403,#3404,#3405));
#6326=EDGE_LOOP('',(#3406,#3407,#3408,#3409));
#6327=EDGE_LOOP('',(#3410,#3411,#3412,#3413));
#6328=EDGE_LOOP('',(#3414,#3415,#3416,#3417));
#6329=EDGE_LOOP('',(#3418,#3419,#3420,#3421));
#6330=EDGE_LOOP('',(#3422,#3423,#3424,#3425));
#6331=EDGE_LOOP('',(#3426,#3427,#3428,#3429));
#6332=EDGE_LOOP('',(#3430,#3431,#3432,#3433));
#6333=EDGE_LOOP('',(#3434,#3435,#3436,#3437));
#6334=EDGE_LOOP('',(#3438,#3439,#3440,#3441));
#6335=EDGE_LOOP('',(#3442,#3443,#3444,#3445));
#6336=EDGE_LOOP('',(#3446,#3447,#3448,#3449));
#6337=EDGE_LOOP('',(#3450,#3451,#3452,#3453));
#6338=EDGE_LOOP('',(#3454,#3455,#3456,#3457));
#6339=EDGE_LOOP('',(#3458,#3459,#3460,#3461));
#6340=EDGE_LOOP('',(#3462,#3463,#3464,#3465));
#6341=EDGE_LOOP('',(#3466,#3467,#3468,#3469));
#6342=EDGE_LOOP('',(#3470,#3471,#3472,#3473));
#6343=EDGE_LOOP('',(#3474,#3475,#3476,#3477));
#6344=EDGE_LOOP('',(#3478,#3479,#3480,#3481));
#6345=EDGE_LOOP('',(#3482,#3483,#3484,#3485));
#6346=EDGE_LOOP('',(#3486,#3487,#3488,#3489));
#6347=EDGE_LOOP('',(#3490,#3491,#3492,#3493));
#6348=EDGE_LOOP('',(#3494,#3495,#3496,#3497));
#6349=EDGE_LOOP('',(#3498,#3499,#3500,#3501));
#6350=EDGE_LOOP('',(#3502,#3503,#3504,#3505));
#6351=EDGE_LOOP('',(#3506,#3507,#3508,#3509));
#6352=EDGE_LOOP('',(#3510,#3511,#3512,#3513));
#6353=EDGE_LOOP('',(#3514,#3515,#3516,#3517));
#6354=EDGE_LOOP('',(#3518,#3519,#3520,#3521));
#6355=EDGE_LOOP('',(#3522,#3523,#3524,#3525));
#6356=EDGE_LOOP('',(#3526,#3527,#3528,#3529));
#6357=EDGE_LOOP('',(#3530,#3531,#3532,#3533));
#6358=EDGE_LOOP('',(#3534,#3535,#3536,#3537));
#6359=EDGE_LOOP('',(#3538,#3539,#3540,#3541));
#6360=EDGE_LOOP('',(#3542,#3543,#3544,#3545));
#6361=EDGE_LOOP('',(#3546,#3547,#3548,#3549));
#6362=EDGE_LOOP('',(#3550,#3551,#3552,#3553));
#6363=EDGE_LOOP('',(#3554,#3555,#3556,#3557));
#6364=EDGE_LOOP('',(#3558,#3559,#3560,#3561));
#6365=EDGE_LOOP('',(#3562,#3563,#3564,#3565));
#6366=EDGE_LOOP('',(#3566,#3567,#3568,#3569));
#6367=EDGE_LOOP('',(#3570,#3571,#3572,#3573));
#6368=EDGE_LOOP('',(#3574,#3575,#3576,#3577));
#6369=EDGE_LOOP('',(#3578,#3579,#3580,#3581));
#6370=EDGE_LOOP('',(#3582,#3583,#3584,#3585));
#6371=EDGE_LOOP('',(#3586,#3587,#3588,#3589));
#6372=EDGE_LOOP('',(#3590,#3591,#3592,#3593));
#6373=EDGE_LOOP('',(#3594,#3595,#3596,#3597));
#6374=EDGE_LOOP('',(#3598,#3599,#3600,#3601));
#6375=EDGE_LOOP('',(#3602,#3603,#3604,#3605));
#6376=EDGE_LOOP('',(#3606,#3607,#3608,#3609));
#6377=EDGE_LOOP('',(#3610,#3611,#3612,#3613));
#6378=EDGE_LOOP('',(#3614,#3615,#3616,#3617));
#6379=EDGE_LOOP('',(#3618,#3619,#3620,#3621));
#6380=EDGE_LOOP('',(#3622,#3623,#3624,#3625));
#6381=EDGE_LOOP('',(#3626,#3627,#3628,#3629));
#6382=EDGE_LOOP('',(#3630,#3631,#3632,#3633));
#6383=EDGE_LOOP('',(#3634,#3635,#3636,#3637));
#6384=EDGE_LOOP('',(#3638,#3639,#3640,#3641));
#6385=EDGE_LOOP('',(#3642,#3643,#3644,#3645));
#6386=EDGE_LOOP('',(#3646,#3647,#3648,#3649));
#6387=EDGE_LOOP('',(#3650,#3651,#3652,#3653));
#6388=EDGE_LOOP('',(#3654,#3655,#3656,#3657));
#6389=EDGE_LOOP('',(#3658,#3659,#3660,#3661));
#6390=EDGE_LOOP('',(#3662,#3663,#3664,#3665));
#6391=EDGE_LOOP('',(#3666,#3667,#3668,#3669));
#6392=EDGE_LOOP('',(#3670,#3671,#3672,#3673));
#6393=EDGE_LOOP('',(#3674,#3675,#3676,#3677));
#6394=EDGE_LOOP('',(#3678,#3679,#3680,#3681));
#6395=EDGE_LOOP('',(#3682,#3683,#3684,#3685));
#6396=EDGE_LOOP('',(#3686,#3687,#3688,#3689));
#6397=EDGE_LOOP('',(#3690,#3691,#3692,#3693));
#6398=EDGE_LOOP('',(#3694,#3695,#3696,#3697));
#6399=EDGE_LOOP('',(#3698,#3699,#3700,#3701));
#6400=EDGE_LOOP('',(#3702,#3703,#3704,#3705));
#6401=EDGE_LOOP('',(#3706,#3707,#3708,#3709));
#6402=EDGE_LOOP('',(#3710,#3711,#3712,#3713));
#6403=EDGE_LOOP('',(#3714,#3715,#3716,#3717));
#6404=EDGE_LOOP('',(#3718,#3719,#3720,#3721));
#6405=EDGE_LOOP('',(#3722,#3723,#3724,#3725));
#6406=EDGE_LOOP('',(#3726,#3727,#3728,#3729));
#6407=EDGE_LOOP('',(#3730,#3731,#3732,#3733));
#6408=EDGE_LOOP('',(#3734,#3735,#3736,#3737));
#6409=EDGE_LOOP('',(#3738,#3739,#3740,#3741));
#6410=EDGE_LOOP('',(#3742,#3743,#3744,#3745));
#6411=EDGE_LOOP('',(#3746,#3747,#3748,#3749));
#6412=EDGE_LOOP('',(#3750,#3751,#3752,#3753));
#6413=EDGE_LOOP('',(#3754,#3755,#3756,#3757));
#6414=EDGE_LOOP('',(#3758,#3759,#3760,#3761));
#6415=EDGE_LOOP('',(#3762,#3763,#3764,#3765));
#6416=EDGE_LOOP('',(#3766,#3767,#3768,#3769));
#6417=EDGE_LOOP('',(#3770,#3771,#3772,#3773));
#6418=EDGE_LOOP('',(#3774,#3775,#3776,#3777));
#6419=EDGE_LOOP('',(#3778,#3779,#3780,#3781));
#6420=EDGE_LOOP('',(#3782,#3783,#3784,#3785));
#6421=EDGE_LOOP('',(#3786,#3787,#3788,#3789));
#6422=EDGE_LOOP('',(#3790,#3791,#3792,#3793));
#6423=EDGE_LOOP('',(#3794,#3795,#3796,#3797));
#6424=EDGE_LOOP('',(#3798,#3799,#3800,#3801));
#6425=EDGE_LOOP('',(#3802,#3803,#3804,#3805));
#6426=EDGE_LOOP('',(#3806,#3807,#3808,#3809));
#6427=EDGE_LOOP('',(#3810,#3811,#3812,#3813));
#6428=EDGE_LOOP('',(#3814,#3815,#3816,#3817));
#6429=EDGE_LOOP('',(#3818,#3819,#3820,#3821));
#6430=EDGE_LOOP('',(#3822,#3823,#3824,#3825));
#6431=EDGE_LOOP('',(#3826,#3827,#3828,#3829));
#6432=EDGE_LOOP('',(#3830,#3831,#3832,#3833));
#6433=EDGE_LOOP('',(#3834,#3835,#3836,#3837));
#6434=EDGE_LOOP('',(#3838,#3839,#3840,#3841));
#6435=EDGE_LOOP('',(#3842,#3843,#3844,#3845));
#6436=EDGE_LOOP('',(#3846,#3847,#3848,#3849));
#6437=EDGE_LOOP('',(#3850,#3851,#3852,#3853));
#6438=EDGE_LOOP('',(#3854,#3855,#3856,#3857));
#6439=EDGE_LOOP('',(#3858,#3859,#3860,#3861));
#6440=EDGE_LOOP('',(#3862,#3863,#3864,#3865));
#6441=EDGE_LOOP('',(#3866,#3867,#3868,#3869));
#6442=EDGE_LOOP('',(#3870,#3871,#3872,#3873));
#6443=EDGE_LOOP('',(#3874,#3875,#3876,#3877));
#6444=EDGE_LOOP('',(#3878,#3879,#3880,#3881));
#6445=EDGE_LOOP('',(#3882,#3883,#3884,#3885));
#6446=EDGE_LOOP('',(#3886,#3887,#3888,#3889));
#6447=EDGE_LOOP('',(#3890,#3891,#3892,#3893));
#6448=EDGE_LOOP('',(#3894,#3895,#3896,#3897));
#6449=EDGE_LOOP('',(#3898,#3899,#3900,#3901));
#6450=EDGE_LOOP('',(#3902,#3903,#3904,#3905));
#6451=EDGE_LOOP('',(#3906,#3907,#3908,#3909));
#6452=EDGE_LOOP('',(#3910,#3911,#3912,#3913));
#6453=EDGE_LOOP('',(#3914,#3915,#3916,#3917));
#6454=EDGE_LOOP('',(#3918,#3919,#3920,#3921));
#6455=EDGE_LOOP('',(#3922,#3923,#3924,#3925));
#6456=EDGE_LOOP('',(#3926,#3927,#3928,#3929));
#6457=EDGE_LOOP('',(#3930,#3931,#3932,#3933,#3934,#3935,#3936,#3937,#3938,
#3939,#3940,#3941,#3942,#3943,#3944,#3945,#3946,#3947,#3948,#3949));
#6458=EDGE_LOOP('',(#3950,#3951,#3952,#3953));
#6459=EDGE_LOOP('',(#3954,#3955,#3956,#3957));
#6460=EDGE_LOOP('',(#3958,#3959,#3960,#3961));
#6461=EDGE_LOOP('',(#3962,#3963,#3964,#3965));
#6462=EDGE_LOOP('',(#3966,#3967,#3968,#3969));
#6463=EDGE_LOOP('',(#3970,#3971,#3972,#3973));
#6464=EDGE_LOOP('',(#3974,#3975,#3976,#3977));
#6465=EDGE_LOOP('',(#3978,#3979,#3980,#3981));
#6466=EDGE_LOOP('',(#3982,#3983,#3984,#3985));
#6467=EDGE_LOOP('',(#3986,#3987,#3988,#3989));
#6468=EDGE_LOOP('',(#3990,#3991,#3992,#3993));
#6469=EDGE_LOOP('',(#3994,#3995,#3996,#3997));
#6470=EDGE_LOOP('',(#3998,#3999,#4000,#4001));
#6471=EDGE_LOOP('',(#4002,#4003,#4004,#4005));
#6472=EDGE_LOOP('',(#4006,#4007,#4008,#4009));
#6473=EDGE_LOOP('',(#4010,#4011,#4012,#4013));
#6474=EDGE_LOOP('',(#4014,#4015,#4016,#4017));
#6475=EDGE_LOOP('',(#4018,#4019,#4020,#4021));
#6476=EDGE_LOOP('',(#4022,#4023,#4024,#4025));
#6477=EDGE_LOOP('',(#4026,#4027,#4028,#4029));
#6478=EDGE_LOOP('',(#4030,#4031,#4032,#4033));
#6479=EDGE_LOOP('',(#4034,#4035,#4036,#4037));
#6480=EDGE_LOOP('',(#4038,#4039,#4040,#4041));
#6481=EDGE_LOOP('',(#4042,#4043,#4044,#4045));
#6482=EDGE_LOOP('',(#4046,#4047,#4048,#4049));
#6483=EDGE_LOOP('',(#4050,#4051,#4052,#4053));
#6484=EDGE_LOOP('',(#4054,#4055,#4056,#4057));
#6485=EDGE_LOOP('',(#4058,#4059,#4060,#4061));
#6486=EDGE_LOOP('',(#4062,#4063,#4064,#4065));
#6487=EDGE_LOOP('',(#4066,#4067,#4068,#4069));
#6488=EDGE_LOOP('',(#4070,#4071,#4072,#4073));
#6489=EDGE_LOOP('',(#4074,#4075,#4076,#4077));
#6490=EDGE_LOOP('',(#4078,#4079,#4080,#4081));
#6491=EDGE_LOOP('',(#4082,#4083,#4084,#4085));
#6492=EDGE_LOOP('',(#4086,#4087,#4088,#4089));
#6493=EDGE_LOOP('',(#4090,#4091,#4092,#4093));
#6494=EDGE_LOOP('',(#4094,#4095,#4096,#4097));
#6495=EDGE_LOOP('',(#4098,#4099,#4100,#4101));
#6496=EDGE_LOOP('',(#4102,#4103,#4104,#4105));
#6497=EDGE_LOOP('',(#4106,#4107,#4108,#4109));
#6498=EDGE_LOOP('',(#4110,#4111,#4112,#4113));
#6499=EDGE_LOOP('',(#4114,#4115,#4116,#4117));
#6500=EDGE_LOOP('',(#4118,#4119,#4120,#4121));
#6501=EDGE_LOOP('',(#4122,#4123,#4124,#4125));
#6502=EDGE_LOOP('',(#4126,#4127,#4128,#4129));
#6503=EDGE_LOOP('',(#4130,#4131,#4132,#4133));
#6504=EDGE_LOOP('',(#4134,#4135,#4136,#4137));
#6505=EDGE_LOOP('',(#4138,#4139,#4140,#4141));
#6506=EDGE_LOOP('',(#4142,#4143,#4144,#4145));
#6507=EDGE_LOOP('',(#4146,#4147,#4148,#4149));
#6508=EDGE_LOOP('',(#4150,#4151,#4152,#4153));
#6509=EDGE_LOOP('',(#4154,#4155,#4156,#4157));
#6510=EDGE_LOOP('',(#4158,#4159,#4160,#4161));
#6511=EDGE_LOOP('',(#4162,#4163,#4164,#4165));
#6512=EDGE_LOOP('',(#4166,#4167,#4168,#4169));
#6513=EDGE_LOOP('',(#4170,#4171,#4172,#4173));
#6514=EDGE_LOOP('',(#4174,#4175,#4176,#4177));
#6515=EDGE_LOOP('',(#4178,#4179,#4180,#4181));
#6516=EDGE_LOOP('',(#4182,#4183,#4184,#4185));
#6517=EDGE_LOOP('',(#4186,#4187,#4188,#4189));
#6518=EDGE_LOOP('',(#4190,#4191,#4192,#4193));
#6519=EDGE_LOOP('',(#4194,#4195,#4196,#4197));
#6520=EDGE_LOOP('',(#4198,#4199,#4200,#4201));
#6521=EDGE_LOOP('',(#4202,#4203,#4204,#4205));
#6522=EDGE_LOOP('',(#4206,#4207,#4208,#4209));
#6523=EDGE_LOOP('',(#4210,#4211,#4212,#4213));
#6524=EDGE_LOOP('',(#4214,#4215,#4216,#4217));
#6525=EDGE_LOOP('',(#4218,#4219,#4220,#4221));
#6526=EDGE_LOOP('',(#4222,#4223,#4224,#4225));
#6527=EDGE_LOOP('',(#4226,#4227,#4228,#4229));
#6528=EDGE_LOOP('',(#4230,#4231,#4232,#4233));
#6529=EDGE_LOOP('',(#4234,#4235,#4236,#4237));
#6530=FACE_BOUND('',#6016,.T.);
#6531=FACE_BOUND('',#6017,.T.);
#6532=FACE_BOUND('',#6018,.T.);
#6533=FACE_BOUND('',#6019,.T.);
#6534=FACE_BOUND('',#6020,.T.);
#6535=FACE_BOUND('',#6021,.T.);
#6536=FACE_BOUND('',#6022,.T.);
#6537=FACE_BOUND('',#6023,.T.);
#6538=FACE_BOUND('',#6024,.T.);
#6539=FACE_BOUND('',#6025,.T.);
#6540=FACE_BOUND('',#6026,.T.);
#6541=FACE_BOUND('',#6027,.T.);
#6542=FACE_BOUND('',#6028,.T.);
#6543=FACE_BOUND('',#6029,.T.);
#6544=FACE_BOUND('',#6030,.T.);
#6545=FACE_BOUND('',#6031,.T.);
#6546=FACE_BOUND('',#6032,.T.);
#6547=FACE_BOUND('',#6033,.T.);
#6548=FACE_BOUND('',#6034,.T.);
#6549=FACE_BOUND('',#6035,.T.);
#6550=FACE_BOUND('',#6036,.T.);
#6551=FACE_BOUND('',#6037,.T.);
#6552=FACE_BOUND('',#6038,.T.);
#6553=FACE_BOUND('',#6039,.T.);
#6554=FACE_BOUND('',#6040,.T.);
#6555=FACE_BOUND('',#6041,.T.);
#6556=FACE_BOUND('',#6042,.T.);
#6557=FACE_BOUND('',#6043,.T.);
#6558=FACE_BOUND('',#6044,.T.);
#6559=FACE_BOUND('',#6045,.T.);
#6560=FACE_BOUND('',#6046,.T.);
#6561=FACE_BOUND('',#6047,.T.);
#6562=FACE_BOUND('',#6048,.T.);
#6563=FACE_BOUND('',#6049,.T.);
#6564=FACE_BOUND('',#6050,.T.);
#6565=FACE_BOUND('',#6051,.T.);
#6566=FACE_BOUND('',#6052,.T.);
#6567=FACE_BOUND('',#6053,.T.);
#6568=FACE_BOUND('',#6054,.T.);
#6569=FACE_BOUND('',#6055,.T.);
#6570=FACE_BOUND('',#6056,.T.);
#6571=FACE_BOUND('',#6057,.T.);
#6572=FACE_BOUND('',#6058,.T.);
#6573=FACE_BOUND('',#6059,.T.);
#6574=FACE_BOUND('',#6060,.T.);
#6575=FACE_BOUND('',#6061,.T.);
#6576=FACE_BOUND('',#6062,.T.);
#6577=FACE_BOUND('',#6063,.T.);
#6578=FACE_BOUND('',#6064,.T.);
#6579=FACE_BOUND('',#6065,.T.);
#6580=FACE_BOUND('',#6066,.T.);
#6581=FACE_BOUND('',#6067,.T.);
#6582=FACE_BOUND('',#6068,.T.);
#6583=FACE_BOUND('',#6069,.T.);
#6584=FACE_BOUND('',#6070,.T.);
#6585=FACE_BOUND('',#6071,.T.);
#6586=FACE_BOUND('',#6072,.T.);
#6587=FACE_BOUND('',#6073,.T.);
#6588=FACE_BOUND('',#6074,.T.);
#6589=FACE_BOUND('',#6075,.T.);
#6590=FACE_BOUND('',#6076,.T.);
#6591=FACE_BOUND('',#6077,.T.);
#6592=FACE_BOUND('',#6078,.T.);
#6593=FACE_BOUND('',#6079,.T.);
#6594=FACE_BOUND('',#6080,.T.);
#6595=FACE_BOUND('',#6081,.T.);
#6596=FACE_BOUND('',#6082,.T.);
#6597=FACE_BOUND('',#6083,.T.);
#6598=FACE_BOUND('',#6084,.T.);
#6599=FACE_BOUND('',#6085,.T.);
#6600=FACE_BOUND('',#6086,.T.);
#6601=FACE_BOUND('',#6087,.T.);
#6602=FACE_BOUND('',#6088,.T.);
#6603=FACE_BOUND('',#6089,.T.);
#6604=FACE_BOUND('',#6090,.T.);
#6605=FACE_BOUND('',#6091,.T.);
#6606=FACE_BOUND('',#6092,.T.);
#6607=FACE_BOUND('',#6093,.T.);
#6608=FACE_BOUND('',#6094,.T.);
#6609=FACE_BOUND('',#6095,.T.);
#6610=FACE_BOUND('',#6096,.T.);
#6611=FACE_BOUND('',#6097,.T.);
#6612=FACE_BOUND('',#6098,.T.);
#6613=FACE_BOUND('',#6099,.T.);
#6614=FACE_BOUND('',#6100,.T.);
#6615=FACE_BOUND('',#6101,.T.);
#6616=FACE_BOUND('',#6102,.T.);
#6617=FACE_BOUND('',#6103,.T.);
#6618=FACE_BOUND('',#6104,.T.);
#6619=FACE_BOUND('',#6105,.T.);
#6620=FACE_BOUND('',#6106,.T.);
#6621=FACE_BOUND('',#6107,.T.);
#6622=FACE_BOUND('',#6108,.T.);
#6623=FACE_BOUND('',#6109,.T.);
#6624=FACE_BOUND('',#6110,.T.);
#6625=FACE_BOUND('',#6111,.T.);
#6626=FACE_BOUND('',#6112,.T.);
#6627=FACE_BOUND('',#6113,.T.);
#6628=FACE_BOUND('',#6114,.T.);
#6629=FACE_BOUND('',#6115,.T.);
#6630=FACE_BOUND('',#6116,.T.);
#6631=FACE_BOUND('',#6117,.T.);
#6632=FACE_BOUND('',#6118,.T.);
#6633=FACE_BOUND('',#6119,.T.);
#6634=FACE_BOUND('',#6120,.T.);
#6635=FACE_BOUND('',#6121,.T.);
#6636=FACE_BOUND('',#6122,.T.);
#6637=FACE_BOUND('',#6123,.T.);
#6638=FACE_BOUND('',#6124,.T.);
#6639=FACE_BOUND('',#6125,.T.);
#6640=FACE_BOUND('',#6126,.T.);
#6641=FACE_BOUND('',#6127,.T.);
#6642=FACE_BOUND('',#6128,.T.);
#6643=FACE_BOUND('',#6129,.T.);
#6644=FACE_BOUND('',#6130,.T.);
#6645=FACE_BOUND('',#6131,.T.);
#6646=FACE_BOUND('',#6132,.T.);
#6647=FACE_BOUND('',#6133,.T.);
#6648=FACE_BOUND('',#6134,.T.);
#6649=FACE_BOUND('',#6135,.T.);
#6650=FACE_BOUND('',#6136,.T.);
#6651=FACE_BOUND('',#6137,.T.);
#6652=FACE_BOUND('',#6138,.T.);
#6653=FACE_BOUND('',#6139,.T.);
#6654=FACE_BOUND('',#6140,.T.);
#6655=FACE_BOUND('',#6141,.T.);
#6656=FACE_BOUND('',#6142,.T.);
#6657=FACE_BOUND('',#6143,.T.);
#6658=FACE_BOUND('',#6144,.T.);
#6659=FACE_BOUND('',#6145,.T.);
#6660=FACE_BOUND('',#6146,.T.);
#6661=FACE_BOUND('',#6147,.T.);
#6662=FACE_BOUND('',#6148,.T.);
#6663=FACE_BOUND('',#6149,.T.);
#6664=FACE_BOUND('',#6150,.T.);
#6665=FACE_BOUND('',#6151,.T.);
#6666=FACE_BOUND('',#6152,.T.);
#6667=FACE_BOUND('',#6153,.T.);
#6668=FACE_BOUND('',#6154,.T.);
#6669=FACE_BOUND('',#6155,.T.);
#6670=FACE_BOUND('',#6156,.T.);
#6671=FACE_BOUND('',#6157,.T.);
#6672=FACE_BOUND('',#6158,.T.);
#6673=FACE_BOUND('',#6159,.T.);
#6674=FACE_BOUND('',#6160,.T.);
#6675=FACE_BOUND('',#6161,.T.);
#6676=FACE_BOUND('',#6162,.T.);
#6677=FACE_BOUND('',#6163,.T.);
#6678=FACE_BOUND('',#6164,.T.);
#6679=FACE_BOUND('',#6165,.T.);
#6680=FACE_BOUND('',#6166,.T.);
#6681=FACE_BOUND('',#6167,.T.);
#6682=FACE_BOUND('',#6168,.T.);
#6683=FACE_BOUND('',#6169,.T.);
#6684=FACE_BOUND('',#6170,.T.);
#6685=FACE_BOUND('',#6171,.T.);
#6686=FACE_BOUND('',#6172,.T.);
#6687=FACE_BOUND('',#6173,.T.);
#6688=FACE_BOUND('',#6174,.T.);
#6689=FACE_BOUND('',#6175,.T.);
#6690=FACE_BOUND('',#6176,.T.);
#6691=FACE_BOUND('',#6177,.T.);
#6692=FACE_BOUND('',#6178,.T.);
#6693=FACE_BOUND('',#6179,.T.);
#6694=FACE_BOUND('',#6180,.T.);
#6695=FACE_BOUND('',#6181,.T.);
#6696=FACE_BOUND('',#6182,.T.);
#6697=FACE_BOUND('',#6183,.T.);
#6698=FACE_BOUND('',#6184,.T.);
#6699=FACE_BOUND('',#6185,.T.);
#6700=FACE_BOUND('',#6186,.T.);
#6701=FACE_BOUND('',#6187,.T.);
#6702=FACE_BOUND('',#6188,.T.);
#6703=FACE_BOUND('',#6189,.T.);
#6704=FACE_BOUND('',#6190,.T.);
#6705=FACE_BOUND('',#6191,.T.);
#6706=FACE_BOUND('',#6192,.T.);
#6707=FACE_BOUND('',#6193,.T.);
#6708=FACE_BOUND('',#6194,.T.);
#6709=FACE_BOUND('',#6195,.T.);
#6710=FACE_BOUND('',#6196,.T.);
#6711=FACE_BOUND('',#6197,.T.);
#6712=FACE_BOUND('',#6198,.T.);
#6713=FACE_BOUND('',#6199,.T.);
#6714=FACE_BOUND('',#6200,.T.);
#6715=FACE_BOUND('',#6201,.T.);
#6716=FACE_BOUND('',#6202,.T.);
#6717=FACE_BOUND('',#6203,.T.);
#6718=FACE_BOUND('',#6204,.T.);
#6719=FACE_BOUND('',#6205,.T.);
#6720=FACE_BOUND('',#6206,.T.);
#6721=FACE_BOUND('',#6207,.T.);
#6722=FACE_BOUND('',#6208,.T.);
#6723=FACE_BOUND('',#6209,.T.);
#6724=FACE_BOUND('',#6210,.T.);
#6725=FACE_BOUND('',#6211,.T.);
#6726=FACE_BOUND('',#6212,.T.);
#6727=FACE_BOUND('',#6213,.T.);
#6728=FACE_BOUND('',#6214,.T.);
#6729=FACE_BOUND('',#6215,.T.);
#6730=FACE_BOUND('',#6216,.T.);
#6731=FACE_BOUND('',#6217,.T.);
#6732=FACE_BOUND('',#6218,.T.);
#6733=FACE_BOUND('',#6219,.T.);
#6734=FACE_BOUND('',#6220,.T.);
#6735=FACE_BOUND('',#6221,.T.);
#6736=FACE_BOUND('',#6222,.T.);
#6737=FACE_BOUND('',#6223,.T.);
#6738=FACE_BOUND('',#6224,.T.);
#6739=FACE_BOUND('',#6225,.T.);
#6740=FACE_BOUND('',#6226,.T.);
#6741=FACE_BOUND('',#6227,.T.);
#6742=FACE_BOUND('',#6228,.T.);
#6743=FACE_BOUND('',#6229,.T.);
#6744=FACE_BOUND('',#6230,.T.);
#6745=FACE_BOUND('',#6231,.T.);
#6746=FACE_BOUND('',#6232,.T.);
#6747=FACE_BOUND('',#6233,.T.);
#6748=FACE_BOUND('',#6234,.T.);
#6749=FACE_BOUND('',#6235,.T.);
#6750=FACE_BOUND('',#6236,.T.);
#6751=FACE_BOUND('',#6237,.T.);
#6752=FACE_BOUND('',#6238,.T.);
#6753=FACE_BOUND('',#6239,.T.);
#6754=FACE_BOUND('',#6240,.T.);
#6755=FACE_BOUND('',#6241,.T.);
#6756=FACE_BOUND('',#6242,.T.);
#6757=FACE_BOUND('',#6243,.T.);
#6758=FACE_BOUND('',#6244,.T.);
#6759=FACE_BOUND('',#6245,.T.);
#6760=FACE_BOUND('',#6246,.T.);
#6761=FACE_BOUND('',#6247,.T.);
#6762=FACE_BOUND('',#6248,.T.);
#6763=FACE_BOUND('',#6249,.T.);
#6764=FACE_BOUND('',#6250,.T.);
#6765=FACE_BOUND('',#6251,.T.);
#6766=FACE_BOUND('',#6252,.T.);
#6767=FACE_BOUND('',#6253,.T.);
#6768=FACE_BOUND('',#6254,.T.);
#6769=FACE_BOUND('',#6255,.T.);
#6770=FACE_BOUND('',#6256,.T.);
#6771=FACE_BOUND('',#6257,.T.);
#6772=FACE_BOUND('',#6258,.T.);
#6773=FACE_BOUND('',#6259,.T.);
#6774=FACE_BOUND('',#6260,.T.);
#6775=FACE_BOUND('',#6261,.T.);
#6776=FACE_BOUND('',#6262,.T.);
#6777=FACE_BOUND('',#6263,.T.);
#6778=FACE_BOUND('',#6264,.T.);
#6779=FACE_BOUND('',#6265,.T.);
#6780=FACE_BOUND('',#6266,.T.);
#6781=FACE_BOUND('',#6267,.T.);
#6782=FACE_BOUND('',#6268,.T.);
#6783=FACE_BOUND('',#6269,.T.);
#6784=FACE_BOUND('',#6270,.T.);
#6785=FACE_BOUND('',#6271,.T.);
#6786=FACE_BOUND('',#6272,.T.);
#6787=FACE_BOUND('',#6273,.T.);
#6788=FACE_BOUND('',#6274,.T.);
#6789=FACE_BOUND('',#6275,.T.);
#6790=FACE_BOUND('',#6276,.T.);
#6791=FACE_BOUND('',#6277,.T.);
#6792=FACE_BOUND('',#6278,.T.);
#6793=FACE_BOUND('',#6279,.T.);
#6794=FACE_BOUND('',#6280,.T.);
#6795=FACE_BOUND('',#6281,.T.);
#6796=FACE_BOUND('',#6282,.T.);
#6797=FACE_BOUND('',#6283,.T.);
#6798=FACE_BOUND('',#6284,.T.);
#6799=FACE_BOUND('',#6285,.T.);
#6800=FACE_BOUND('',#6286,.T.);
#6801=FACE_BOUND('',#6287,.T.);
#6802=FACE_BOUND('',#6288,.T.);
#6803=FACE_BOUND('',#6289,.T.);
#6804=FACE_BOUND('',#6290,.T.);
#6805=FACE_BOUND('',#6291,.T.);
#6806=FACE_BOUND('',#6292,.T.);
#6807=FACE_BOUND('',#6293,.T.);
#6808=FACE_BOUND('',#6294,.T.);
#6809=FACE_BOUND('',#6295,.T.);
#6810=FACE_BOUND('',#6296,.T.);
#6811=FACE_BOUND('',#6297,.T.);
#6812=FACE_BOUND('',#6298,.T.);
#6813=FACE_BOUND('',#6299,.T.);
#6814=FACE_BOUND('',#6300,.T.);
#6815=FACE_BOUND('',#6301,.T.);
#6816=FACE_BOUND('',#6302,.T.);
#6817=FACE_BOUND('',#6303,.T.);
#6818=FACE_BOUND('',#6304,.T.);
#6819=FACE_BOUND('',#6305,.T.);
#6820=FACE_BOUND('',#6306,.T.);
#6821=FACE_BOUND('',#6307,.T.);
#6822=FACE_BOUND('',#6308,.T.);
#6823=FACE_BOUND('',#6309,.T.);
#6824=FACE_BOUND('',#6310,.T.);
#6825=FACE_BOUND('',#6311,.T.);
#6826=FACE_BOUND('',#6312,.T.);
#6827=FACE_BOUND('',#6313,.T.);
#6828=FACE_BOUND('',#6314,.T.);
#6829=FACE_BOUND('',#6315,.T.);
#6830=FACE_BOUND('',#6316,.T.);
#6831=FACE_BOUND('',#6317,.T.);
#6832=FACE_BOUND('',#6318,.T.);
#6833=FACE_BOUND('',#6319,.T.);
#6834=FACE_BOUND('',#6320,.T.);
#6835=FACE_BOUND('',#6321,.T.);
#6836=FACE_BOUND('',#6322,.T.);
#6837=FACE_BOUND('',#6323,.T.);
#6838=FACE_BOUND('',#6324,.T.);
#6839=FACE_BOUND('',#6325,.T.);
#6840=FACE_BOUND('',#6326,.T.);
#6841=FACE_BOUND('',#6327,.T.);
#6842=FACE_BOUND('',#6328,.T.);
#6843=FACE_BOUND('',#6329,.T.);
#6844=FACE_BOUND('',#6330,.T.);
#6845=FACE_BOUND('',#6331,.T.);
#6846=FACE_BOUND('',#6332,.T.);
#6847=FACE_BOUND('',#6333,.T.);
#6848=FACE_BOUND('',#6334,.T.);
#6849=FACE_BOUND('',#6335,.T.);
#6850=FACE_BOUND('',#6336,.T.);
#6851=FACE_BOUND('',#6337,.T.);
#6852=FACE_BOUND('',#6338,.T.);
#6853=FACE_BOUND('',#6339,.T.);
#6854=FACE_BOUND('',#6340,.T.);
#6855=FACE_BOUND('',#6341,.T.);
#6856=FACE_BOUND('',#6342,.T.);
#6857=FACE_BOUND('',#6343,.T.);
#6858=FACE_BOUND('',#6344,.T.);
#6859=FACE_BOUND('',#6345,.T.);
#6860=FACE_BOUND('',#6346,.T.);
#6861=FACE_BOUND('',#6347,.T.);
#6862=FACE_BOUND('',#6348,.T.);
#6863=FACE_BOUND('',#6349,.T.);
#6864=FACE_BOUND('',#6350,.T.);
#6865=FACE_BOUND('',#6351,.T.);
#6866=FACE_BOUND('',#6352,.T.);
#6867=FACE_BOUND('',#6353,.T.);
#6868=FACE_BOUND('',#6354,.T.);
#6869=FACE_BOUND('',#6355,.T.);
#6870=FACE_BOUND('',#6356,.T.);
#6871=FACE_BOUND('',#6357,.T.);
#6872=FACE_BOUND('',#6358,.T.);
#6873=FACE_BOUND('',#6359,.T.);
#6874=FACE_BOUND('',#6360,.T.);
#6875=FACE_BOUND('',#6361,.T.);
#6876=FACE_BOUND('',#6362,.T.);
#6877=FACE_BOUND('',#6363,.T.);
#6878=FACE_BOUND('',#6364,.T.);
#6879=FACE_BOUND('',#6365,.T.);
#6880=FACE_BOUND('',#6366,.T.);
#6881=FACE_BOUND('',#6367,.T.);
#6882=FACE_BOUND('',#6368,.T.);
#6883=FACE_BOUND('',#6369,.T.);
#6884=FACE_BOUND('',#6370,.T.);
#6885=FACE_BOUND('',#6371,.T.);
#6886=FACE_BOUND('',#6372,.T.);
#6887=FACE_BOUND('',#6373,.T.);
#6888=FACE_BOUND('',#6374,.T.);
#6889=FACE_BOUND('',#6375,.T.);
#6890=FACE_BOUND('',#6376,.T.);
#6891=FACE_BOUND('',#6377,.T.);
#6892=FACE_BOUND('',#6378,.T.);
#6893=FACE_BOUND('',#6379,.T.);
#6894=FACE_BOUND('',#6380,.T.);
#6895=FACE_BOUND('',#6381,.T.);
#6896=FACE_BOUND('',#6382,.T.);
#6897=FACE_BOUND('',#6383,.T.);
#6898=FACE_BOUND('',#6384,.T.);
#6899=FACE_BOUND('',#6385,.T.);
#6900=FACE_BOUND('',#6386,.T.);
#6901=FACE_BOUND('',#6387,.T.);
#6902=FACE_BOUND('',#6388,.T.);
#6903=FACE_BOUND('',#6389,.T.);
#6904=FACE_BOUND('',#6390,.T.);
#6905=FACE_BOUND('',#6391,.T.);
#6906=FACE_BOUND('',#6392,.T.);
#6907=FACE_BOUND('',#6393,.T.);
#6908=FACE_BOUND('',#6394,.T.);
#6909=FACE_BOUND('',#6395,.T.);
#6910=FACE_BOUND('',#6396,.T.);
#6911=FACE_BOUND('',#6397,.T.);
#6912=FACE_BOUND('',#6398,.T.);
#6913=FACE_BOUND('',#6399,.T.);
#6914=FACE_BOUND('',#6400,.T.);
#6915=FACE_BOUND('',#6401,.T.);
#6916=FACE_BOUND('',#6402,.T.);
#6917=FACE_BOUND('',#6403,.T.);
#6918=FACE_BOUND('',#6404,.T.);
#6919=FACE_BOUND('',#6405,.T.);
#6920=FACE_BOUND('',#6406,.T.);
#6921=FACE_BOUND('',#6407,.T.);
#6922=FACE_BOUND('',#6408,.T.);
#6923=FACE_BOUND('',#6409,.T.);
#6924=FACE_BOUND('',#6410,.T.);
#6925=FACE_BOUND('',#6411,.T.);
#6926=FACE_BOUND('',#6412,.T.);
#6927=FACE_BOUND('',#6413,.T.);
#6928=FACE_BOUND('',#6414,.T.);
#6929=FACE_BOUND('',#6415,.T.);
#6930=FACE_BOUND('',#6416,.T.);
#6931=FACE_BOUND('',#6417,.T.);
#6932=FACE_BOUND('',#6418,.T.);
#6933=FACE_BOUND('',#6419,.T.);
#6934=FACE_BOUND('',#6420,.T.);
#6935=FACE_BOUND('',#6421,.T.);
#6936=FACE_BOUND('',#6422,.T.);
#6937=FACE_BOUND('',#6423,.T.);
#6938=FACE_BOUND('',#6424,.T.);
#6939=FACE_BOUND('',#6425,.T.);
#6940=FACE_BOUND('',#6426,.T.);
#6941=FACE_BOUND('',#6427,.T.);
#6942=FACE_BOUND('',#6428,.T.);
#6943=FACE_BOUND('',#6429,.T.);
#6944=FACE_BOUND('',#6430,.T.);
#6945=FACE_BOUND('',#6431,.T.);
#6946=FACE_BOUND('',#6432,.T.);
#6947=FACE_BOUND('',#6433,.T.);
#6948=FACE_BOUND('',#6434,.T.);
#6949=FACE_BOUND('',#6435,.T.);
#6950=FACE_BOUND('',#6436,.T.);
#6951=FACE_BOUND('',#6437,.T.);
#6952=FACE_BOUND('',#6438,.T.);
#6953=FACE_BOUND('',#6439,.T.);
#6954=FACE_BOUND('',#6440,.T.);
#6955=FACE_BOUND('',#6441,.T.);
#6956=FACE_BOUND('',#6442,.T.);
#6957=FACE_BOUND('',#6443,.T.);
#6958=FACE_BOUND('',#6444,.T.);
#6959=FACE_BOUND('',#6445,.T.);
#6960=FACE_BOUND('',#6446,.T.);
#6961=FACE_BOUND('',#6447,.T.);
#6962=FACE_BOUND('',#6448,.T.);
#6963=FACE_BOUND('',#6449,.T.);
#6964=FACE_BOUND('',#6450,.T.);
#6965=FACE_BOUND('',#6451,.T.);
#6966=FACE_BOUND('',#6452,.T.);
#6967=FACE_BOUND('',#6453,.T.);
#6968=FACE_BOUND('',#6454,.T.);
#6969=FACE_BOUND('',#6455,.T.);
#6970=FACE_BOUND('',#6456,.T.);
#6971=FACE_BOUND('',#6457,.T.);
#6972=FACE_BOUND('',#6458,.T.);
#6973=FACE_BOUND('',#6459,.T.);
#6974=FACE_BOUND('',#6460,.T.);
#6975=FACE_BOUND('',#6461,.T.);
#6976=FACE_BOUND('',#6462,.T.);
#6977=FACE_BOUND('',#6463,.T.);
#6978=FACE_BOUND('',#6464,.T.);
#6979=FACE_BOUND('',#6465,.T.);
#6980=FACE_BOUND('',#6466,.T.);
#6981=FACE_BOUND('',#6467,.T.);
#6982=FACE_BOUND('',#6468,.T.);
#6983=FACE_BOUND('',#6469,.T.);
#6984=FACE_BOUND('',#6470,.T.);
#6985=FACE_BOUND('',#6471,.T.);
#6986=FACE_BOUND('',#6472,.T.);
#6987=FACE_BOUND('',#6473,.T.);
#6988=FACE_BOUND('',#6474,.T.);
#6989=FACE_BOUND('',#6475,.T.);
#6990=FACE_BOUND('',#6476,.T.);
#6991=FACE_BOUND('',#6477,.T.);
#6992=FACE_BOUND('',#6478,.T.);
#6993=FACE_BOUND('',#6479,.T.);
#6994=FACE_BOUND('',#6480,.T.);
#6995=FACE_BOUND('',#6481,.T.);
#6996=FACE_BOUND('',#6482,.T.);
#6997=FACE_BOUND('',#6483,.T.);
#6998=FACE_BOUND('',#6484,.T.);
#6999=FACE_BOUND('',#6485,.T.);
#7000=FACE_BOUND('',#6486,.T.);
#7001=FACE_BOUND('',#6487,.T.);
#7002=FACE_BOUND('',#6488,.T.);
#7003=FACE_BOUND('',#6489,.T.);
#7004=FACE_BOUND('',#6490,.T.);
#7005=FACE_BOUND('',#6491,.T.);
#7006=FACE_BOUND('',#6492,.T.);
#7007=FACE_BOUND('',#6493,.T.);
#7008=FACE_BOUND('',#6494,.T.);
#7009=FACE_BOUND('',#6495,.T.);
#7010=FACE_BOUND('',#6496,.T.);
#7011=FACE_BOUND('',#6497,.T.);
#7012=FACE_BOUND('',#6498,.T.);
#7013=FACE_BOUND('',#6499,.T.);
#7014=FACE_BOUND('',#6500,.T.);
#7015=FACE_BOUND('',#6501,.T.);
#7016=FACE_BOUND('',#6502,.T.);
#7017=FACE_BOUND('',#6503,.T.);
#7018=FACE_BOUND('',#6504,.T.);
#7019=FACE_BOUND('',#6505,.T.);
#7020=FACE_BOUND('',#6506,.T.);
#7021=FACE_BOUND('',#6507,.T.);
#7022=FACE_BOUND('',#6508,.T.);
#7023=FACE_BOUND('',#6509,.T.);
#7024=FACE_BOUND('',#6510,.T.);
#7025=FACE_BOUND('',#6511,.T.);
#7026=FACE_BOUND('',#6512,.T.);
#7027=FACE_BOUND('',#6513,.T.);
#7028=FACE_BOUND('',#6514,.T.);
#7029=FACE_BOUND('',#6515,.T.);
#7030=FACE_BOUND('',#6516,.T.);
#7031=FACE_BOUND('',#6517,.T.);
#7032=FACE_BOUND('',#6518,.T.);
#7033=FACE_BOUND('',#6519,.T.);
#7034=FACE_BOUND('',#6520,.T.);
#7035=FACE_BOUND('',#6521,.T.);
#7036=FACE_BOUND('',#6522,.T.);
#7037=FACE_BOUND('',#6523,.T.);
#7038=FACE_BOUND('',#6524,.T.);
#7039=FACE_BOUND('',#6525,.T.);
#7040=FACE_BOUND('',#6526,.T.);
#7041=FACE_BOUND('',#6527,.T.);
#7042=FACE_BOUND('',#6528,.T.);
#7043=FACE_BOUND('',#6529,.T.);
#7044=PLANE('',#7935);
#7045=PLANE('',#7937);
#7046=PLANE('',#7940);
#7047=PLANE('',#7943);
#7048=PLANE('',#7946);
#7049=PLANE('',#7947);
#7050=PLANE('',#7948);
#7051=PLANE('',#7950);
#7052=PLANE('',#7953);
#7053=PLANE('',#7954);
#7054=PLANE('',#7955);
#7055=PLANE('',#7958);
#7056=PLANE('',#7959);
#7057=PLANE('',#7964);
#7058=PLANE('',#7967);
#7059=PLANE('',#7968);
#7060=PLANE('',#7969);
#7061=PLANE('',#7970);
#7062=PLANE('',#7971);
#7063=PLANE('',#7972);
#7064=PLANE('',#7973);
#7065=PLANE('',#7974);
#7066=PLANE('',#7975);
#7067=PLANE('',#7976);
#7068=PLANE('',#7977);
#7069=PLANE('',#7978);
#7070=PLANE('',#7985);
#7071=PLANE('',#7986);
#7072=PLANE('',#7987);
#7073=PLANE('',#7988);
#7074=PLANE('',#7989);
#7075=PLANE('',#7990);
#7076=PLANE('',#7991);
#7077=PLANE('',#7992);
#7078=PLANE('',#7993);
#7079=PLANE('',#7994);
#7080=PLANE('',#7995);
#7081=PLANE('',#7996);
#7082=PLANE('',#7997);
#7083=PLANE('',#7998);
#7084=PLANE('',#7999);
#7085=PLANE('',#8000);
#7086=PLANE('',#8001);
#7087=PLANE('',#8002);
#7088=PLANE('',#8003);
#7089=PLANE('',#8004);
#7090=PLANE('',#8005);
#7091=PLANE('',#8006);
#7092=PLANE('',#8007);
#7093=PLANE('',#8008);
#7094=PLANE('',#8009);
#7095=PLANE('',#8010);
#7096=PLANE('',#8011);
#7097=PLANE('',#8012);
#7098=PLANE('',#8013);
#7099=PLANE('',#8014);
#7100=PLANE('',#8015);
#7101=PLANE('',#8016);
#7102=PLANE('',#8017);
#7103=PLANE('',#8018);
#7104=PLANE('',#8019);
#7105=PLANE('',#8020);
#7106=PLANE('',#8021);
#7107=PLANE('',#8022);
#7108=PLANE('',#8023);
#7109=PLANE('',#8024);
#7110=PLANE('',#8025);
#7111=PLANE('',#8026);
#7112=PLANE('',#8027);
#7113=PLANE('',#8028);
#7114=PLANE('',#8029);
#7115=PLANE('',#8030);
#7116=PLANE('',#8031);
#7117=PLANE('',#8032);
#7118=PLANE('',#8033);
#7119=PLANE('',#8034);
#7120=PLANE('',#8035);
#7121=PLANE('',#8036);
#7122=PLANE('',#8037);
#7123=PLANE('',#8038);
#7124=PLANE('',#8039);
#7125=PLANE('',#8040);
#7126=PLANE('',#8041);
#7127=PLANE('',#8042);
#7128=PLANE('',#8043);
#7129=PLANE('',#8044);
#7130=PLANE('',#8045);
#7131=PLANE('',#8046);
#7132=PLANE('',#8047);
#7133=PLANE('',#8048);
#7134=PLANE('',#8049);
#7135=PLANE('',#8050);
#7136=PLANE('',#8051);
#7137=PLANE('',#8052);
#7138=PLANE('',#8053);
#7139=PLANE('',#8054);
#7140=PLANE('',#8055);
#7141=PLANE('',#8056);
#7142=PLANE('',#8057);
#7143=PLANE('',#8058);
#7144=PLANE('',#8059);
#7145=PLANE('',#8060);
#7146=PLANE('',#8061);
#7147=PLANE('',#8062);
#7148=PLANE('',#8063);
#7149=PLANE('',#8064);
#7150=PLANE('',#8065);
#7151=PLANE('',#8066);
#7152=PLANE('',#8067);
#7153=PLANE('',#8068);
#7154=PLANE('',#8069);
#7155=PLANE('',#8070);
#7156=PLANE('',#8071);
#7157=PLANE('',#8072);
#7158=PLANE('',#8073);
#7159=PLANE('',#8074);
#7160=PLANE('',#8075);
#7161=PLANE('',#8076);
#7162=PLANE('',#8077);
#7163=PLANE('',#8078);
#7164=PLANE('',#8079);
#7165=PLANE('',#8080);
#7166=PLANE('',#8081);
#7167=PLANE('',#8082);
#7168=PLANE('',#8083);
#7169=PLANE('',#8084);
#7170=PLANE('',#8085);
#7171=PLANE('',#8086);
#7172=PLANE('',#8087);
#7173=PLANE('',#8088);
#7174=PLANE('',#8089);
#7175=PLANE('',#8090);
#7176=PLANE('',#8091);
#7177=PLANE('',#8092);
#7178=PLANE('',#8093);
#7179=PLANE('',#8094);
#7180=PLANE('',#8095);
#7181=PLANE('',#8096);
#7182=PLANE('',#8097);
#7183=PLANE('',#8098);
#7184=PLANE('',#8099);
#7185=PLANE('',#8100);
#7186=PLANE('',#8101);
#7187=PLANE('',#8102);
#7188=PLANE('',#8103);
#7189=PLANE('',#8104);
#7190=PLANE('',#8105);
#7191=PLANE('',#8106);
#7192=PLANE('',#8107);
#7193=PLANE('',#8108);
#7194=PLANE('',#8109);
#7195=PLANE('',#8110);
#7196=PLANE('',#8111);
#7197=PLANE('',#8112);
#7198=PLANE('',#8113);
#7199=PLANE('',#8114);
#7200=PLANE('',#8115);
#7201=PLANE('',#8116);
#7202=PLANE('',#8117);
#7203=PLANE('',#8118);
#7204=PLANE('',#8119);
#7205=PLANE('',#8120);
#7206=PLANE('',#8121);
#7207=PLANE('',#8122);
#7208=PLANE('',#8123);
#7209=PLANE('',#8124);
#7210=PLANE('',#8125);
#7211=PLANE('',#8126);
#7212=PLANE('',#8127);
#7213=PLANE('',#8128);
#7214=PLANE('',#8129);
#7215=PLANE('',#8130);
#7216=PLANE('',#8131);
#7217=PLANE('',#8132);
#7218=PLANE('',#8133);
#7219=PLANE('',#8134);
#7220=PLANE('',#8135);
#7221=PLANE('',#8136);
#7222=PLANE('',#8137);
#7223=PLANE('',#8138);
#7224=PLANE('',#8139);
#7225=PLANE('',#8140);
#7226=PLANE('',#8141);
#7227=PLANE('',#8142);
#7228=PLANE('',#8143);
#7229=PLANE('',#8144);
#7230=PLANE('',#8145);
#7231=PLANE('',#8146);
#7232=PLANE('',#8147);
#7233=PLANE('',#8148);
#7234=PLANE('',#8149);
#7235=PLANE('',#8150);
#7236=PLANE('',#8151);
#7237=PLANE('',#8152);
#7238=PLANE('',#8153);
#7239=PLANE('',#8154);
#7240=PLANE('',#8155);
#7241=PLANE('',#8156);
#7242=PLANE('',#8157);
#7243=PLANE('',#8158);
#7244=PLANE('',#8159);
#7245=PLANE('',#8160);
#7246=PLANE('',#8161);
#7247=PLANE('',#8162);
#7248=PLANE('',#8163);
#7249=PLANE('',#8164);
#7250=PLANE('',#8165);
#7251=PLANE('',#8166);
#7252=PLANE('',#8167);
#7253=PLANE('',#8168);
#7254=PLANE('',#8169);
#7255=PLANE('',#8170);
#7256=PLANE('',#8171);
#7257=PLANE('',#8172);
#7258=PLANE('',#8173);
#7259=PLANE('',#8174);
#7260=PLANE('',#8175);
#7261=PLANE('',#8176);
#7262=PLANE('',#8177);
#7263=PLANE('',#8178);
#7264=PLANE('',#8179);
#7265=PLANE('',#8180);
#7266=PLANE('',#8181);
#7267=PLANE('',#8182);
#7268=PLANE('',#8183);
#7269=PLANE('',#8184);
#7270=PLANE('',#8186);
#7271=PLANE('',#8187);
#7272=PLANE('',#8188);
#7273=PLANE('',#8189);
#7274=PLANE('',#8190);
#7275=PLANE('',#8191);
#7276=PLANE('',#8192);
#7277=PLANE('',#8193);
#7278=PLANE('',#8194);
#7279=PLANE('',#8195);
#7280=PLANE('',#8196);
#7281=PLANE('',#8197);
#7282=PLANE('',#8198);
#7283=PLANE('',#8199);
#7284=PLANE('',#8200);
#7285=PLANE('',#8201);
#7286=PLANE('',#8202);
#7287=PLANE('',#8203);
#7288=PLANE('',#8204);
#7289=PLANE('',#8205);
#7290=PLANE('',#8206);
#7291=PLANE('',#8207);
#7292=PLANE('',#8208);
#7293=PLANE('',#8209);
#7294=PLANE('',#8210);
#7295=PLANE('',#8211);
#7296=PLANE('',#8212);
#7297=PLANE('',#8213);
#7298=PLANE('',#8214);
#7299=PLANE('',#8215);
#7300=PLANE('',#8216);
#7301=PLANE('',#8217);
#7302=PLANE('',#8218);
#7303=PLANE('',#8219);
#7304=PLANE('',#8220);
#7305=PLANE('',#8221);
#7306=PLANE('',#8222);
#7307=PLANE('',#8223);
#7308=PLANE('',#8224);
#7309=PLANE('',#8225);
#7310=PLANE('',#8226);
#7311=PLANE('',#8227);
#7312=PLANE('',#8228);
#7313=PLANE('',#8229);
#7314=PLANE('',#8230);
#7315=PLANE('',#8231);
#7316=PLANE('',#8232);
#7317=PLANE('',#8233);
#7318=PLANE('',#8234);
#7319=PLANE('',#8235);
#7320=PLANE('',#8236);
#7321=PLANE('',#8237);
#7322=PLANE('',#8238);
#7323=PLANE('',#8239);
#7324=PLANE('',#8240);
#7325=PLANE('',#8241);
#7326=PLANE('',#8242);
#7327=PLANE('',#8243);
#7328=PLANE('',#8244);
#7329=PLANE('',#8245);
#7330=PLANE('',#8246);
#7331=PLANE('',#8247);
#7332=PLANE('',#8248);
#7333=PLANE('',#8249);
#7334=PLANE('',#8250);
#7335=PLANE('',#8251);
#7336=PLANE('',#8252);
#7337=PLANE('',#8253);
#7338=PLANE('',#8254);
#7339=PLANE('',#8255);
#7340=PLANE('',#8256);
#7341=PLANE('',#8257);
#7342=PLANE('',#8258);
#7343=PLANE('',#8259);
#7344=PLANE('',#8260);
#7345=PLANE('',#8261);
#7346=PLANE('',#8262);
#7347=PLANE('',#8263);
#7348=PLANE('',#8264);
#7349=PLANE('',#8265);
#7350=PLANE('',#8266);
#7351=PLANE('',#8267);
#7352=PLANE('',#8268);
#7353=PLANE('',#8269);
#7354=PLANE('',#8270);
#7355=PLANE('',#8271);
#7356=PLANE('',#8272);
#7357=PLANE('',#8273);
#7358=PLANE('',#8274);
#7359=PLANE('',#8275);
#7360=PLANE('',#8276);
#7361=PLANE('',#8277);
#7362=PLANE('',#8278);
#7363=PLANE('',#8279);
#7364=PLANE('',#8280);
#7365=PLANE('',#8281);
#7366=PLANE('',#8282);
#7367=PLANE('',#8283);
#7368=PLANE('',#8284);
#7369=PLANE('',#8285);
#7370=PLANE('',#8286);
#7371=PLANE('',#8287);
#7372=PLANE('',#8288);
#7373=PLANE('',#8289);
#7374=PLANE('',#8290);
#7375=PLANE('',#8291);
#7376=PLANE('',#8292);
#7377=PLANE('',#8293);
#7378=PLANE('',#8294);
#7379=PLANE('',#8295);
#7380=PLANE('',#8296);
#7381=PLANE('',#8297);
#7382=PLANE('',#8298);
#7383=PLANE('',#8299);
#7384=PLANE('',#8300);
#7385=PLANE('',#8301);
#7386=PLANE('',#8302);
#7387=PLANE('',#8303);
#7388=PLANE('',#8304);
#7389=PLANE('',#8305);
#7390=PLANE('',#8306);
#7391=PLANE('',#8307);
#7392=PLANE('',#8308);
#7393=PLANE('',#8309);
#7394=PLANE('',#8310);
#7395=PLANE('',#8311);
#7396=PLANE('',#8312);
#7397=PLANE('',#8313);
#7398=PLANE('',#8314);
#7399=PLANE('',#8315);
#7400=PLANE('',#8316);
#7401=PLANE('',#8317);
#7402=PLANE('',#8318);
#7403=PLANE('',#8319);
#7404=PLANE('',#8320);
#7405=PLANE('',#8321);
#7406=PLANE('',#8322);
#7407=PLANE('',#8323);
#7408=PLANE('',#8324);
#7409=PLANE('',#8325);
#7410=PLANE('',#8326);
#7411=PLANE('',#8327);
#7412=PLANE('',#8328);
#7413=PLANE('',#8329);
#7414=PLANE('',#8330);
#7415=PLANE('',#8331);
#7416=PLANE('',#8332);
#7417=PLANE('',#8333);
#7418=PLANE('',#8334);
#7419=PLANE('',#8335);
#7420=PLANE('',#8336);
#7421=PLANE('',#8337);
#7422=PLANE('',#8338);
#7423=PLANE('',#8339);
#7424=PLANE('',#8340);
#7425=PLANE('',#8341);
#7426=PLANE('',#8342);
#7427=PLANE('',#8343);
#7428=PLANE('',#8344);
#7429=PLANE('',#8345);
#7430=PLANE('',#8346);
#7431=PLANE('',#8347);
#7432=PLANE('',#8348);
#7433=PLANE('',#8349);
#7434=PLANE('',#8350);
#7435=PLANE('',#8351);
#7436=PLANE('',#8352);
#7437=PLANE('',#8353);
#7438=PLANE('',#8354);
#7439=PLANE('',#8355);
#7440=PLANE('',#8356);
#7441=PLANE('',#8357);
#7442=PLANE('',#8358);
#7443=PLANE('',#8359);
#7444=PLANE('',#8360);
#7445=PLANE('',#8361);
#7446=PLANE('',#8362);
#7447=PLANE('',#8363);
#7448=PLANE('',#8364);
#7449=PLANE('',#8365);
#7450=PLANE('',#8366);
#7451=PLANE('',#8367);
#7452=PLANE('',#8368);
#7453=PLANE('',#8369);
#7454=PLANE('',#8370);
#7455=PLANE('',#8371);
#7456=PLANE('',#8372);
#7457=PLANE('',#8373);
#7458=PLANE('',#8374);
#7459=PLANE('',#8375);
#7460=PLANE('',#8376);
#7461=PLANE('',#8377);
#7462=PLANE('',#8378);
#7463=PLANE('',#8379);
#7464=PLANE('',#8380);
#7465=PLANE('',#8381);
#7466=PLANE('',#8382);
#7467=PLANE('',#8383);
#7468=PLANE('',#8384);
#7469=PLANE('',#8385);
#7470=PLANE('',#8386);
#7471=PLANE('',#8387);
#7472=ADVANCED_FACE('',(#6530),#7044,.F.);
#7473=ADVANCED_FACE('',(#6531),#7045,.F.);
#7474=ADVANCED_FACE('',(#6532),#7046,.F.);
#7475=ADVANCED_FACE('',(#6533),#7047,.F.);
#7476=ADVANCED_FACE('',(#6534),#7048,.F.);
#7477=ADVANCED_FACE('',(#6535),#7049,.F.);
#7478=ADVANCED_FACE('',(#6536),#7050,.F.);
#7479=ADVANCED_FACE('',(#6537),#7051,.F.);
#7480=ADVANCED_FACE('',(#6538),#7052,.F.);
#7481=ADVANCED_FACE('',(#6539),#7053,.F.);
#7482=ADVANCED_FACE('',(#6540,#6541,#6542,#6543,#6544,#6545,#6546,#6547,
#6548,#6549,#6550,#6551,#6552,#6553,#6554,#6555,#6556,#6557,#6558,#6559,
#6560,#6561,#6562,#6563,#6564,#6565,#6566,#6567,#6568,#6569,#6570,#6571,
#6572,#6573,#6574,#6575,#6576,#6577,#6578,#6579,#6580),#7054,.T.);
#7483=ADVANCED_FACE('',(#6581),#32,.T.);
#7484=ADVANCED_FACE('',(#6582),#7055,.T.);
#7485=ADVANCED_FACE('',(#6583),#7056,.T.);
#7486=ADVANCED_FACE('',(#6584),#33,.T.);
#7487=ADVANCED_FACE('',(#6585),#34,.T.);
#7488=ADVANCED_FACE('',(#6586),#7057,.T.);
#7489=ADVANCED_FACE('',(#6587),#35,.T.);
#7490=ADVANCED_FACE('',(#6588),#7058,.T.);
#7491=ADVANCED_FACE('',(#6589),#7059,.T.);
#7492=ADVANCED_FACE('',(#6590),#7060,.T.);
#7493=ADVANCED_FACE('',(#6591),#7061,.F.);
#7494=ADVANCED_FACE('',(#6592),#7062,.F.);
#7495=ADVANCED_FACE('',(#6593),#7063,.T.);
#7496=ADVANCED_FACE('',(#6594),#7064,.F.);
#7497=ADVANCED_FACE('',(#6595),#7065,.T.);
#7498=ADVANCED_FACE('',(#6596),#7066,.T.);
#7499=ADVANCED_FACE('',(#6597),#7067,.T.);
#7500=ADVANCED_FACE('',(#6598),#7068,.T.);
#7501=ADVANCED_FACE('',(#6599),#7069,.T.);
#7502=ADVANCED_FACE('',(#6600,#6601),#36,.T.);
#7503=ADVANCED_FACE('',(#6602),#30,.T.);
#7504=ADVANCED_FACE('',(#6603,#6604),#37,.T.);
#7505=ADVANCED_FACE('',(#6605),#31,.T.);
#7506=ADVANCED_FACE('',(#6606),#7070,.F.);
#7507=ADVANCED_FACE('',(#6607),#7071,.F.);
#7508=ADVANCED_FACE('',(#6608),#7072,.F.);
#7509=ADVANCED_FACE('',(#6609),#7073,.F.);
#7510=ADVANCED_FACE('',(#6610),#7074,.T.);
#7511=ADVANCED_FACE('',(#6611),#7075,.F.);
#7512=ADVANCED_FACE('',(#6612),#7076,.F.);
#7513=ADVANCED_FACE('',(#6613),#7077,.F.);
#7514=ADVANCED_FACE('',(#6614),#7078,.F.);
#7515=ADVANCED_FACE('',(#6615),#7079,.T.);
#7516=ADVANCED_FACE('',(#6616),#7080,.F.);
#7517=ADVANCED_FACE('',(#6617),#7081,.F.);
#7518=ADVANCED_FACE('',(#6618),#7082,.F.);
#7519=ADVANCED_FACE('',(#6619),#7083,.F.);
#7520=ADVANCED_FACE('',(#6620),#7084,.T.);
#7521=ADVANCED_FACE('',(#6621),#7085,.F.);
#7522=ADVANCED_FACE('',(#6622),#7086,.F.);
#7523=ADVANCED_FACE('',(#6623),#7087,.F.);
#7524=ADVANCED_FACE('',(#6624),#7088,.F.);
#7525=ADVANCED_FACE('',(#6625),#7089,.T.);
#7526=ADVANCED_FACE('',(#6626),#7090,.F.);
#7527=ADVANCED_FACE('',(#6627),#7091,.F.);
#7528=ADVANCED_FACE('',(#6628),#7092,.F.);
#7529=ADVANCED_FACE('',(#6629),#7093,.F.);
#7530=ADVANCED_FACE('',(#6630),#7094,.T.);
#7531=ADVANCED_FACE('',(#6631),#7095,.F.);
#7532=ADVANCED_FACE('',(#6632),#7096,.F.);
#7533=ADVANCED_FACE('',(#6633),#7097,.F.);
#7534=ADVANCED_FACE('',(#6634),#7098,.F.);
#7535=ADVANCED_FACE('',(#6635),#7099,.T.);
#7536=ADVANCED_FACE('',(#6636),#7100,.F.);
#7537=ADVANCED_FACE('',(#6637),#7101,.F.);
#7538=ADVANCED_FACE('',(#6638),#7102,.F.);
#7539=ADVANCED_FACE('',(#6639),#7103,.F.);
#7540=ADVANCED_FACE('',(#6640),#7104,.T.);
#7541=ADVANCED_FACE('',(#6641),#7105,.F.);
#7542=ADVANCED_FACE('',(#6642),#7106,.F.);
#7543=ADVANCED_FACE('',(#6643),#7107,.F.);
#7544=ADVANCED_FACE('',(#6644),#7108,.F.);
#7545=ADVANCED_FACE('',(#6645),#7109,.T.);
#7546=ADVANCED_FACE('',(#6646),#7110,.F.);
#7547=ADVANCED_FACE('',(#6647),#7111,.F.);
#7548=ADVANCED_FACE('',(#6648),#7112,.F.);
#7549=ADVANCED_FACE('',(#6649),#7113,.F.);
#7550=ADVANCED_FACE('',(#6650),#7114,.T.);
#7551=ADVANCED_FACE('',(#6651),#7115,.F.);
#7552=ADVANCED_FACE('',(#6652),#7116,.F.);
#7553=ADVANCED_FACE('',(#6653),#7117,.F.);
#7554=ADVANCED_FACE('',(#6654),#7118,.F.);
#7555=ADVANCED_FACE('',(#6655),#7119,.T.);
#7556=ADVANCED_FACE('',(#6656),#7120,.F.);
#7557=ADVANCED_FACE('',(#6657),#7121,.F.);
#7558=ADVANCED_FACE('',(#6658),#7122,.F.);
#7559=ADVANCED_FACE('',(#6659),#7123,.F.);
#7560=ADVANCED_FACE('',(#6660),#7124,.T.);
#7561=ADVANCED_FACE('',(#6661),#7125,.F.);
#7562=ADVANCED_FACE('',(#6662),#7126,.F.);
#7563=ADVANCED_FACE('',(#6663),#7127,.F.);
#7564=ADVANCED_FACE('',(#6664),#7128,.F.);
#7565=ADVANCED_FACE('',(#6665),#7129,.T.);
#7566=ADVANCED_FACE('',(#6666),#7130,.F.);
#7567=ADVANCED_FACE('',(#6667),#7131,.F.);
#7568=ADVANCED_FACE('',(#6668),#7132,.F.);
#7569=ADVANCED_FACE('',(#6669),#7133,.F.);
#7570=ADVANCED_FACE('',(#6670),#7134,.T.);
#7571=ADVANCED_FACE('',(#6671),#7135,.F.);
#7572=ADVANCED_FACE('',(#6672),#7136,.F.);
#7573=ADVANCED_FACE('',(#6673),#7137,.F.);
#7574=ADVANCED_FACE('',(#6674),#7138,.F.);
#7575=ADVANCED_FACE('',(#6675),#7139,.T.);
#7576=ADVANCED_FACE('',(#6676),#7140,.F.);
#7577=ADVANCED_FACE('',(#6677),#7141,.F.);
#7578=ADVANCED_FACE('',(#6678),#7142,.F.);
#7579=ADVANCED_FACE('',(#6679),#7143,.F.);
#7580=ADVANCED_FACE('',(#6680),#7144,.T.);
#7581=ADVANCED_FACE('',(#6681),#7145,.F.);
#7582=ADVANCED_FACE('',(#6682),#7146,.F.);
#7583=ADVANCED_FACE('',(#6683),#7147,.F.);
#7584=ADVANCED_FACE('',(#6684),#7148,.F.);
#7585=ADVANCED_FACE('',(#6685),#7149,.T.);
#7586=ADVANCED_FACE('',(#6686),#7150,.F.);
#7587=ADVANCED_FACE('',(#6687),#7151,.F.);
#7588=ADVANCED_FACE('',(#6688),#7152,.F.);
#7589=ADVANCED_FACE('',(#6689),#7153,.F.);
#7590=ADVANCED_FACE('',(#6690),#7154,.T.);
#7591=ADVANCED_FACE('',(#6691),#7155,.F.);
#7592=ADVANCED_FACE('',(#6692),#7156,.F.);
#7593=ADVANCED_FACE('',(#6693),#7157,.F.);
#7594=ADVANCED_FACE('',(#6694),#7158,.F.);
#7595=ADVANCED_FACE('',(#6695),#7159,.T.);
#7596=ADVANCED_FACE('',(#6696),#7160,.F.);
#7597=ADVANCED_FACE('',(#6697),#7161,.F.);
#7598=ADVANCED_FACE('',(#6698),#7162,.F.);
#7599=ADVANCED_FACE('',(#6699),#7163,.F.);
#7600=ADVANCED_FACE('',(#6700),#7164,.T.);
#7601=ADVANCED_FACE('',(#6701),#7165,.F.);
#7602=ADVANCED_FACE('',(#6702),#7166,.F.);
#7603=ADVANCED_FACE('',(#6703),#7167,.F.);
#7604=ADVANCED_FACE('',(#6704),#7168,.F.);
#7605=ADVANCED_FACE('',(#6705),#7169,.T.);
#7606=ADVANCED_FACE('',(#6706),#7170,.F.);
#7607=ADVANCED_FACE('',(#6707),#7171,.F.);
#7608=ADVANCED_FACE('',(#6708),#7172,.F.);
#7609=ADVANCED_FACE('',(#6709),#7173,.F.);
#7610=ADVANCED_FACE('',(#6710),#7174,.T.);
#7611=ADVANCED_FACE('',(#6711),#7175,.F.);
#7612=ADVANCED_FACE('',(#6712),#7176,.F.);
#7613=ADVANCED_FACE('',(#6713),#7177,.F.);
#7614=ADVANCED_FACE('',(#6714),#7178,.F.);
#7615=ADVANCED_FACE('',(#6715),#7179,.T.);
#7616=ADVANCED_FACE('',(#6716),#7180,.F.);
#7617=ADVANCED_FACE('',(#6717),#7181,.F.);
#7618=ADVANCED_FACE('',(#6718),#7182,.F.);
#7619=ADVANCED_FACE('',(#6719),#7183,.F.);
#7620=ADVANCED_FACE('',(#6720),#7184,.T.);
#7621=ADVANCED_FACE('',(#6721),#7185,.F.);
#7622=ADVANCED_FACE('',(#6722),#7186,.F.);
#7623=ADVANCED_FACE('',(#6723),#7187,.F.);
#7624=ADVANCED_FACE('',(#6724),#7188,.F.);
#7625=ADVANCED_FACE('',(#6725),#7189,.T.);
#7626=ADVANCED_FACE('',(#6726),#7190,.F.);
#7627=ADVANCED_FACE('',(#6727),#7191,.F.);
#7628=ADVANCED_FACE('',(#6728),#7192,.F.);
#7629=ADVANCED_FACE('',(#6729),#7193,.F.);
#7630=ADVANCED_FACE('',(#6730),#7194,.T.);
#7631=ADVANCED_FACE('',(#6731),#7195,.F.);
#7632=ADVANCED_FACE('',(#6732),#7196,.F.);
#7633=ADVANCED_FACE('',(#6733),#7197,.F.);
#7634=ADVANCED_FACE('',(#6734),#7198,.F.);
#7635=ADVANCED_FACE('',(#6735),#7199,.T.);
#7636=ADVANCED_FACE('',(#6736),#7200,.F.);
#7637=ADVANCED_FACE('',(#6737),#7201,.F.);
#7638=ADVANCED_FACE('',(#6738),#7202,.F.);
#7639=ADVANCED_FACE('',(#6739),#7203,.F.);
#7640=ADVANCED_FACE('',(#6740),#7204,.T.);
#7641=ADVANCED_FACE('',(#6741),#7205,.F.);
#7642=ADVANCED_FACE('',(#6742),#7206,.F.);
#7643=ADVANCED_FACE('',(#6743),#7207,.F.);
#7644=ADVANCED_FACE('',(#6744),#7208,.F.);
#7645=ADVANCED_FACE('',(#6745),#7209,.T.);
#7646=ADVANCED_FACE('',(#6746),#7210,.F.);
#7647=ADVANCED_FACE('',(#6747),#7211,.F.);
#7648=ADVANCED_FACE('',(#6748),#7212,.F.);
#7649=ADVANCED_FACE('',(#6749),#7213,.F.);
#7650=ADVANCED_FACE('',(#6750),#7214,.T.);
#7651=ADVANCED_FACE('',(#6751),#7215,.F.);
#7652=ADVANCED_FACE('',(#6752),#7216,.F.);
#7653=ADVANCED_FACE('',(#6753),#7217,.F.);
#7654=ADVANCED_FACE('',(#6754),#7218,.F.);
#7655=ADVANCED_FACE('',(#6755),#7219,.T.);
#7656=ADVANCED_FACE('',(#6756),#7220,.F.);
#7657=ADVANCED_FACE('',(#6757),#7221,.F.);
#7658=ADVANCED_FACE('',(#6758),#7222,.F.);
#7659=ADVANCED_FACE('',(#6759),#7223,.F.);
#7660=ADVANCED_FACE('',(#6760),#7224,.T.);
#7661=ADVANCED_FACE('',(#6761),#7225,.F.);
#7662=ADVANCED_FACE('',(#6762),#7226,.F.);
#7663=ADVANCED_FACE('',(#6763),#7227,.F.);
#7664=ADVANCED_FACE('',(#6764),#7228,.F.);
#7665=ADVANCED_FACE('',(#6765),#7229,.T.);
#7666=ADVANCED_FACE('',(#6766),#7230,.F.);
#7667=ADVANCED_FACE('',(#6767),#7231,.F.);
#7668=ADVANCED_FACE('',(#6768),#7232,.F.);
#7669=ADVANCED_FACE('',(#6769),#7233,.F.);
#7670=ADVANCED_FACE('',(#6770),#7234,.T.);
#7671=ADVANCED_FACE('',(#6771),#7235,.F.);
#7672=ADVANCED_FACE('',(#6772),#7236,.F.);
#7673=ADVANCED_FACE('',(#6773),#7237,.F.);
#7674=ADVANCED_FACE('',(#6774),#7238,.F.);
#7675=ADVANCED_FACE('',(#6775),#7239,.T.);
#7676=ADVANCED_FACE('',(#6776),#7240,.F.);
#7677=ADVANCED_FACE('',(#6777),#7241,.F.);
#7678=ADVANCED_FACE('',(#6778),#7242,.F.);
#7679=ADVANCED_FACE('',(#6779),#7243,.F.);
#7680=ADVANCED_FACE('',(#6780),#7244,.T.);
#7681=ADVANCED_FACE('',(#6781),#7245,.F.);
#7682=ADVANCED_FACE('',(#6782),#7246,.F.);
#7683=ADVANCED_FACE('',(#6783),#7247,.F.);
#7684=ADVANCED_FACE('',(#6784),#7248,.F.);
#7685=ADVANCED_FACE('',(#6785),#7249,.T.);
#7686=ADVANCED_FACE('',(#6786),#7250,.F.);
#7687=ADVANCED_FACE('',(#6787),#7251,.F.);
#7688=ADVANCED_FACE('',(#6788),#7252,.F.);
#7689=ADVANCED_FACE('',(#6789),#7253,.F.);
#7690=ADVANCED_FACE('',(#6790),#7254,.T.);
#7691=ADVANCED_FACE('',(#6791),#7255,.F.);
#7692=ADVANCED_FACE('',(#6792),#7256,.F.);
#7693=ADVANCED_FACE('',(#6793),#7257,.F.);
#7694=ADVANCED_FACE('',(#6794),#7258,.F.);
#7695=ADVANCED_FACE('',(#6795),#7259,.T.);
#7696=ADVANCED_FACE('',(#6796),#7260,.F.);
#7697=ADVANCED_FACE('',(#6797),#7261,.F.);
#7698=ADVANCED_FACE('',(#6798),#7262,.F.);
#7699=ADVANCED_FACE('',(#6799),#7263,.F.);
#7700=ADVANCED_FACE('',(#6800),#7264,.T.);
#7701=ADVANCED_FACE('',(#6801),#7265,.F.);
#7702=ADVANCED_FACE('',(#6802),#7266,.F.);
#7703=ADVANCED_FACE('',(#6803),#7267,.F.);
#7704=ADVANCED_FACE('',(#6804),#7268,.F.);
#7705=ADVANCED_FACE('',(#6805),#7269,.T.);
#7706=ADVANCED_FACE('',(#6806),#7270,.F.);
#7707=ADVANCED_FACE('',(#6807),#7271,.F.);
#7708=ADVANCED_FACE('',(#6808),#7272,.F.);
#7709=ADVANCED_FACE('',(#6809),#7273,.F.);
#7710=ADVANCED_FACE('',(#6810),#7274,.T.);
#7711=ADVANCED_FACE('',(#6811),#7275,.T.);
#7712=ADVANCED_FACE('',(#6812),#7276,.T.);
#7713=ADVANCED_FACE('',(#6813),#7277,.T.);
#7714=ADVANCED_FACE('',(#6814),#7278,.T.);
#7715=ADVANCED_FACE('',(#6815),#7279,.T.);
#7716=ADVANCED_FACE('',(#6816),#7280,.T.);
#7717=ADVANCED_FACE('',(#6817),#7281,.T.);
#7718=ADVANCED_FACE('',(#6818),#7282,.T.);
#7719=ADVANCED_FACE('',(#6819),#7283,.T.);
#7720=ADVANCED_FACE('',(#6820),#7284,.T.);
#7721=ADVANCED_FACE('',(#6821),#7285,.T.);
#7722=ADVANCED_FACE('',(#6822),#7286,.T.);
#7723=ADVANCED_FACE('',(#6823),#7287,.T.);
#7724=ADVANCED_FACE('',(#6824),#7288,.T.);
#7725=ADVANCED_FACE('',(#6825),#7289,.T.);
#7726=ADVANCED_FACE('',(#6826),#7290,.T.);
#7727=ADVANCED_FACE('',(#6827),#7291,.T.);
#7728=ADVANCED_FACE('',(#6828),#7292,.T.);
#7729=ADVANCED_FACE('',(#6829),#7293,.T.);
#7730=ADVANCED_FACE('',(#6830),#7294,.T.);
#7731=ADVANCED_FACE('',(#6831),#7295,.T.);
#7732=ADVANCED_FACE('',(#6832),#7296,.T.);
#7733=ADVANCED_FACE('',(#6833),#7297,.T.);
#7734=ADVANCED_FACE('',(#6834),#7298,.T.);
#7735=ADVANCED_FACE('',(#6835),#7299,.T.);
#7736=ADVANCED_FACE('',(#6836),#7300,.T.);
#7737=ADVANCED_FACE('',(#6837),#7301,.T.);
#7738=ADVANCED_FACE('',(#6838),#7302,.T.);
#7739=ADVANCED_FACE('',(#6839),#7303,.T.);
#7740=ADVANCED_FACE('',(#6840),#7304,.T.);
#7741=ADVANCED_FACE('',(#6841),#7305,.T.);
#7742=ADVANCED_FACE('',(#6842),#7306,.T.);
#7743=ADVANCED_FACE('',(#6843),#7307,.T.);
#7744=ADVANCED_FACE('',(#6844),#7308,.T.);
#7745=ADVANCED_FACE('',(#6845),#7309,.T.);
#7746=ADVANCED_FACE('',(#6846),#7310,.T.);
#7747=ADVANCED_FACE('',(#6847),#7311,.T.);
#7748=ADVANCED_FACE('',(#6848),#7312,.T.);
#7749=ADVANCED_FACE('',(#6849),#7313,.T.);
#7750=ADVANCED_FACE('',(#6850),#7314,.T.);
#7751=ADVANCED_FACE('',(#6851),#7315,.T.);
#7752=ADVANCED_FACE('',(#6852),#7316,.T.);
#7753=ADVANCED_FACE('',(#6853),#7317,.T.);
#7754=ADVANCED_FACE('',(#6854),#7318,.T.);
#7755=ADVANCED_FACE('',(#6855),#7319,.T.);
#7756=ADVANCED_FACE('',(#6856),#7320,.T.);
#7757=ADVANCED_FACE('',(#6857),#7321,.T.);
#7758=ADVANCED_FACE('',(#6858),#7322,.T.);
#7759=ADVANCED_FACE('',(#6859),#7323,.T.);
#7760=ADVANCED_FACE('',(#6860),#7324,.T.);
#7761=ADVANCED_FACE('',(#6861),#7325,.T.);
#7762=ADVANCED_FACE('',(#6862),#7326,.T.);
#7763=ADVANCED_FACE('',(#6863),#7327,.T.);
#7764=ADVANCED_FACE('',(#6864),#7328,.T.);
#7765=ADVANCED_FACE('',(#6865),#7329,.T.);
#7766=ADVANCED_FACE('',(#6866),#7330,.T.);
#7767=ADVANCED_FACE('',(#6867),#7331,.T.);
#7768=ADVANCED_FACE('',(#6868),#7332,.T.);
#7769=ADVANCED_FACE('',(#6869),#7333,.T.);
#7770=ADVANCED_FACE('',(#6870),#7334,.T.);
#7771=ADVANCED_FACE('',(#6871),#7335,.T.);
#7772=ADVANCED_FACE('',(#6872),#7336,.T.);
#7773=ADVANCED_FACE('',(#6873),#7337,.T.);
#7774=ADVANCED_FACE('',(#6874),#7338,.T.);
#7775=ADVANCED_FACE('',(#6875),#7339,.T.);
#7776=ADVANCED_FACE('',(#6876),#7340,.T.);
#7777=ADVANCED_FACE('',(#6877),#7341,.T.);
#7778=ADVANCED_FACE('',(#6878),#7342,.T.);
#7779=ADVANCED_FACE('',(#6879),#7343,.T.);
#7780=ADVANCED_FACE('',(#6880),#7344,.T.);
#7781=ADVANCED_FACE('',(#6881),#7345,.T.);
#7782=ADVANCED_FACE('',(#6882),#7346,.T.);
#7783=ADVANCED_FACE('',(#6883),#7347,.T.);
#7784=ADVANCED_FACE('',(#6884),#7348,.T.);
#7785=ADVANCED_FACE('',(#6885),#7349,.T.);
#7786=ADVANCED_FACE('',(#6886),#7350,.T.);
#7787=ADVANCED_FACE('',(#6887),#7351,.T.);
#7788=ADVANCED_FACE('',(#6888),#7352,.T.);
#7789=ADVANCED_FACE('',(#6889),#7353,.T.);
#7790=ADVANCED_FACE('',(#6890),#7354,.T.);
#7791=ADVANCED_FACE('',(#6891),#7355,.T.);
#7792=ADVANCED_FACE('',(#6892),#7356,.T.);
#7793=ADVANCED_FACE('',(#6893),#7357,.T.);
#7794=ADVANCED_FACE('',(#6894),#7358,.T.);
#7795=ADVANCED_FACE('',(#6895),#7359,.T.);
#7796=ADVANCED_FACE('',(#6896),#7360,.T.);
#7797=ADVANCED_FACE('',(#6897),#7361,.T.);
#7798=ADVANCED_FACE('',(#6898),#7362,.T.);
#7799=ADVANCED_FACE('',(#6899),#7363,.T.);
#7800=ADVANCED_FACE('',(#6900),#7364,.T.);
#7801=ADVANCED_FACE('',(#6901),#7365,.T.);
#7802=ADVANCED_FACE('',(#6902),#7366,.T.);
#7803=ADVANCED_FACE('',(#6903),#7367,.T.);
#7804=ADVANCED_FACE('',(#6904),#7368,.T.);
#7805=ADVANCED_FACE('',(#6905),#7369,.T.);
#7806=ADVANCED_FACE('',(#6906),#7370,.T.);
#7807=ADVANCED_FACE('',(#6907),#7371,.T.);
#7808=ADVANCED_FACE('',(#6908),#7372,.T.);
#7809=ADVANCED_FACE('',(#6909),#7373,.T.);
#7810=ADVANCED_FACE('',(#6910),#7374,.T.);
#7811=ADVANCED_FACE('',(#6911),#7375,.T.);
#7812=ADVANCED_FACE('',(#6912),#7376,.T.);
#7813=ADVANCED_FACE('',(#6913),#7377,.T.);
#7814=ADVANCED_FACE('',(#6914),#7378,.T.);
#7815=ADVANCED_FACE('',(#6915),#7379,.T.);
#7816=ADVANCED_FACE('',(#6916),#7380,.T.);
#7817=ADVANCED_FACE('',(#6917),#7381,.T.);
#7818=ADVANCED_FACE('',(#6918),#7382,.T.);
#7819=ADVANCED_FACE('',(#6919),#7383,.T.);
#7820=ADVANCED_FACE('',(#6920),#7384,.T.);
#7821=ADVANCED_FACE('',(#6921),#7385,.T.);
#7822=ADVANCED_FACE('',(#6922),#7386,.T.);
#7823=ADVANCED_FACE('',(#6923),#7387,.T.);
#7824=ADVANCED_FACE('',(#6924),#7388,.T.);
#7825=ADVANCED_FACE('',(#6925),#7389,.T.);
#7826=ADVANCED_FACE('',(#6926),#7390,.T.);
#7827=ADVANCED_FACE('',(#6927),#7391,.T.);
#7828=ADVANCED_FACE('',(#6928),#7392,.T.);
#7829=ADVANCED_FACE('',(#6929),#7393,.T.);
#7830=ADVANCED_FACE('',(#6930),#7394,.T.);
#7831=ADVANCED_FACE('',(#6931),#7395,.T.);
#7832=ADVANCED_FACE('',(#6932),#7396,.T.);
#7833=ADVANCED_FACE('',(#6933),#7397,.T.);
#7834=ADVANCED_FACE('',(#6934),#7398,.T.);
#7835=ADVANCED_FACE('',(#6935),#7399,.T.);
#7836=ADVANCED_FACE('',(#6936),#7400,.T.);
#7837=ADVANCED_FACE('',(#6937),#7401,.T.);
#7838=ADVANCED_FACE('',(#6938),#7402,.T.);
#7839=ADVANCED_FACE('',(#6939),#7403,.T.);
#7840=ADVANCED_FACE('',(#6940),#7404,.T.);
#7841=ADVANCED_FACE('',(#6941),#7405,.T.);
#7842=ADVANCED_FACE('',(#6942),#7406,.T.);
#7843=ADVANCED_FACE('',(#6943),#7407,.T.);
#7844=ADVANCED_FACE('',(#6944),#7408,.T.);
#7845=ADVANCED_FACE('',(#6945),#7409,.T.);
#7846=ADVANCED_FACE('',(#6946),#7410,.T.);
#7847=ADVANCED_FACE('',(#6947),#7411,.T.);
#7848=ADVANCED_FACE('',(#6948),#7412,.T.);
#7849=ADVANCED_FACE('',(#6949),#7413,.T.);
#7850=ADVANCED_FACE('',(#6950),#7414,.T.);
#7851=ADVANCED_FACE('',(#6951),#7415,.T.);
#7852=ADVANCED_FACE('',(#6952),#7416,.T.);
#7853=ADVANCED_FACE('',(#6953),#7417,.T.);
#7854=ADVANCED_FACE('',(#6954),#7418,.T.);
#7855=ADVANCED_FACE('',(#6955),#7419,.T.);
#7856=ADVANCED_FACE('',(#6956),#7420,.T.);
#7857=ADVANCED_FACE('',(#6957),#7421,.T.);
#7858=ADVANCED_FACE('',(#6958),#7422,.T.);
#7859=ADVANCED_FACE('',(#6959),#7423,.T.);
#7860=ADVANCED_FACE('',(#6960),#7424,.T.);
#7861=ADVANCED_FACE('',(#6961),#7425,.T.);
#7862=ADVANCED_FACE('',(#6962),#7426,.T.);
#7863=ADVANCED_FACE('',(#6963),#7427,.T.);
#7864=ADVANCED_FACE('',(#6964),#7428,.T.);
#7865=ADVANCED_FACE('',(#6965),#7429,.T.);
#7866=ADVANCED_FACE('',(#6966),#7430,.T.);
#7867=ADVANCED_FACE('',(#6967),#7431,.T.);
#7868=ADVANCED_FACE('',(#6968),#7432,.T.);
#7869=ADVANCED_FACE('',(#6969),#7433,.T.);
#7870=ADVANCED_FACE('',(#6970),#7434,.T.);
#7871=ADVANCED_FACE('',(#6971,#6972,#6973,#6974,#6975,#6976,#6977,#6978,
#6979,#6980,#6981,#6982,#6983,#6984,#6985,#6986,#6987,#6988,#6989,#6990,
#6991,#6992,#6993,#6994,#6995,#6996,#6997,#6998,#6999,#7000,#7001,#7002,
#7003,#7004,#7005,#7006,#7007),#7435,.F.);
#7872=ADVANCED_FACE('',(#7008),#7436,.F.);
#7873=ADVANCED_FACE('',(#7009),#7437,.F.);
#7874=ADVANCED_FACE('',(#7010),#7438,.F.);
#7875=ADVANCED_FACE('',(#7011),#7439,.F.);
#7876=ADVANCED_FACE('',(#7012),#7440,.F.);
#7877=ADVANCED_FACE('',(#7013),#7441,.F.);
#7878=ADVANCED_FACE('',(#7014),#7442,.F.);
#7879=ADVANCED_FACE('',(#7015),#7443,.F.);
#7880=ADVANCED_FACE('',(#7016),#7444,.F.);
#7881=ADVANCED_FACE('',(#7017),#7445,.F.);
#7882=ADVANCED_FACE('',(#7018),#7446,.F.);
#7883=ADVANCED_FACE('',(#7019),#7447,.F.);
#7884=ADVANCED_FACE('',(#7020),#7448,.F.);
#7885=ADVANCED_FACE('',(#7021),#7449,.F.);
#7886=ADVANCED_FACE('',(#7022),#7450,.F.);
#7887=ADVANCED_FACE('',(#7023),#7451,.F.);
#7888=ADVANCED_FACE('',(#7024),#7452,.F.);
#7889=ADVANCED_FACE('',(#7025),#7453,.F.);
#7890=ADVANCED_FACE('',(#7026),#7454,.F.);
#7891=ADVANCED_FACE('',(#7027),#7455,.F.);
#7892=ADVANCED_FACE('',(#7028),#7456,.F.);
#7893=ADVANCED_FACE('',(#7029),#7457,.F.);
#7894=ADVANCED_FACE('',(#7030),#7458,.F.);
#7895=ADVANCED_FACE('',(#7031),#7459,.F.);
#7896=ADVANCED_FACE('',(#7032),#7460,.F.);
#7897=ADVANCED_FACE('',(#7033),#7461,.F.);
#7898=ADVANCED_FACE('',(#7034),#7462,.F.);
#7899=ADVANCED_FACE('',(#7035),#7463,.F.);
#7900=ADVANCED_FACE('',(#7036),#7464,.F.);
#7901=ADVANCED_FACE('',(#7037),#7465,.F.);
#7902=ADVANCED_FACE('',(#7038),#7466,.F.);
#7903=ADVANCED_FACE('',(#7039),#7467,.F.);
#7904=ADVANCED_FACE('',(#7040),#7468,.F.);
#7905=ADVANCED_FACE('',(#7041),#7469,.F.);
#7906=ADVANCED_FACE('',(#7042),#7470,.F.);
#7907=ADVANCED_FACE('',(#7043),#7471,.F.);
#7908=CLOSED_SHELL('',(#7472,#7473,#7474,#7475,#7476,#7477,#7478,#7479,
#7480,#7481,#7482,#7483,#7484,#7485,#7486,#7487,#7488,#7489,#7490,#7491,
#7492,#7493,#7494,#7495,#7496,#7497,#7498,#7499,#7500,#7501,#7502,#7503,
#7504,#7505,#7506,#7507,#7508,#7509,#7510,#7511,#7512,#7513,#7514,#7515,
#7516,#7517,#7518,#7519,#7520,#7521,#7522,#7523,#7524,#7525,#7526,#7527,
#7528,#7529,#7530,#7531,#7532,#7533,#7534,#7535,#7536,#7537,#7538,#7539,
#7540,#7541,#7542,#7543,#7544,#7545,#7546,#7547,#7548,#7549,#7550,#7551,
#7552,#7553,#7554,#7555,#7556,#7557,#7558,#7559,#7560,#7561,#7562,#7563,
#7564,#7565,#7566,#7567,#7568,#7569,#7570,#7571,#7572,#7573,#7574,#7575,
#7576,#7577,#7578,#7579,#7580,#7581,#7582,#7583,#7584,#7585,#7586,#7587,
#7588,#7589,#7590,#7591,#7592,#7593,#7594,#7595,#7596,#7597,#7598,#7599,
#7600,#7601,#7602,#7603,#7604,#7605,#7606,#7607,#7608,#7609,#7610,#7611,
#7612,#7613,#7614,#7615,#7616,#7617,#7618,#7619,#7620,#7621,#7622,#7623,
#7624,#7625,#7626,#7627,#7628,#7629,#7630,#7631,#7632,#7633,#7634,#7635,
#7636,#7637,#7638,#7639,#7640,#7641,#7642,#7643,#7644,#7645,#7646,#7647,
#7648,#7649,#7650,#7651,#7652,#7653,#7654,#7655,#7656,#7657,#7658,#7659,
#7660,#7661,#7662,#7663,#7664,#7665,#7666,#7667,#7668,#7669,#7670,#7671,
#7672,#7673,#7674,#7675,#7676,#7677,#7678,#7679,#7680,#7681,#7682,#7683,
#7684,#7685,#7686,#7687,#7688,#7689,#7690,#7691,#7692,#7693,#7694,#7695,
#7696,#7697,#7698,#7699,#7700,#7701,#7702,#7703,#7704,#7705));
#7909=CLOSED_SHELL('',(#7706,#7707,#7708,#7709,#7710,#7711,#7712,#7713,
#7714,#7715,#7716,#7717,#7718,#7719,#7720,#7721,#7722,#7723,#7724,#7725,
#7726,#7727,#7728,#7729,#7730,#7731,#7732,#7733,#7734,#7735,#7736,#7737,
#7738,#7739,#7740,#7741,#7742,#7743,#7744,#7745,#7746,#7747,#7748,#7749,
#7750,#7751,#7752,#7753,#7754,#7755,#7756,#7757,#7758,#7759,#7760,#7761,
#7762,#7763,#7764,#7765,#7766,#7767,#7768,#7769,#7770,#7771,#7772,#7773,
#7774,#7775,#7776,#7777,#7778,#7779,#7780,#7781,#7782,#7783,#7784,#7785,
#7786,#7787,#7788,#7789,#7790,#7791,#7792,#7793,#7794,#7795,#7796,#7797,
#7798,#7799,#7800,#7801,#7802,#7803,#7804,#7805,#7806,#7807,#7808,#7809,
#7810,#7811,#7812,#7813,#7814,#7815,#7816,#7817,#7818,#7819,#7820,#7821,
#7822,#7823,#7824,#7825,#7826,#7827,#7828,#7829,#7830,#7831,#7832,#7833,
#7834,#7835,#7836,#7837,#7838,#7839,#7840,#7841,#7842,#7843,#7844,#7845,
#7846,#7847,#7848,#7849,#7850,#7851,#7852,#7853,#7854,#7855,#7856,#7857,
#7858,#7859,#7860,#7861,#7862,#7863,#7864,#7865,#7866,#7867,#7868,#7869,
#7870,#7871,#7872,#7873,#7874,#7875,#7876,#7877,#7878,#7879,#7880,#7881,
#7882,#7883,#7884,#7885,#7886,#7887,#7888,#7889,#7890,#7891,#7892,#7893,
#7894,#7895,#7896,#7897,#7898,#7899,#7900,#7901,#7902,#7903,#7904,#7905,
#7906,#7907));
#7910=STYLED_ITEM('',(#7912),#7926);
#7911=STYLED_ITEM('',(#7913),#7927);
#7912=PRESENTATION_STYLE_ASSIGNMENT((#7914));
#7913=PRESENTATION_STYLE_ASSIGNMENT((#7915));
#7914=SURFACE_STYLE_USAGE(.BOTH.,#7916);
#7915=SURFACE_STYLE_USAGE(.BOTH.,#7917);
#7916=SURFACE_SIDE_STYLE('',(#7918));
#7917=SURFACE_SIDE_STYLE('',(#7919));
#7918=SURFACE_STYLE_FILL_AREA(#7920);
#7919=SURFACE_STYLE_FILL_AREA(#7921);
#7920=FILL_AREA_STYLE('',(#7922));
#7921=FILL_AREA_STYLE('',(#7923));
#7922=FILL_AREA_STYLE_COLOUR('',#7924);
#7923=FILL_AREA_STYLE_COLOUR('',#7925);
#7924=COLOUR_RGB('',0.0549019612371922,0.0549019612371922,0.0549019612371922);
#7925=COLOUR_RGB('',0.670588254928589,0.670588254928589,0.670588254928589);
#7926=MANIFOLD_SOLID_BREP('SFM-120-01-L-D-A_terminal',#7908);
#7927=MANIFOLD_SOLID_BREP('C-20-01-D-L_pins',#7909);
#7928=SHAPE_DEFINITION_REPRESENTATION(#12555,#7931);
#7929=SHAPE_DEFINITION_REPRESENTATION(#12556,#7932);
#7930=SHAPE_DEFINITION_REPRESENTATION(#12558,#7933);
#7931=SHAPE_REPRESENTATION('SFM-120-01-L-D-A-TR',(#7934,#8185,#8388),#12543);
#7932=SHAPE_REPRESENTATION('SFM-120-01-L-D-A_terminal',(#7934),#12544);
#7933=SHAPE_REPRESENTATION('C-20-01-D-L_pins',(#7934),#12545);
#7934=AXIS2_PLACEMENT_3D('',#10341,#8389,#8390);
#7935=AXIS2_PLACEMENT_3D('',#10342,#8391,#8392);
#7936=AXIS2_PLACEMENT_3D('',#10343,#8393,#8394);
#7937=AXIS2_PLACEMENT_3D('',#10359,#8402,#8403);
#7938=AXIS2_PLACEMENT_3D('',#10360,#8404,#8405);
#7939=AXIS2_PLACEMENT_3D('',#10364,#8407,#8408);
#7940=AXIS2_PLACEMENT_3D('',#10367,#8410,#8411);
#7941=AXIS2_PLACEMENT_3D('',#10368,#8412,#8413);
#7942=AXIS2_PLACEMENT_3D('',#10373,#8415,#8416);
#7943=AXIS2_PLACEMENT_3D('',#10376,#8418,#8419);
#7944=AXIS2_PLACEMENT_3D('',#10377,#8420,#8421);
#7945=AXIS2_PLACEMENT_3D('',#10381,#8423,#8424);
#7946=AXIS2_PLACEMENT_3D('',#10384,#8426,#8427);
#7947=AXIS2_PLACEMENT_3D('',#10406,#8439,#8440);
#7948=AXIS2_PLACEMENT_3D('',#10420,#8448,#8449);
#7949=AXIS2_PLACEMENT_3D('',#10421,#8450,#8451);
#7950=AXIS2_PLACEMENT_3D('',#10429,#8457,#8458);
#7951=AXIS2_PLACEMENT_3D('',#10430,#8459,#8460);
#7952=AXIS2_PLACEMENT_3D('',#10433,#8462,#8463);
#7953=AXIS2_PLACEMENT_3D('',#10436,#8465,#8466);
#7954=AXIS2_PLACEMENT_3D('',#10442,#8470,#8471);
#7955=AXIS2_PLACEMENT_3D('',#10448,#8475,#8476);
#7956=AXIS2_PLACEMENT_3D('',#10776,#8642,#8643);
#7957=AXIS2_PLACEMENT_3D('',#10779,#8645,#8646);
#7958=AXIS2_PLACEMENT_3D('',#10780,#8647,#8648);
#7959=AXIS2_PLACEMENT_3D('',#10784,#8651,#8652);
#7960=AXIS2_PLACEMENT_3D('',#10790,#8656,#8657);
#7961=AXIS2_PLACEMENT_3D('',#10791,#8658,#8659);
#7962=AXIS2_PLACEMENT_3D('',#10792,#8660,#8661);
#7963=AXIS2_PLACEMENT_3D('',#10795,#8663,#8664);
#7964=AXIS2_PLACEMENT_3D('',#10796,#8665,#8666);
#7965=AXIS2_PLACEMENT_3D('',#10800,#8669,#8670);
#7966=AXIS2_PLACEMENT_3D('',#10801,#8671,#8672);
#7967=AXIS2_PLACEMENT_3D('',#10804,#8674,#8675);
#7968=AXIS2_PLACEMENT_3D('',#10808,#8678,#8679);
#7969=AXIS2_PLACEMENT_3D('',#10810,#8681,#8682);
#7970=AXIS2_PLACEMENT_3D('',#10812,#8684,#8685);
#7971=AXIS2_PLACEMENT_3D('',#10818,#8689,#8690);
#7972=AXIS2_PLACEMENT_3D('',#10821,#8693,#8694);
#7973=AXIS2_PLACEMENT_3D('',#10822,#8695,#8696);
#7974=AXIS2_PLACEMENT_3D('',#10823,#8697,#8698);
#7975=AXIS2_PLACEMENT_3D('',#10824,#8699,#8700);
#7976=AXIS2_PLACEMENT_3D('',#10825,#8701,#8702);
#7977=AXIS2_PLACEMENT_3D('',#10828,#8705,#8706);
#7978=AXIS2_PLACEMENT_3D('',#10829,#8707,#8708);
#7979=AXIS2_PLACEMENT_3D('',#10830,#8709,#8710);
#7980=AXIS2_PLACEMENT_3D('',#10831,#8711,#8712);
#7981=AXIS2_PLACEMENT_3D('',#10833,#8713,#8714);
#7982=AXIS2_PLACEMENT_3D('',#10834,#8715,#8716);
#7983=AXIS2_PLACEMENT_3D('',#10835,#8717,#8718);
#7984=AXIS2_PLACEMENT_3D('',#10837,#8719,#8720);
#7985=AXIS2_PLACEMENT_3D('',#10838,#8721,#8722);
#7986=AXIS2_PLACEMENT_3D('',#10844,#8726,#8727);
#7987=AXIS2_PLACEMENT_3D('',#10848,#8730,#8731);
#7988=AXIS2_PLACEMENT_3D('',#10852,#8734,#8735);
#7989=AXIS2_PLACEMENT_3D('',#10854,#8737,#8738);
#7990=AXIS2_PLACEMENT_3D('',#10855,#8739,#8740);
#7991=AXIS2_PLACEMENT_3D('',#10861,#8744,#8745);
#7992=AXIS2_PLACEMENT_3D('',#10865,#8748,#8749);
#7993=AXIS2_PLACEMENT_3D('',#10869,#8752,#8753);
#7994=AXIS2_PLACEMENT_3D('',#10871,#8755,#8756);
#7995=AXIS2_PLACEMENT_3D('',#10872,#8757,#8758);
#7996=AXIS2_PLACEMENT_3D('',#10878,#8762,#8763);
#7997=AXIS2_PLACEMENT_3D('',#10882,#8766,#8767);
#7998=AXIS2_PLACEMENT_3D('',#10886,#8770,#8771);
#7999=AXIS2_PLACEMENT_3D('',#10888,#8773,#8774);
#8000=AXIS2_PLACEMENT_3D('',#10889,#8775,#8776);
#8001=AXIS2_PLACEMENT_3D('',#10895,#8780,#8781);
#8002=AXIS2_PLACEMENT_3D('',#10899,#8784,#8785);
#8003=AXIS2_PLACEMENT_3D('',#10903,#8788,#8789);
#8004=AXIS2_PLACEMENT_3D('',#10905,#8791,#8792);
#8005=AXIS2_PLACEMENT_3D('',#10906,#8793,#8794);
#8006=AXIS2_PLACEMENT_3D('',#10912,#8798,#8799);
#8007=AXIS2_PLACEMENT_3D('',#10916,#8802,#8803);
#8008=AXIS2_PLACEMENT_3D('',#10920,#8806,#8807);
#8009=AXIS2_PLACEMENT_3D('',#10922,#8809,#8810);
#8010=AXIS2_PLACEMENT_3D('',#10923,#8811,#8812);
#8011=AXIS2_PLACEMENT_3D('',#10929,#8816,#8817);
#8012=AXIS2_PLACEMENT_3D('',#10933,#8820,#8821);
#8013=AXIS2_PLACEMENT_3D('',#10937,#8824,#8825);
#8014=AXIS2_PLACEMENT_3D('',#10939,#8827,#8828);
#8015=AXIS2_PLACEMENT_3D('',#10940,#8829,#8830);
#8016=AXIS2_PLACEMENT_3D('',#10946,#8834,#8835);
#8017=AXIS2_PLACEMENT_3D('',#10950,#8838,#8839);
#8018=AXIS2_PLACEMENT_3D('',#10954,#8842,#8843);
#8019=AXIS2_PLACEMENT_3D('',#10956,#8845,#8846);
#8020=AXIS2_PLACEMENT_3D('',#10957,#8847,#8848);
#8021=AXIS2_PLACEMENT_3D('',#10963,#8852,#8853);
#8022=AXIS2_PLACEMENT_3D('',#10967,#8856,#8857);
#8023=AXIS2_PLACEMENT_3D('',#10971,#8860,#8861);
#8024=AXIS2_PLACEMENT_3D('',#10973,#8863,#8864);
#8025=AXIS2_PLACEMENT_3D('',#10974,#8865,#8866);
#8026=AXIS2_PLACEMENT_3D('',#10980,#8870,#8871);
#8027=AXIS2_PLACEMENT_3D('',#10984,#8874,#8875);
#8028=AXIS2_PLACEMENT_3D('',#10988,#8878,#8879);
#8029=AXIS2_PLACEMENT_3D('',#10990,#8881,#8882);
#8030=AXIS2_PLACEMENT_3D('',#10991,#8883,#8884);
#8031=AXIS2_PLACEMENT_3D('',#10997,#8888,#8889);
#8032=AXIS2_PLACEMENT_3D('',#11001,#8892,#8893);
#8033=AXIS2_PLACEMENT_3D('',#11005,#8896,#8897);
#8034=AXIS2_PLACEMENT_3D('',#11007,#8899,#8900);
#8035=AXIS2_PLACEMENT_3D('',#11008,#8901,#8902);
#8036=AXIS2_PLACEMENT_3D('',#11014,#8906,#8907);
#8037=AXIS2_PLACEMENT_3D('',#11018,#8910,#8911);
#8038=AXIS2_PLACEMENT_3D('',#11022,#8914,#8915);
#8039=AXIS2_PLACEMENT_3D('',#11024,#8917,#8918);
#8040=AXIS2_PLACEMENT_3D('',#11025,#8919,#8920);
#8041=AXIS2_PLACEMENT_3D('',#11031,#8924,#8925);
#8042=AXIS2_PLACEMENT_3D('',#11035,#8928,#8929);
#8043=AXIS2_PLACEMENT_3D('',#11039,#8932,#8933);
#8044=AXIS2_PLACEMENT_3D('',#11041,#8935,#8936);
#8045=AXIS2_PLACEMENT_3D('',#11042,#8937,#8938);
#8046=AXIS2_PLACEMENT_3D('',#11048,#8942,#8943);
#8047=AXIS2_PLACEMENT_3D('',#11052,#8946,#8947);
#8048=AXIS2_PLACEMENT_3D('',#11056,#8950,#8951);
#8049=AXIS2_PLACEMENT_3D('',#11058,#8953,#8954);
#8050=AXIS2_PLACEMENT_3D('',#11059,#8955,#8956);
#8051=AXIS2_PLACEMENT_3D('',#11065,#8960,#8961);
#8052=AXIS2_PLACEMENT_3D('',#11069,#8964,#8965);
#8053=AXIS2_PLACEMENT_3D('',#11073,#8968,#8969);
#8054=AXIS2_PLACEMENT_3D('',#11075,#8971,#8972);
#8055=AXIS2_PLACEMENT_3D('',#11076,#8973,#8974);
#8056=AXIS2_PLACEMENT_3D('',#11082,#8978,#8979);
#8057=AXIS2_PLACEMENT_3D('',#11086,#8982,#8983);
#8058=AXIS2_PLACEMENT_3D('',#11090,#8986,#8987);
#8059=AXIS2_PLACEMENT_3D('',#11092,#8989,#8990);
#8060=AXIS2_PLACEMENT_3D('',#11093,#8991,#8992);
#8061=AXIS2_PLACEMENT_3D('',#11099,#8996,#8997);
#8062=AXIS2_PLACEMENT_3D('',#11103,#9000,#9001);
#8063=AXIS2_PLACEMENT_3D('',#11107,#9004,#9005);
#8064=AXIS2_PLACEMENT_3D('',#11109,#9007,#9008);
#8065=AXIS2_PLACEMENT_3D('',#11110,#9009,#9010);
#8066=AXIS2_PLACEMENT_3D('',#11116,#9014,#9015);
#8067=AXIS2_PLACEMENT_3D('',#11120,#9018,#9019);
#8068=AXIS2_PLACEMENT_3D('',#11124,#9022,#9023);
#8069=AXIS2_PLACEMENT_3D('',#11126,#9025,#9026);
#8070=AXIS2_PLACEMENT_3D('',#11127,#9027,#9028);
#8071=AXIS2_PLACEMENT_3D('',#11133,#9032,#9033);
#8072=AXIS2_PLACEMENT_3D('',#11137,#9036,#9037);
#8073=AXIS2_PLACEMENT_3D('',#11141,#9040,#9041);
#8074=AXIS2_PLACEMENT_3D('',#11143,#9043,#9044);
#8075=AXIS2_PLACEMENT_3D('',#11144,#9045,#9046);
#8076=AXIS2_PLACEMENT_3D('',#11150,#9050,#9051);
#8077=AXIS2_PLACEMENT_3D('',#11154,#9054,#9055);
#8078=AXIS2_PLACEMENT_3D('',#11158,#9058,#9059);
#8079=AXIS2_PLACEMENT_3D('',#11160,#9061,#9062);
#8080=AXIS2_PLACEMENT_3D('',#11161,#9063,#9064);
#8081=AXIS2_PLACEMENT_3D('',#11167,#9068,#9069);
#8082=AXIS2_PLACEMENT_3D('',#11171,#9072,#9073);
#8083=AXIS2_PLACEMENT_3D('',#11175,#9076,#9077);
#8084=AXIS2_PLACEMENT_3D('',#11177,#9079,#9080);
#8085=AXIS2_PLACEMENT_3D('',#11178,#9081,#9082);
#8086=AXIS2_PLACEMENT_3D('',#11184,#9086,#9087);
#8087=AXIS2_PLACEMENT_3D('',#11188,#9090,#9091);
#8088=AXIS2_PLACEMENT_3D('',#11192,#9094,#9095);
#8089=AXIS2_PLACEMENT_3D('',#11194,#9097,#9098);
#8090=AXIS2_PLACEMENT_3D('',#11195,#9099,#9100);
#8091=AXIS2_PLACEMENT_3D('',#11201,#9104,#9105);
#8092=AXIS2_PLACEMENT_3D('',#11205,#9108,#9109);
#8093=AXIS2_PLACEMENT_3D('',#11209,#9112,#9113);
#8094=AXIS2_PLACEMENT_3D('',#11211,#9115,#9116);
#8095=AXIS2_PLACEMENT_3D('',#11212,#9117,#9118);
#8096=AXIS2_PLACEMENT_3D('',#11218,#9122,#9123);
#8097=AXIS2_PLACEMENT_3D('',#11222,#9126,#9127);
#8098=AXIS2_PLACEMENT_3D('',#11226,#9130,#9131);
#8099=AXIS2_PLACEMENT_3D('',#11228,#9133,#9134);
#8100=AXIS2_PLACEMENT_3D('',#11229,#9135,#9136);
#8101=AXIS2_PLACEMENT_3D('',#11235,#9140,#9141);
#8102=AXIS2_PLACEMENT_3D('',#11239,#9144,#9145);
#8103=AXIS2_PLACEMENT_3D('',#11243,#9148,#9149);
#8104=AXIS2_PLACEMENT_3D('',#11245,#9151,#9152);
#8105=AXIS2_PLACEMENT_3D('',#11246,#9153,#9154);
#8106=AXIS2_PLACEMENT_3D('',#11252,#9158,#9159);
#8107=AXIS2_PLACEMENT_3D('',#11256,#9162,#9163);
#8108=AXIS2_PLACEMENT_3D('',#11260,#9166,#9167);
#8109=AXIS2_PLACEMENT_3D('',#11262,#9169,#9170);
#8110=AXIS2_PLACEMENT_3D('',#11263,#9171,#9172);
#8111=AXIS2_PLACEMENT_3D('',#11269,#9176,#9177);
#8112=AXIS2_PLACEMENT_3D('',#11273,#9180,#9181);
#8113=AXIS2_PLACEMENT_3D('',#11277,#9184,#9185);
#8114=AXIS2_PLACEMENT_3D('',#11279,#9187,#9188);
#8115=AXIS2_PLACEMENT_3D('',#11280,#9189,#9190);
#8116=AXIS2_PLACEMENT_3D('',#11286,#9194,#9195);
#8117=AXIS2_PLACEMENT_3D('',#11290,#9198,#9199);
#8118=AXIS2_PLACEMENT_3D('',#11294,#9202,#9203);
#8119=AXIS2_PLACEMENT_3D('',#11296,#9205,#9206);
#8120=AXIS2_PLACEMENT_3D('',#11297,#9207,#9208);
#8121=AXIS2_PLACEMENT_3D('',#11303,#9212,#9213);
#8122=AXIS2_PLACEMENT_3D('',#11307,#9216,#9217);
#8123=AXIS2_PLACEMENT_3D('',#11311,#9220,#9221);
#8124=AXIS2_PLACEMENT_3D('',#11313,#9223,#9224);
#8125=AXIS2_PLACEMENT_3D('',#11314,#9225,#9226);
#8126=AXIS2_PLACEMENT_3D('',#11320,#9230,#9231);
#8127=AXIS2_PLACEMENT_3D('',#11324,#9234,#9235);
#8128=AXIS2_PLACEMENT_3D('',#11328,#9238,#9239);
#8129=AXIS2_PLACEMENT_3D('',#11330,#9241,#9242);
#8130=AXIS2_PLACEMENT_3D('',#11331,#9243,#9244);
#8131=AXIS2_PLACEMENT_3D('',#11337,#9248,#9249);
#8132=AXIS2_PLACEMENT_3D('',#11341,#9252,#9253);
#8133=AXIS2_PLACEMENT_3D('',#11345,#9256,#9257);
#8134=AXIS2_PLACEMENT_3D('',#11347,#9259,#9260);
#8135=AXIS2_PLACEMENT_3D('',#11348,#9261,#9262);
#8136=AXIS2_PLACEMENT_3D('',#11354,#9266,#9267);
#8137=AXIS2_PLACEMENT_3D('',#11358,#9270,#9271);
#8138=AXIS2_PLACEMENT_3D('',#11362,#9274,#9275);
#8139=AXIS2_PLACEMENT_3D('',#11364,#9277,#9278);
#8140=AXIS2_PLACEMENT_3D('',#11365,#9279,#9280);
#8141=AXIS2_PLACEMENT_3D('',#11371,#9284,#9285);
#8142=AXIS2_PLACEMENT_3D('',#11375,#9288,#9289);
#8143=AXIS2_PLACEMENT_3D('',#11379,#9292,#9293);
#8144=AXIS2_PLACEMENT_3D('',#11381,#9295,#9296);
#8145=AXIS2_PLACEMENT_3D('',#11382,#9297,#9298);
#8146=AXIS2_PLACEMENT_3D('',#11388,#9302,#9303);
#8147=AXIS2_PLACEMENT_3D('',#11392,#9306,#9307);
#8148=AXIS2_PLACEMENT_3D('',#11396,#9310,#9311);
#8149=AXIS2_PLACEMENT_3D('',#11398,#9313,#9314);
#8150=AXIS2_PLACEMENT_3D('',#11399,#9315,#9316);
#8151=AXIS2_PLACEMENT_3D('',#11405,#9320,#9321);
#8152=AXIS2_PLACEMENT_3D('',#11409,#9324,#9325);
#8153=AXIS2_PLACEMENT_3D('',#11413,#9328,#9329);
#8154=AXIS2_PLACEMENT_3D('',#11415,#9331,#9332);
#8155=AXIS2_PLACEMENT_3D('',#11416,#9333,#9334);
#8156=AXIS2_PLACEMENT_3D('',#11422,#9338,#9339);
#8157=AXIS2_PLACEMENT_3D('',#11426,#9342,#9343);
#8158=AXIS2_PLACEMENT_3D('',#11430,#9346,#9347);
#8159=AXIS2_PLACEMENT_3D('',#11432,#9349,#9350);
#8160=AXIS2_PLACEMENT_3D('',#11433,#9351,#9352);
#8161=AXIS2_PLACEMENT_3D('',#11439,#9356,#9357);
#8162=AXIS2_PLACEMENT_3D('',#11443,#9360,#9361);
#8163=AXIS2_PLACEMENT_3D('',#11447,#9364,#9365);
#8164=AXIS2_PLACEMENT_3D('',#11449,#9367,#9368);
#8165=AXIS2_PLACEMENT_3D('',#11450,#9369,#9370);
#8166=AXIS2_PLACEMENT_3D('',#11456,#9374,#9375);
#8167=AXIS2_PLACEMENT_3D('',#11460,#9378,#9379);
#8168=AXIS2_PLACEMENT_3D('',#11464,#9382,#9383);
#8169=AXIS2_PLACEMENT_3D('',#11466,#9385,#9386);
#8170=AXIS2_PLACEMENT_3D('',#11467,#9387,#9388);
#8171=AXIS2_PLACEMENT_3D('',#11473,#9392,#9393);
#8172=AXIS2_PLACEMENT_3D('',#11477,#9396,#9397);
#8173=AXIS2_PLACEMENT_3D('',#11481,#9400,#9401);
#8174=AXIS2_PLACEMENT_3D('',#11483,#9403,#9404);
#8175=AXIS2_PLACEMENT_3D('',#11484,#9405,#9406);
#8176=AXIS2_PLACEMENT_3D('',#11490,#9410,#9411);
#8177=AXIS2_PLACEMENT_3D('',#11494,#9414,#9415);
#8178=AXIS2_PLACEMENT_3D('',#11498,#9418,#9419);
#8179=AXIS2_PLACEMENT_3D('',#11500,#9421,#9422);
#8180=AXIS2_PLACEMENT_3D('',#11501,#9423,#9424);
#8181=AXIS2_PLACEMENT_3D('',#11507,#9428,#9429);
#8182=AXIS2_PLACEMENT_3D('',#11511,#9432,#9433);
#8183=AXIS2_PLACEMENT_3D('',#11515,#9436,#9437);
#8184=AXIS2_PLACEMENT_3D('',#11517,#9439,#9440);
#8185=AXIS2_PLACEMENT_3D('',#11518,#9441,#9442);
#8186=AXIS2_PLACEMENT_3D('',#11519,#9443,#9444);
#8187=AXIS2_PLACEMENT_3D('',#11528,#9449,#9450);
#8188=AXIS2_PLACEMENT_3D('',#11537,#9455,#9456);
#8189=AXIS2_PLACEMENT_3D('',#11546,#9461,#9462);
#8190=AXIS2_PLACEMENT_3D('',#11555,#9467,#9468);
#8191=AXIS2_PLACEMENT_3D('',#11564,#9473,#9474);
#8192=AXIS2_PLACEMENT_3D('',#11580,#9484,#9485);
#8193=AXIS2_PLACEMENT_3D('',#11586,#9489,#9490);
#8194=AXIS2_PLACEMENT_3D('',#11599,#9499,#9500);
#8195=AXIS2_PLACEMENT_3D('',#11600,#9501,#9502);
#8196=AXIS2_PLACEMENT_3D('',#11604,#9505,#9506);
#8197=AXIS2_PLACEMENT_3D('',#11608,#9509,#9510);
#8198=AXIS2_PLACEMENT_3D('',#11612,#9513,#9514);
#8199=AXIS2_PLACEMENT_3D('',#11616,#9517,#9518);
#8200=AXIS2_PLACEMENT_3D('',#11625,#9523,#9524);
#8201=AXIS2_PLACEMENT_3D('',#11631,#9528,#9529);
#8202=AXIS2_PLACEMENT_3D('',#11637,#9533,#9534);
#8203=AXIS2_PLACEMENT_3D('',#11646,#9539,#9540);
#8204=AXIS2_PLACEMENT_3D('',#11652,#9544,#9545);
#8205=AXIS2_PLACEMENT_3D('',#11658,#9549,#9550);
#8206=AXIS2_PLACEMENT_3D('',#11667,#9555,#9556);
#8207=AXIS2_PLACEMENT_3D('',#11673,#9560,#9561);
#8208=AXIS2_PLACEMENT_3D('',#11679,#9565,#9566);
#8209=AXIS2_PLACEMENT_3D('',#11688,#9571,#9572);
#8210=AXIS2_PLACEMENT_3D('',#11694,#9576,#9577);
#8211=AXIS2_PLACEMENT_3D('',#11700,#9581,#9582);
#8212=AXIS2_PLACEMENT_3D('',#11709,#9587,#9588);
#8213=AXIS2_PLACEMENT_3D('',#11715,#9592,#9593);
#8214=AXIS2_PLACEMENT_3D('',#11721,#9597,#9598);
#8215=AXIS2_PLACEMENT_3D('',#11730,#9603,#9604);
#8216=AXIS2_PLACEMENT_3D('',#11736,#9608,#9609);
#8217=AXIS2_PLACEMENT_3D('',#11742,#9613,#9614);
#8218=AXIS2_PLACEMENT_3D('',#11751,#9619,#9620);
#8219=AXIS2_PLACEMENT_3D('',#11757,#9624,#9625);
#8220=AXIS2_PLACEMENT_3D('',#11763,#9629,#9630);
#8221=AXIS2_PLACEMENT_3D('',#11772,#9635,#9636);
#8222=AXIS2_PLACEMENT_3D('',#11778,#9640,#9641);
#8223=AXIS2_PLACEMENT_3D('',#11784,#9645,#9646);
#8224=AXIS2_PLACEMENT_3D('',#11793,#9651,#9652);
#8225=AXIS2_PLACEMENT_3D('',#11799,#9656,#9657);
#8226=AXIS2_PLACEMENT_3D('',#11805,#9661,#9662);
#8227=AXIS2_PLACEMENT_3D('',#11814,#9667,#9668);
#8228=AXIS2_PLACEMENT_3D('',#11820,#9672,#9673);
#8229=AXIS2_PLACEMENT_3D('',#11826,#9677,#9678);
#8230=AXIS2_PLACEMENT_3D('',#11835,#9683,#9684);
#8231=AXIS2_PLACEMENT_3D('',#11841,#9688,#9689);
#8232=AXIS2_PLACEMENT_3D('',#11847,#9693,#9694);
#8233=AXIS2_PLACEMENT_3D('',#11856,#9699,#9700);
#8234=AXIS2_PLACEMENT_3D('',#11862,#9704,#9705);
#8235=AXIS2_PLACEMENT_3D('',#11868,#9709,#9710);
#8236=AXIS2_PLACEMENT_3D('',#11877,#9715,#9716);
#8237=AXIS2_PLACEMENT_3D('',#11883,#9720,#9721);
#8238=AXIS2_PLACEMENT_3D('',#11889,#9725,#9726);
#8239=AXIS2_PLACEMENT_3D('',#11898,#9731,#9732);
#8240=AXIS2_PLACEMENT_3D('',#11904,#9736,#9737);
#8241=AXIS2_PLACEMENT_3D('',#11910,#9741,#9742);
#8242=AXIS2_PLACEMENT_3D('',#11919,#9747,#9748);
#8243=AXIS2_PLACEMENT_3D('',#11925,#9752,#9753);
#8244=AXIS2_PLACEMENT_3D('',#11931,#9757,#9758);
#8245=AXIS2_PLACEMENT_3D('',#11940,#9763,#9764);
#8246=AXIS2_PLACEMENT_3D('',#11946,#9768,#9769);
#8247=AXIS2_PLACEMENT_3D('',#11952,#9773,#9774);
#8248=AXIS2_PLACEMENT_3D('',#11961,#9779,#9780);
#8249=AXIS2_PLACEMENT_3D('',#11967,#9784,#9785);
#8250=AXIS2_PLACEMENT_3D('',#11973,#9789,#9790);
#8251=AXIS2_PLACEMENT_3D('',#11982,#9795,#9796);
#8252=AXIS2_PLACEMENT_3D('',#11988,#9800,#9801);
#8253=AXIS2_PLACEMENT_3D('',#11994,#9805,#9806);
#8254=AXIS2_PLACEMENT_3D('',#12003,#9811,#9812);
#8255=AXIS2_PLACEMENT_3D('',#12009,#9816,#9817);
#8256=AXIS2_PLACEMENT_3D('',#12015,#9821,#9822);
#8257=AXIS2_PLACEMENT_3D('',#12024,#9827,#9828);
#8258=AXIS2_PLACEMENT_3D('',#12030,#9832,#9833);
#8259=AXIS2_PLACEMENT_3D('',#12036,#9837,#9838);
#8260=AXIS2_PLACEMENT_3D('',#12045,#9843,#9844);
#8261=AXIS2_PLACEMENT_3D('',#12051,#9848,#9849);
#8262=AXIS2_PLACEMENT_3D('',#12057,#9853,#9854);
#8263=AXIS2_PLACEMENT_3D('',#12066,#9859,#9860);
#8264=AXIS2_PLACEMENT_3D('',#12072,#9864,#9865);
#8265=AXIS2_PLACEMENT_3D('',#12078,#9869,#9870);
#8266=AXIS2_PLACEMENT_3D('',#12087,#9875,#9876);
#8267=AXIS2_PLACEMENT_3D('',#12093,#9880,#9881);
#8268=AXIS2_PLACEMENT_3D('',#12099,#9885,#9886);
#8269=AXIS2_PLACEMENT_3D('',#12108,#9891,#9892);
#8270=AXIS2_PLACEMENT_3D('',#12114,#9896,#9897);
#8271=AXIS2_PLACEMENT_3D('',#12120,#9901,#9902);
#8272=AXIS2_PLACEMENT_3D('',#12129,#9907,#9908);
#8273=AXIS2_PLACEMENT_3D('',#12135,#9912,#9913);
#8274=AXIS2_PLACEMENT_3D('',#12141,#9917,#9918);
#8275=AXIS2_PLACEMENT_3D('',#12150,#9923,#9924);
#8276=AXIS2_PLACEMENT_3D('',#12156,#9928,#9929);
#8277=AXIS2_PLACEMENT_3D('',#12162,#9933,#9934);
#8278=AXIS2_PLACEMENT_3D('',#12171,#9939,#9940);
#8279=AXIS2_PLACEMENT_3D('',#12177,#9944,#9945);
#8280=AXIS2_PLACEMENT_3D('',#12183,#9949,#9950);
#8281=AXIS2_PLACEMENT_3D('',#12192,#9955,#9956);
#8282=AXIS2_PLACEMENT_3D('',#12198,#9960,#9961);
#8283=AXIS2_PLACEMENT_3D('',#12204,#9965,#9966);
#8284=AXIS2_PLACEMENT_3D('',#12213,#9971,#9972);
#8285=AXIS2_PLACEMENT_3D('',#12219,#9976,#9977);
#8286=AXIS2_PLACEMENT_3D('',#12225,#9981,#9982);
#8287=AXIS2_PLACEMENT_3D('',#12234,#9987,#9988);
#8288=AXIS2_PLACEMENT_3D('',#12240,#9992,#9993);
#8289=AXIS2_PLACEMENT_3D('',#12246,#9997,#9998);
#8290=AXIS2_PLACEMENT_3D('',#12255,#10003,#10004);
#8291=AXIS2_PLACEMENT_3D('',#12261,#10008,#10009);
#8292=AXIS2_PLACEMENT_3D('',#12267,#10013,#10014);
#8293=AXIS2_PLACEMENT_3D('',#12276,#10019,#10020);
#8294=AXIS2_PLACEMENT_3D('',#12282,#10024,#10025);
#8295=AXIS2_PLACEMENT_3D('',#12288,#10029,#10030);
#8296=AXIS2_PLACEMENT_3D('',#12297,#10035,#10036);
#8297=AXIS2_PLACEMENT_3D('',#12303,#10040,#10041);
#8298=AXIS2_PLACEMENT_3D('',#12309,#10045,#10046);
#8299=AXIS2_PLACEMENT_3D('',#12318,#10051,#10052);
#8300=AXIS2_PLACEMENT_3D('',#12324,#10056,#10057);
#8301=AXIS2_PLACEMENT_3D('',#12330,#10061,#10062);
#8302=AXIS2_PLACEMENT_3D('',#12339,#10067,#10068);
#8303=AXIS2_PLACEMENT_3D('',#12345,#10072,#10073);
#8304=AXIS2_PLACEMENT_3D('',#12351,#10077,#10078);
#8305=AXIS2_PLACEMENT_3D('',#12360,#10083,#10084);
#8306=AXIS2_PLACEMENT_3D('',#12366,#10088,#10089);
#8307=AXIS2_PLACEMENT_3D('',#12372,#10093,#10094);
#8308=AXIS2_PLACEMENT_3D('',#12376,#10097,#10098);
#8309=AXIS2_PLACEMENT_3D('',#12380,#10101,#10102);
#8310=AXIS2_PLACEMENT_3D('',#12382,#10104,#10105);
#8311=AXIS2_PLACEMENT_3D('',#12386,#10108,#10109);
#8312=AXIS2_PLACEMENT_3D('',#12390,#10112,#10113);
#8313=AXIS2_PLACEMENT_3D('',#12392,#10115,#10116);
#8314=AXIS2_PLACEMENT_3D('',#12394,#10118,#10119);
#8315=AXIS2_PLACEMENT_3D('',#12396,#10121,#10122);
#8316=AXIS2_PLACEMENT_3D('',#12399,#10125,#10126);
#8317=AXIS2_PLACEMENT_3D('',#12402,#10129,#10130);
#8318=AXIS2_PLACEMENT_3D('',#12405,#10133,#10134);
#8319=AXIS2_PLACEMENT_3D('',#12408,#10137,#10138);
#8320=AXIS2_PLACEMENT_3D('',#12411,#10141,#10142);
#8321=AXIS2_PLACEMENT_3D('',#12414,#10145,#10146);
#8322=AXIS2_PLACEMENT_3D('',#12417,#10149,#10150);
#8323=AXIS2_PLACEMENT_3D('',#12420,#10153,#10154);
#8324=AXIS2_PLACEMENT_3D('',#12423,#10157,#10158);
#8325=AXIS2_PLACEMENT_3D('',#12426,#10161,#10162);
#8326=AXIS2_PLACEMENT_3D('',#12429,#10165,#10166);
#8327=AXIS2_PLACEMENT_3D('',#12432,#10169,#10170);
#8328=AXIS2_PLACEMENT_3D('',#12435,#10173,#10174);
#8329=AXIS2_PLACEMENT_3D('',#12438,#10177,#10178);
#8330=AXIS2_PLACEMENT_3D('',#12441,#10181,#10182);
#8331=AXIS2_PLACEMENT_3D('',#12444,#10185,#10186);
#8332=AXIS2_PLACEMENT_3D('',#12447,#10189,#10190);
#8333=AXIS2_PLACEMENT_3D('',#12450,#10193,#10194);
#8334=AXIS2_PLACEMENT_3D('',#12453,#10197,#10198);
#8335=AXIS2_PLACEMENT_3D('',#12456,#10201,#10202);
#8336=AXIS2_PLACEMENT_3D('',#12459,#10205,#10206);
#8337=AXIS2_PLACEMENT_3D('',#12462,#10209,#10210);
#8338=AXIS2_PLACEMENT_3D('',#12465,#10213,#10214);
#8339=AXIS2_PLACEMENT_3D('',#12468,#10217,#10218);
#8340=AXIS2_PLACEMENT_3D('',#12471,#10221,#10222);
#8341=AXIS2_PLACEMENT_3D('',#12474,#10225,#10226);
#8342=AXIS2_PLACEMENT_3D('',#12477,#10229,#10230);
#8343=AXIS2_PLACEMENT_3D('',#12480,#10233,#10234);
#8344=AXIS2_PLACEMENT_3D('',#12483,#10237,#10238);
#8345=AXIS2_PLACEMENT_3D('',#12486,#10241,#10242);
#8346=AXIS2_PLACEMENT_3D('',#12489,#10245,#10246);
#8347=AXIS2_PLACEMENT_3D('',#12492,#10249,#10250);
#8348=AXIS2_PLACEMENT_3D('',#12495,#10253,#10254);
#8349=AXIS2_PLACEMENT_3D('',#12498,#10257,#10258);
#8350=AXIS2_PLACEMENT_3D('',#12501,#10261,#10262);
#8351=AXIS2_PLACEMENT_3D('',#12504,#10265,#10266);
#8352=AXIS2_PLACEMENT_3D('',#12505,#10267,#10268);
#8353=AXIS2_PLACEMENT_3D('',#12506,#10269,#10270);
#8354=AXIS2_PLACEMENT_3D('',#12507,#10271,#10272);
#8355=AXIS2_PLACEMENT_3D('',#12508,#10273,#10274);
#8356=AXIS2_PLACEMENT_3D('',#12509,#10275,#10276);
#8357=AXIS2_PLACEMENT_3D('',#12510,#10277,#10278);
#8358=AXIS2_PLACEMENT_3D('',#12511,#10279,#10280);
#8359=AXIS2_PLACEMENT_3D('',#12512,#10281,#10282);
#8360=AXIS2_PLACEMENT_3D('',#12513,#10283,#10284);
#8361=AXIS2_PLACEMENT_3D('',#12514,#10285,#10286);
#8362=AXIS2_PLACEMENT_3D('',#12515,#10287,#10288);
#8363=AXIS2_PLACEMENT_3D('',#12516,#10289,#10290);
#8364=AXIS2_PLACEMENT_3D('',#12517,#10291,#10292);
#8365=AXIS2_PLACEMENT_3D('',#12518,#10293,#10294);
#8366=AXIS2_PLACEMENT_3D('',#12519,#10295,#10296);
#8367=AXIS2_PLACEMENT_3D('',#12520,#10297,#10298);
#8368=AXIS2_PLACEMENT_3D('',#12521,#10299,#10300);
#8369=AXIS2_PLACEMENT_3D('',#12522,#10301,#10302);
#8370=AXIS2_PLACEMENT_3D('',#12523,#10303,#10304);
#8371=AXIS2_PLACEMENT_3D('',#12524,#10305,#10306);
#8372=AXIS2_PLACEMENT_3D('',#12525,#10307,#10308);
#8373=AXIS2_PLACEMENT_3D('',#12526,#10309,#10310);
#8374=AXIS2_PLACEMENT_3D('',#12527,#10311,#10312);
#8375=AXIS2_PLACEMENT_3D('',#12528,#10313,#10314);
#8376=AXIS2_PLACEMENT_3D('',#12529,#10315,#10316);
#8377=AXIS2_PLACEMENT_3D('',#12530,#10317,#10318);
#8378=AXIS2_PLACEMENT_3D('',#12531,#10319,#10320);
#8379=AXIS2_PLACEMENT_3D('',#12532,#10321,#10322);
#8380=AXIS2_PLACEMENT_3D('',#12533,#10323,#10324);
#8381=AXIS2_PLACEMENT_3D('',#12534,#10325,#10326);
#8382=AXIS2_PLACEMENT_3D('',#12535,#10327,#10328);
#8383=AXIS2_PLACEMENT_3D('',#12536,#10329,#10330);
#8384=AXIS2_PLACEMENT_3D('',#12537,#10331,#10332);
#8385=AXIS2_PLACEMENT_3D('',#12538,#10333,#10334);
#8386=AXIS2_PLACEMENT_3D('',#12539,#10335,#10336);
#8387=AXIS2_PLACEMENT_3D('',#12540,#10337,#10338);
#8388=AXIS2_PLACEMENT_3D('',#12541,#10339,#10340);
#8389=DIRECTION('',(0.,0.,1.));
#8390=DIRECTION('',(1.,0.,0.));
#8391=DIRECTION('',(0.,1.,0.));
#8392=DIRECTION('',(0.,0.,1.));
#8393=DIRECTION('',(0.,-1.,0.));
#8394=DIRECTION('',(0.,0.,-1.));
#8395=DIRECTION('',(1.,0.,0.));
#8396=DIRECTION('',(0.,0.,-1.));
#8397=DIRECTION('',(1.,0.,0.));
#8398=DIRECTION('',(0.,0.,1.));
#8399=DIRECTION('',(-1.,0.,0.));
#8400=DIRECTION('',(0.,0.,-1.));
#8401=DIRECTION('',(-1.,0.,2.43914999434309E-16));
#8402=DIRECTION('',(0.,1.,0.));
#8403=DIRECTION('',(0.,0.,1.));
#8404=DIRECTION('',(0.,-1.,0.));
#8405=DIRECTION('',(0.,0.,-1.));
#8406=DIRECTION('',(-1.,0.,2.43914999434309E-16));
#8407=DIRECTION('',(0.,1.,0.));
#8408=DIRECTION('',(1.,0.,0.));
#8409=DIRECTION('',(0.,0.,-1.));
#8410=DIRECTION('',(0.,1.,0.));
#8411=DIRECTION('',(0.,0.,1.));
#8412=DIRECTION('',(0.,-1.,0.));
#8413=DIRECTION('',(0.,0.,-1.));
#8414=DIRECTION('',(1.,0.,-2.43914999434309E-16));
#8415=DIRECTION('',(0.,1.,0.));
#8416=DIRECTION('',(1.,0.,0.));
#8417=DIRECTION('',(0.,0.,1.));
#8418=DIRECTION('',(0.,1.,0.));
#8419=DIRECTION('',(0.,0.,1.));
#8420=DIRECTION('',(0.,-1.,0.));
#8421=DIRECTION('',(0.,0.,-1.));
#8422=DIRECTION('',(0.,0.,1.));
#8423=DIRECTION('',(0.,1.,0.));
#8424=DIRECTION('',(1.,0.,0.));
#8425=DIRECTION('',(-1.,0.,0.));
#8426=DIRECTION('',(0.,0.,1.));
#8427=DIRECTION('',(1.,0.,0.));
#8428=DIRECTION('',(0.,1.,0.));
#8429=DIRECTION('',(-1.,0.,0.));
#8430=DIRECTION('',(0.,1.,0.));
#8431=DIRECTION('',(-1.,0.,0.));
#8432=DIRECTION('',(0.,-1.,0.));
#8433=DIRECTION('',(-1.,0.,0.));
#8434=DIRECTION('',(0.,-1.,0.));
#8435=DIRECTION('',(-1.,0.,0.));
#8436=DIRECTION('',(0.,1.,0.));
#8437=DIRECTION('',(0.,-1.,0.));
#8438=DIRECTION('',(1.,0.,0.));
#8439=DIRECTION('',(0.,0.,-1.));
#8440=DIRECTION('',(-1.,0.,0.));
#8441=DIRECTION('',(0.,-1.,0.));
#8442=DIRECTION('',(-1.,0.,0.));
#8443=DIRECTION('',(0.,1.,0.));
#8444=DIRECTION('',(0.,1.,0.));
#8445=DIRECTION('',(1.,0.,0.));
#8446=DIRECTION('',(0.,1.,0.));
#8447=DIRECTION('',(1.,0.,0.));
#8448=DIRECTION('',(0.,1.,0.));
#8449=DIRECTION('',(0.,0.,1.));
#8450=DIRECTION('',(0.,-1.,0.));
#8451=DIRECTION('',(0.,0.,-1.));
#8452=DIRECTION('',(-1.,0.,0.));
#8453=DIRECTION('',(0.,0.,1.));
#8454=DIRECTION('',(0.,0.,-1.));
#8455=DIRECTION('',(0.,0.,1.));
#8456=DIRECTION('',(1.,0.,-2.43914999434309E-16));
#8457=DIRECTION('',(0.,1.,0.));
#8458=DIRECTION('',(0.,0.,1.));
#8459=DIRECTION('',(0.,-1.,0.));
#8460=DIRECTION('',(0.,0.,-1.));
#8461=DIRECTION('',(0.,0.,-1.));
#8462=DIRECTION('',(0.,1.,0.));
#8463=DIRECTION('',(1.,0.,0.));
#8464=DIRECTION('',(1.,0.,0.));
#8465=DIRECTION('',(1.,0.,0.));
#8466=DIRECTION('',(0.,0.,-1.));
#8467=DIRECTION('',(0.,0.,-1.));
#8468=DIRECTION('',(0.,1.,0.));
#8469=DIRECTION('',(0.,1.,0.));
#8470=DIRECTION('',(-1.,0.,0.));
#8471=DIRECTION('',(0.,0.,1.));
#8472=DIRECTION('',(0.,0.,-1.));
#8473=DIRECTION('',(0.,1.,0.));
#8474=DIRECTION('',(0.,1.,0.));
#8475=DIRECTION('',(0.,1.,0.));
#8476=DIRECTION('',(0.,0.,1.));
#8477=DIRECTION('',(-1.,0.,0.));
#8478=DIRECTION('',(0.,0.,-1.));
#8479=DIRECTION('',(1.,0.,0.));
#8480=DIRECTION('',(0.,0.,1.));
#8481=DIRECTION('',(-1.,0.,0.));
#8482=DIRECTION('',(0.,0.,-1.));
#8483=DIRECTION('',(1.,0.,0.));
#8484=DIRECTION('',(0.,0.,1.));
#8485=DIRECTION('',(-1.,0.,0.));
#8486=DIRECTION('',(0.,0.,-1.));
#8487=DIRECTION('',(1.,0.,0.));
#8488=DIRECTION('',(0.,0.,1.));
#8489=DIRECTION('',(-1.,0.,0.));
#8490=DIRECTION('',(0.,0.,-1.));
#8491=DIRECTION('',(1.,0.,0.));
#8492=DIRECTION('',(0.,0.,1.));
#8493=DIRECTION('',(-1.,0.,0.));
#8494=DIRECTION('',(0.,0.,-1.));
#8495=DIRECTION('',(1.,0.,0.));
#8496=DIRECTION('',(0.,0.,1.));
#8497=DIRECTION('',(-1.,0.,0.));
#8498=DIRECTION('',(0.,0.,-1.));
#8499=DIRECTION('',(1.,0.,0.));
#8500=DIRECTION('',(0.,0.,1.));
#8501=DIRECTION('',(-1.,0.,0.));
#8502=DIRECTION('',(0.,0.,-1.));
#8503=DIRECTION('',(1.,0.,0.));
#8504=DIRECTION('',(0.,0.,1.));
#8505=DIRECTION('',(-1.,0.,0.));
#8506=DIRECTION('',(0.,0.,-1.));
#8507=DIRECTION('',(1.,0.,0.));
#8508=DIRECTION('',(0.,0.,1.));
#8509=DIRECTION('',(-1.,0.,0.));
#8510=DIRECTION('',(0.,0.,-1.));
#8511=DIRECTION('',(1.,0.,0.));
#8512=DIRECTION('',(0.,0.,1.));
#8513=DIRECTION('',(-1.,0.,0.));
#8514=DIRECTION('',(0.,0.,-1.));
#8515=DIRECTION('',(1.,0.,0.));
#8516=DIRECTION('',(0.,0.,1.));
#8517=DIRECTION('',(-1.,0.,0.));
#8518=DIRECTION('',(0.,0.,-1.));
#8519=DIRECTION('',(1.,0.,0.));
#8520=DIRECTION('',(0.,0.,1.));
#8521=DIRECTION('',(-1.,0.,0.));
#8522=DIRECTION('',(0.,0.,-1.));
#8523=DIRECTION('',(1.,0.,0.));
#8524=DIRECTION('',(0.,0.,1.));
#8525=DIRECTION('',(-1.,0.,0.));
#8526=DIRECTION('',(0.,0.,-1.));
#8527=DIRECTION('',(1.,0.,0.));
#8528=DIRECTION('',(0.,0.,1.));
#8529=DIRECTION('',(-1.,0.,0.));
#8530=DIRECTION('',(0.,0.,-1.));
#8531=DIRECTION('',(1.,0.,0.));
#8532=DIRECTION('',(0.,0.,1.));
#8533=DIRECTION('',(-1.,0.,0.));
#8534=DIRECTION('',(0.,0.,-1.));
#8535=DIRECTION('',(1.,0.,0.));
#8536=DIRECTION('',(0.,0.,1.));
#8537=DIRECTION('',(-1.,0.,0.));
#8538=DIRECTION('',(0.,0.,-1.));
#8539=DIRECTION('',(1.,0.,0.));
#8540=DIRECTION('',(0.,0.,1.));
#8541=DIRECTION('',(-1.,0.,0.));
#8542=DIRECTION('',(0.,0.,-1.));
#8543=DIRECTION('',(1.,0.,0.));
#8544=DIRECTION('',(0.,0.,1.));
#8545=DIRECTION('',(-1.,0.,0.));
#8546=DIRECTION('',(0.,0.,-1.));
#8547=DIRECTION('',(1.,0.,0.));
#8548=DIRECTION('',(0.,0.,1.));
#8549=DIRECTION('',(-1.,0.,0.));
#8550=DIRECTION('',(0.,0.,-1.));
#8551=DIRECTION('',(1.,0.,0.));
#8552=DIRECTION('',(0.,0.,1.));
#8553=DIRECTION('',(-1.,0.,0.));
#8554=DIRECTION('',(0.,0.,-1.));
#8555=DIRECTION('',(1.,0.,0.));
#8556=DIRECTION('',(0.,0.,1.));
#8557=DIRECTION('',(-1.,0.,0.));
#8558=DIRECTION('',(0.,0.,-1.));
#8559=DIRECTION('',(1.,0.,0.));
#8560=DIRECTION('',(0.,0.,1.));
#8561=DIRECTION('',(-1.,0.,0.));
#8562=DIRECTION('',(0.,0.,-1.));
#8563=DIRECTION('',(1.,0.,0.));
#8564=DIRECTION('',(0.,0.,1.));
#8565=DIRECTION('',(-1.,0.,0.));
#8566=DIRECTION('',(0.,0.,-1.));
#8567=DIRECTION('',(1.,0.,0.));
#8568=DIRECTION('',(0.,0.,1.));
#8569=DIRECTION('',(-1.,0.,0.));
#8570=DIRECTION('',(0.,0.,-1.));
#8571=DIRECTION('',(1.,0.,0.));
#8572=DIRECTION('',(0.,0.,1.));
#8573=DIRECTION('',(-1.,0.,0.));
#8574=DIRECTION('',(0.,0.,-1.));
#8575=DIRECTION('',(1.,0.,0.));
#8576=DIRECTION('',(0.,0.,1.));
#8577=DIRECTION('',(-1.,0.,0.));
#8578=DIRECTION('',(0.,0.,-1.));
#8579=DIRECTION('',(1.,0.,0.));
#8580=DIRECTION('',(0.,0.,1.));
#8581=DIRECTION('',(-1.,0.,0.));
#8582=DIRECTION('',(0.,0.,-1.));
#8583=DIRECTION('',(1.,0.,0.));
#8584=DIRECTION('',(0.,0.,1.));
#8585=DIRECTION('',(-1.,0.,0.));
#8586=DIRECTION('',(0.,0.,-1.));
#8587=DIRECTION('',(1.,0.,0.));
#8588=DIRECTION('',(0.,0.,1.));
#8589=DIRECTION('',(-1.,0.,0.));
#8590=DIRECTION('',(0.,0.,-1.));
#8591=DIRECTION('',(1.,0.,0.));
#8592=DIRECTION('',(0.,0.,1.));
#8593=DIRECTION('',(-1.,0.,0.));
#8594=DIRECTION('',(0.,0.,-1.));
#8595=DIRECTION('',(1.,0.,0.));
#8596=DIRECTION('',(0.,0.,1.));
#8597=DIRECTION('',(-1.,0.,0.));
#8598=DIRECTION('',(0.,0.,-1.));
#8599=DIRECTION('',(1.,0.,0.));
#8600=DIRECTION('',(0.,0.,1.));
#8601=DIRECTION('',(-1.,0.,0.));
#8602=DIRECTION('',(0.,0.,-1.));
#8603=DIRECTION('',(1.,0.,0.));
#8604=DIRECTION('',(0.,0.,1.));
#8605=DIRECTION('',(-1.,0.,0.));
#8606=DIRECTION('',(0.,0.,-1.));
#8607=DIRECTION('',(1.,0.,0.));
#8608=DIRECTION('',(0.,0.,1.));
#8609=DIRECTION('',(-1.,0.,0.));
#8610=DIRECTION('',(0.,0.,-1.));
#8611=DIRECTION('',(1.,0.,0.));
#8612=DIRECTION('',(0.,0.,1.));
#8613=DIRECTION('',(-1.,0.,0.));
#8614=DIRECTION('',(0.,0.,-1.));
#8615=DIRECTION('',(1.,0.,0.));
#8616=DIRECTION('',(0.,0.,1.));
#8617=DIRECTION('',(-1.,0.,0.));
#8618=DIRECTION('',(0.,0.,-1.));
#8619=DIRECTION('',(1.,0.,0.));
#8620=DIRECTION('',(0.,0.,1.));
#8621=DIRECTION('',(-1.,0.,0.));
#8622=DIRECTION('',(0.,0.,-1.));
#8623=DIRECTION('',(1.,0.,0.));
#8624=DIRECTION('',(0.,0.,1.));
#8625=DIRECTION('',(-1.,0.,0.));
#8626=DIRECTION('',(0.,0.,-1.));
#8627=DIRECTION('',(1.,0.,0.));
#8628=DIRECTION('',(0.,0.,1.));
#8629=DIRECTION('',(-1.,0.,0.));
#8630=DIRECTION('',(0.,0.,-1.));
#8631=DIRECTION('',(1.,0.,0.));
#8632=DIRECTION('',(0.,0.,1.));
#8633=DIRECTION('',(-1.,0.,0.));
#8634=DIRECTION('',(0.,0.,-1.));
#8635=DIRECTION('',(1.,0.,0.));
#8636=DIRECTION('',(0.,0.,1.));
#8637=DIRECTION('',(0.,0.,1.));
#8638=DIRECTION('',(0.,0.,-1.));
#8639=DIRECTION('',(0.,0.,1.));
#8640=DIRECTION('',(-1.,0.,0.));
#8641=DIRECTION('',(0.,0.,1.));
#8642=DIRECTION('',(0.,1.,0.));
#8643=DIRECTION('',(0.,0.,1.));
#8644=DIRECTION('',(0.,1.,0.));
#8645=DIRECTION('',(0.,1.,0.));
#8646=DIRECTION('',(0.,0.,1.));
#8647=DIRECTION('',(2.43914999434309E-16,0.,1.));
#8648=DIRECTION('',(1.,0.,-2.43914999434309E-16));
#8649=DIRECTION('',(0.,1.,0.));
#8650=DIRECTION('',(-1.,0.,2.43914999434309E-16));
#8651=DIRECTION('',(0.,0.,1.));
#8652=DIRECTION('',(1.,0.,0.));
#8653=DIRECTION('',(0.,1.,0.));
#8654=DIRECTION('',(-1.,-3.10437272007302E-16,0.));
#8655=DIRECTION('',(0.,1.,0.));
#8656=DIRECTION('',(0.,1.,0.));
#8657=DIRECTION('',(0.,0.,1.));
#8658=DIRECTION('',(-3.10437272007302E-16,1.,0.));
#8659=DIRECTION('',(-1.,-3.10437272007302E-16,0.));
#8660=DIRECTION('',(0.,1.,0.));
#8661=DIRECTION('',(0.,0.,1.));
#8662=DIRECTION('',(0.,1.,0.));
#8663=DIRECTION('',(-3.10437272007302E-16,1.,0.));
#8664=DIRECTION('',(-1.,-3.10437272007302E-16,0.));
#8665=DIRECTION('',(-2.43914999434309E-16,0.,-1.));
#8666=DIRECTION('',(-1.,0.,2.43914999434309E-16));
#8667=DIRECTION('',(0.,1.,0.));
#8668=DIRECTION('',(1.,3.10437272007302E-16,-2.43914999434309E-16));
#8669=DIRECTION('',(0.,1.,0.));
#8670=DIRECTION('',(0.,0.,1.));
#8671=DIRECTION('',(0.,1.,0.));
#8672=DIRECTION('',(0.,0.,1.));
#8673=DIRECTION('',(0.,1.,0.));
#8674=DIRECTION('',(0.,0.,-1.));
#8675=DIRECTION('',(-1.,0.,0.));
#8676=DIRECTION('',(1.,0.,0.));
#8677=DIRECTION('',(0.,1.,0.));
#8678=DIRECTION('',(1.,0.,0.));
#8679=DIRECTION('',(0.,0.,-1.));
#8680=DIRECTION('',(0.,0.,-1.));
#8681=DIRECTION('',(-1.,0.,0.));
#8682=DIRECTION('',(0.,0.,1.));
#8683=DIRECTION('',(0.,0.,-1.));
#8684=DIRECTION('',(0.,1.,0.));
#8685=DIRECTION('',(0.,0.,1.));
#8686=DIRECTION('',(0.,0.,-1.));
#8687=DIRECTION('',(-1.,0.,0.));
#8688=DIRECTION('',(0.,0.,-1.));
#8689=DIRECTION('',(0.,0.,1.));
#8690=DIRECTION('',(1.,0.,0.));
#8691=DIRECTION('',(0.,1.,0.));
#8692=DIRECTION('',(0.,1.,0.));
#8693=DIRECTION('',(1.,0.,0.));
#8694=DIRECTION('',(0.,0.,-1.));
#8695=DIRECTION('',(1.,0.,0.));
#8696=DIRECTION('',(0.,0.,-1.));
#8697=DIRECTION('',(0.,1.,0.));
#8698=DIRECTION('',(0.,0.,1.));
#8699=DIRECTION('',(-3.10437272007302E-16,1.,0.));
#8700=DIRECTION('',(-1.,-3.10437272007302E-16,0.));
#8701=DIRECTION('',(0.,-1.,0.));
#8702=DIRECTION('',(0.,0.,-1.));
#8703=DIRECTION('',(0.,0.,-1.));
#8704=DIRECTION('',(0.,0.,-1.));
#8705=DIRECTION('',(1.,0.,0.));
#8706=DIRECTION('',(0.,0.,-1.));
#8707=DIRECTION('',(-1.,0.,0.));
#8708=DIRECTION('',(0.,0.,1.));
#8709=DIRECTION('',(0.,-1.,0.));
#8710=DIRECTION('',(0.,0.,-1.));
#8711=DIRECTION('',(0.,-1.,0.));
#8712=DIRECTION('',(0.,0.,-1.));
#8713=DIRECTION('',(0.,-1.,0.));
#8714=DIRECTION('',(-1.,0.,0.));
#8715=DIRECTION('',(0.,-1.,0.));
#8716=DIRECTION('',(0.,0.,-1.));
#8717=DIRECTION('',(0.,-1.,0.));
#8718=DIRECTION('',(0.,0.,-1.));
#8719=DIRECTION('',(0.,-1.,0.));
#8720=DIRECTION('',(-1.,0.,0.));
#8721=DIRECTION('',(0.,0.,-1.));
#8722=DIRECTION('',(-1.,0.,0.));
#8723=DIRECTION('',(0.,1.,0.));
#8724=DIRECTION('',(-1.,0.,0.));
#8725=DIRECTION('',(0.,1.,0.));
#8726=DIRECTION('',(-1.,0.,0.));
#8727=DIRECTION('',(0.,0.,1.));
#8728=DIRECTION('',(0.,1.,0.));
#8729=DIRECTION('',(0.,0.,1.));
#8730=DIRECTION('',(0.,0.,1.));
#8731=DIRECTION('',(1.,0.,0.));
#8732=DIRECTION('',(0.,1.,0.));
#8733=DIRECTION('',(1.,0.,0.));
#8734=DIRECTION('',(1.,0.,0.));
#8735=DIRECTION('',(0.,0.,-1.));
#8736=DIRECTION('',(0.,0.,-1.));
#8737=DIRECTION('',(0.,1.,0.));
#8738=DIRECTION('',(0.,0.,1.));
#8739=DIRECTION('',(0.,0.,-1.));
#8740=DIRECTION('',(-1.,0.,0.));
#8741=DIRECTION('',(0.,1.,0.));
#8742=DIRECTION('',(-1.,0.,0.));
#8743=DIRECTION('',(0.,1.,0.));
#8744=DIRECTION('',(-1.,0.,0.));
#8745=DIRECTION('',(0.,0.,1.));
#8746=DIRECTION('',(0.,1.,0.));
#8747=DIRECTION('',(0.,0.,1.));
#8748=DIRECTION('',(0.,0.,1.));
#8749=DIRECTION('',(1.,0.,0.));
#8750=DIRECTION('',(0.,1.,0.));
#8751=DIRECTION('',(1.,0.,0.));
#8752=DIRECTION('',(1.,0.,0.));
#8753=DIRECTION('',(0.,0.,-1.));
#8754=DIRECTION('',(0.,0.,-1.));
#8755=DIRECTION('',(0.,1.,0.));
#8756=DIRECTION('',(0.,0.,1.));
#8757=DIRECTION('',(0.,0.,-1.));
#8758=DIRECTION('',(-1.,0.,0.));
#8759=DIRECTION('',(0.,1.,0.));
#8760=DIRECTION('',(-1.,0.,0.));
#8761=DIRECTION('',(0.,1.,0.));
#8762=DIRECTION('',(-1.,0.,0.));
#8763=DIRECTION('',(0.,0.,1.));
#8764=DIRECTION('',(0.,1.,0.));
#8765=DIRECTION('',(0.,0.,1.));
#8766=DIRECTION('',(0.,0.,1.));
#8767=DIRECTION('',(1.,0.,0.));
#8768=DIRECTION('',(0.,1.,0.));
#8769=DIRECTION('',(1.,0.,0.));
#8770=DIRECTION('',(1.,0.,0.));
#8771=DIRECTION('',(0.,0.,-1.));
#8772=DIRECTION('',(0.,0.,-1.));
#8773=DIRECTION('',(0.,1.,0.));
#8774=DIRECTION('',(0.,0.,1.));
#8775=DIRECTION('',(0.,0.,-1.));
#8776=DIRECTION('',(-1.,0.,0.));
#8777=DIRECTION('',(0.,1.,0.));
#8778=DIRECTION('',(-1.,0.,0.));
#8779=DIRECTION('',(0.,1.,0.));
#8780=DIRECTION('',(-1.,0.,0.));
#8781=DIRECTION('',(0.,0.,1.));
#8782=DIRECTION('',(0.,1.,0.));
#8783=DIRECTION('',(0.,0.,1.));
#8784=DIRECTION('',(0.,0.,1.));
#8785=DIRECTION('',(1.,0.,0.));
#8786=DIRECTION('',(0.,1.,0.));
#8787=DIRECTION('',(1.,0.,0.));
#8788=DIRECTION('',(1.,0.,0.));
#8789=DIRECTION('',(0.,0.,-1.));
#8790=DIRECTION('',(0.,0.,-1.));
#8791=DIRECTION('',(0.,1.,0.));
#8792=DIRECTION('',(0.,0.,1.));
#8793=DIRECTION('',(0.,0.,-1.));
#8794=DIRECTION('',(-1.,0.,0.));
#8795=DIRECTION('',(0.,1.,0.));
#8796=DIRECTION('',(-1.,0.,0.));
#8797=DIRECTION('',(0.,1.,0.));
#8798=DIRECTION('',(-1.,0.,0.));
#8799=DIRECTION('',(0.,0.,1.));
#8800=DIRECTION('',(0.,1.,0.));
#8801=DIRECTION('',(0.,0.,1.));
#8802=DIRECTION('',(0.,0.,1.));
#8803=DIRECTION('',(1.,0.,0.));
#8804=DIRECTION('',(0.,1.,0.));
#8805=DIRECTION('',(1.,0.,0.));
#8806=DIRECTION('',(1.,0.,0.));
#8807=DIRECTION('',(0.,0.,-1.));
#8808=DIRECTION('',(0.,0.,-1.));
#8809=DIRECTION('',(0.,1.,0.));
#8810=DIRECTION('',(0.,0.,1.));
#8811=DIRECTION('',(0.,0.,-1.));
#8812=DIRECTION('',(-1.,0.,0.));
#8813=DIRECTION('',(0.,1.,0.));
#8814=DIRECTION('',(-1.,0.,0.));
#8815=DIRECTION('',(0.,1.,0.));
#8816=DIRECTION('',(-1.,0.,0.));
#8817=DIRECTION('',(0.,0.,1.));
#8818=DIRECTION('',(0.,1.,0.));
#8819=DIRECTION('',(0.,0.,1.));
#8820=DIRECTION('',(0.,0.,1.));
#8821=DIRECTION('',(1.,0.,0.));
#8822=DIRECTION('',(0.,1.,0.));
#8823=DIRECTION('',(1.,0.,0.));
#8824=DIRECTION('',(1.,0.,0.));
#8825=DIRECTION('',(0.,0.,-1.));
#8826=DIRECTION('',(0.,0.,-1.));
#8827=DIRECTION('',(0.,1.,0.));
#8828=DIRECTION('',(0.,0.,1.));
#8829=DIRECTION('',(0.,0.,-1.));
#8830=DIRECTION('',(-1.,0.,0.));
#8831=DIRECTION('',(0.,1.,0.));
#8832=DIRECTION('',(-1.,0.,0.));
#8833=DIRECTION('',(0.,1.,0.));
#8834=DIRECTION('',(-1.,0.,0.));
#8835=DIRECTION('',(0.,0.,1.));
#8836=DIRECTION('',(0.,1.,0.));
#8837=DIRECTION('',(0.,0.,1.));
#8838=DIRECTION('',(0.,0.,1.));
#8839=DIRECTION('',(1.,0.,0.));
#8840=DIRECTION('',(0.,1.,0.));
#8841=DIRECTION('',(1.,0.,0.));
#8842=DIRECTION('',(1.,0.,0.));
#8843=DIRECTION('',(0.,0.,-1.));
#8844=DIRECTION('',(0.,0.,-1.));
#8845=DIRECTION('',(0.,1.,0.));
#8846=DIRECTION('',(0.,0.,1.));
#8847=DIRECTION('',(0.,0.,-1.));
#8848=DIRECTION('',(-1.,0.,0.));
#8849=DIRECTION('',(0.,1.,0.));
#8850=DIRECTION('',(-1.,0.,0.));
#8851=DIRECTION('',(0.,1.,0.));
#8852=DIRECTION('',(-1.,0.,0.));
#8853=DIRECTION('',(0.,0.,1.));
#8854=DIRECTION('',(0.,1.,0.));
#8855=DIRECTION('',(0.,0.,1.));
#8856=DIRECTION('',(0.,0.,1.));
#8857=DIRECTION('',(1.,0.,0.));
#8858=DIRECTION('',(0.,1.,0.));
#8859=DIRECTION('',(1.,0.,0.));
#8860=DIRECTION('',(1.,0.,0.));
#8861=DIRECTION('',(0.,0.,-1.));
#8862=DIRECTION('',(0.,0.,-1.));
#8863=DIRECTION('',(0.,1.,0.));
#8864=DIRECTION('',(0.,0.,1.));
#8865=DIRECTION('',(0.,0.,-1.));
#8866=DIRECTION('',(-1.,0.,0.));
#8867=DIRECTION('',(0.,1.,0.));
#8868=DIRECTION('',(-1.,0.,0.));
#8869=DIRECTION('',(0.,1.,0.));
#8870=DIRECTION('',(-1.,0.,0.));
#8871=DIRECTION('',(0.,0.,1.));
#8872=DIRECTION('',(0.,1.,0.));
#8873=DIRECTION('',(0.,0.,1.));
#8874=DIRECTION('',(0.,0.,1.));
#8875=DIRECTION('',(1.,0.,0.));
#8876=DIRECTION('',(0.,1.,0.));
#8877=DIRECTION('',(1.,0.,0.));
#8878=DIRECTION('',(1.,0.,0.));
#8879=DIRECTION('',(0.,0.,-1.));
#8880=DIRECTION('',(0.,0.,-1.));
#8881=DIRECTION('',(0.,1.,0.));
#8882=DIRECTION('',(0.,0.,1.));
#8883=DIRECTION('',(0.,0.,-1.));
#8884=DIRECTION('',(-1.,0.,0.));
#8885=DIRECTION('',(0.,1.,0.));
#8886=DIRECTION('',(-1.,0.,0.));
#8887=DIRECTION('',(0.,1.,0.));
#8888=DIRECTION('',(-1.,0.,0.));
#8889=DIRECTION('',(0.,0.,1.));
#8890=DIRECTION('',(0.,1.,0.));
#8891=DIRECTION('',(0.,0.,1.));
#8892=DIRECTION('',(0.,0.,1.));
#8893=DIRECTION('',(1.,0.,0.));
#8894=DIRECTION('',(0.,1.,0.));
#8895=DIRECTION('',(1.,0.,0.));
#8896=DIRECTION('',(1.,0.,0.));
#8897=DIRECTION('',(0.,0.,-1.));
#8898=DIRECTION('',(0.,0.,-1.));
#8899=DIRECTION('',(0.,1.,0.));
#8900=DIRECTION('',(0.,0.,1.));
#8901=DIRECTION('',(0.,0.,-1.));
#8902=DIRECTION('',(-1.,0.,0.));
#8903=DIRECTION('',(0.,1.,0.));
#8904=DIRECTION('',(-1.,0.,0.));
#8905=DIRECTION('',(0.,1.,0.));
#8906=DIRECTION('',(-1.,0.,0.));
#8907=DIRECTION('',(0.,0.,1.));
#8908=DIRECTION('',(0.,1.,0.));
#8909=DIRECTION('',(0.,0.,1.));
#8910=DIRECTION('',(0.,0.,1.));
#8911=DIRECTION('',(1.,0.,0.));
#8912=DIRECTION('',(0.,1.,0.));
#8913=DIRECTION('',(1.,0.,0.));
#8914=DIRECTION('',(1.,0.,0.));
#8915=DIRECTION('',(0.,0.,-1.));
#8916=DIRECTION('',(0.,0.,-1.));
#8917=DIRECTION('',(0.,1.,0.));
#8918=DIRECTION('',(0.,0.,1.));
#8919=DIRECTION('',(0.,0.,-1.));
#8920=DIRECTION('',(-1.,0.,0.));
#8921=DIRECTION('',(0.,1.,0.));
#8922=DIRECTION('',(-1.,0.,0.));
#8923=DIRECTION('',(0.,1.,0.));
#8924=DIRECTION('',(-1.,0.,0.));
#8925=DIRECTION('',(0.,0.,1.));
#8926=DIRECTION('',(0.,1.,0.));
#8927=DIRECTION('',(0.,0.,1.));
#8928=DIRECTION('',(0.,0.,1.));
#8929=DIRECTION('',(1.,0.,0.));
#8930=DIRECTION('',(0.,1.,0.));
#8931=DIRECTION('',(1.,0.,0.));
#8932=DIRECTION('',(1.,0.,0.));
#8933=DIRECTION('',(0.,0.,-1.));
#8934=DIRECTION('',(0.,0.,-1.));
#8935=DIRECTION('',(0.,1.,0.));
#8936=DIRECTION('',(0.,0.,1.));
#8937=DIRECTION('',(0.,0.,-1.));
#8938=DIRECTION('',(-1.,0.,0.));
#8939=DIRECTION('',(0.,1.,0.));
#8940=DIRECTION('',(-1.,0.,0.));
#8941=DIRECTION('',(0.,1.,0.));
#8942=DIRECTION('',(-1.,0.,0.));
#8943=DIRECTION('',(0.,0.,1.));
#8944=DIRECTION('',(0.,1.,0.));
#8945=DIRECTION('',(0.,0.,1.));
#8946=DIRECTION('',(0.,0.,1.));
#8947=DIRECTION('',(1.,0.,0.));
#8948=DIRECTION('',(0.,1.,0.));
#8949=DIRECTION('',(1.,0.,0.));
#8950=DIRECTION('',(1.,0.,0.));
#8951=DIRECTION('',(0.,0.,-1.));
#8952=DIRECTION('',(0.,0.,-1.));
#8953=DIRECTION('',(0.,1.,0.));
#8954=DIRECTION('',(0.,0.,1.));
#8955=DIRECTION('',(0.,0.,-1.));
#8956=DIRECTION('',(-1.,0.,0.));
#8957=DIRECTION('',(0.,1.,0.));
#8958=DIRECTION('',(-1.,0.,0.));
#8959=DIRECTION('',(0.,1.,0.));
#8960=DIRECTION('',(-1.,0.,0.));
#8961=DIRECTION('',(0.,0.,1.));
#8962=DIRECTION('',(0.,1.,0.));
#8963=DIRECTION('',(0.,0.,1.));
#8964=DIRECTION('',(0.,0.,1.));
#8965=DIRECTION('',(1.,0.,0.));
#8966=DIRECTION('',(0.,1.,0.));
#8967=DIRECTION('',(1.,0.,0.));
#8968=DIRECTION('',(1.,0.,0.));
#8969=DIRECTION('',(0.,0.,-1.));
#8970=DIRECTION('',(0.,0.,-1.));
#8971=DIRECTION('',(0.,1.,0.));
#8972=DIRECTION('',(0.,0.,1.));
#8973=DIRECTION('',(0.,0.,-1.));
#8974=DIRECTION('',(-1.,0.,0.));
#8975=DIRECTION('',(0.,1.,0.));
#8976=DIRECTION('',(-1.,0.,0.));
#8977=DIRECTION('',(0.,1.,0.));
#8978=DIRECTION('',(-1.,0.,0.));
#8979=DIRECTION('',(0.,0.,1.));
#8980=DIRECTION('',(0.,1.,0.));
#8981=DIRECTION('',(0.,0.,1.));
#8982=DIRECTION('',(0.,0.,1.));
#8983=DIRECTION('',(1.,0.,0.));
#8984=DIRECTION('',(0.,1.,0.));
#8985=DIRECTION('',(1.,0.,0.));
#8986=DIRECTION('',(1.,0.,0.));
#8987=DIRECTION('',(0.,0.,-1.));
#8988=DIRECTION('',(0.,0.,-1.));
#8989=DIRECTION('',(0.,1.,0.));
#8990=DIRECTION('',(0.,0.,1.));
#8991=DIRECTION('',(0.,0.,-1.));
#8992=DIRECTION('',(-1.,0.,0.));
#8993=DIRECTION('',(0.,1.,0.));
#8994=DIRECTION('',(-1.,0.,0.));
#8995=DIRECTION('',(0.,1.,0.));
#8996=DIRECTION('',(-1.,0.,0.));
#8997=DIRECTION('',(0.,0.,1.));
#8998=DIRECTION('',(0.,1.,0.));
#8999=DIRECTION('',(0.,0.,1.));
#9000=DIRECTION('',(0.,0.,1.));
#9001=DIRECTION('',(1.,0.,0.));
#9002=DIRECTION('',(0.,1.,0.));
#9003=DIRECTION('',(1.,0.,0.));
#9004=DIRECTION('',(1.,0.,0.));
#9005=DIRECTION('',(0.,0.,-1.));
#9006=DIRECTION('',(0.,0.,-1.));
#9007=DIRECTION('',(0.,1.,0.));
#9008=DIRECTION('',(0.,0.,1.));
#9009=DIRECTION('',(0.,0.,-1.));
#9010=DIRECTION('',(-1.,0.,0.));
#9011=DIRECTION('',(0.,1.,0.));
#9012=DIRECTION('',(-1.,0.,0.));
#9013=DIRECTION('',(0.,1.,0.));
#9014=DIRECTION('',(-1.,0.,0.));
#9015=DIRECTION('',(0.,0.,1.));
#9016=DIRECTION('',(0.,1.,0.));
#9017=DIRECTION('',(0.,0.,1.));
#9018=DIRECTION('',(0.,0.,1.));
#9019=DIRECTION('',(1.,0.,0.));
#9020=DIRECTION('',(0.,1.,0.));
#9021=DIRECTION('',(1.,0.,0.));
#9022=DIRECTION('',(1.,0.,0.));
#9023=DIRECTION('',(0.,0.,-1.));
#9024=DIRECTION('',(0.,0.,-1.));
#9025=DIRECTION('',(0.,1.,0.));
#9026=DIRECTION('',(0.,0.,1.));
#9027=DIRECTION('',(0.,0.,-1.));
#9028=DIRECTION('',(-1.,0.,0.));
#9029=DIRECTION('',(0.,1.,0.));
#9030=DIRECTION('',(-1.,0.,0.));
#9031=DIRECTION('',(0.,1.,0.));
#9032=DIRECTION('',(-1.,0.,0.));
#9033=DIRECTION('',(0.,0.,1.));
#9034=DIRECTION('',(0.,1.,0.));
#9035=DIRECTION('',(0.,0.,1.));
#9036=DIRECTION('',(0.,0.,1.));
#9037=DIRECTION('',(1.,0.,0.));
#9038=DIRECTION('',(0.,1.,0.));
#9039=DIRECTION('',(1.,0.,0.));
#9040=DIRECTION('',(1.,0.,0.));
#9041=DIRECTION('',(0.,0.,-1.));
#9042=DIRECTION('',(0.,0.,-1.));
#9043=DIRECTION('',(0.,1.,0.));
#9044=DIRECTION('',(0.,0.,1.));
#9045=DIRECTION('',(0.,0.,-1.));
#9046=DIRECTION('',(-1.,0.,0.));
#9047=DIRECTION('',(0.,1.,0.));
#9048=DIRECTION('',(-1.,0.,0.));
#9049=DIRECTION('',(0.,1.,0.));
#9050=DIRECTION('',(-1.,0.,0.));
#9051=DIRECTION('',(0.,0.,1.));
#9052=DIRECTION('',(0.,1.,0.));
#9053=DIRECTION('',(0.,0.,1.));
#9054=DIRECTION('',(0.,0.,1.));
#9055=DIRECTION('',(1.,0.,0.));
#9056=DIRECTION('',(0.,1.,0.));
#9057=DIRECTION('',(1.,0.,0.));
#9058=DIRECTION('',(1.,0.,0.));
#9059=DIRECTION('',(0.,0.,-1.));
#9060=DIRECTION('',(0.,0.,-1.));
#9061=DIRECTION('',(0.,1.,0.));
#9062=DIRECTION('',(0.,0.,1.));
#9063=DIRECTION('',(0.,0.,-1.));
#9064=DIRECTION('',(-1.,0.,0.));
#9065=DIRECTION('',(0.,1.,0.));
#9066=DIRECTION('',(-1.,0.,0.));
#9067=DIRECTION('',(0.,1.,0.));
#9068=DIRECTION('',(-1.,0.,0.));
#9069=DIRECTION('',(0.,0.,1.));
#9070=DIRECTION('',(0.,1.,0.));
#9071=DIRECTION('',(0.,0.,1.));
#9072=DIRECTION('',(0.,0.,1.));
#9073=DIRECTION('',(1.,0.,0.));
#9074=DIRECTION('',(0.,1.,0.));
#9075=DIRECTION('',(1.,0.,0.));
#9076=DIRECTION('',(1.,0.,0.));
#9077=DIRECTION('',(0.,0.,-1.));
#9078=DIRECTION('',(0.,0.,-1.));
#9079=DIRECTION('',(0.,1.,0.));
#9080=DIRECTION('',(0.,0.,1.));
#9081=DIRECTION('',(0.,0.,-1.));
#9082=DIRECTION('',(-1.,0.,0.));
#9083=DIRECTION('',(0.,1.,0.));
#9084=DIRECTION('',(-1.,0.,0.));
#9085=DIRECTION('',(0.,1.,0.));
#9086=DIRECTION('',(-1.,0.,0.));
#9087=DIRECTION('',(0.,0.,1.));
#9088=DIRECTION('',(0.,1.,0.));
#9089=DIRECTION('',(0.,0.,1.));
#9090=DIRECTION('',(0.,0.,1.));
#9091=DIRECTION('',(1.,0.,0.));
#9092=DIRECTION('',(0.,1.,0.));
#9093=DIRECTION('',(1.,0.,0.));
#9094=DIRECTION('',(1.,0.,0.));
#9095=DIRECTION('',(0.,0.,-1.));
#9096=DIRECTION('',(0.,0.,-1.));
#9097=DIRECTION('',(0.,1.,0.));
#9098=DIRECTION('',(0.,0.,1.));
#9099=DIRECTION('',(0.,0.,-1.));
#9100=DIRECTION('',(-1.,0.,0.));
#9101=DIRECTION('',(0.,1.,0.));
#9102=DIRECTION('',(-1.,0.,0.));
#9103=DIRECTION('',(0.,1.,0.));
#9104=DIRECTION('',(-1.,0.,0.));
#9105=DIRECTION('',(0.,0.,1.));
#9106=DIRECTION('',(0.,1.,0.));
#9107=DIRECTION('',(0.,0.,1.));
#9108=DIRECTION('',(0.,0.,1.));
#9109=DIRECTION('',(1.,0.,0.));
#9110=DIRECTION('',(0.,1.,0.));
#9111=DIRECTION('',(1.,0.,0.));
#9112=DIRECTION('',(1.,0.,0.));
#9113=DIRECTION('',(0.,0.,-1.));
#9114=DIRECTION('',(0.,0.,-1.));
#9115=DIRECTION('',(0.,1.,0.));
#9116=DIRECTION('',(0.,0.,1.));
#9117=DIRECTION('',(0.,0.,-1.));
#9118=DIRECTION('',(-1.,0.,0.));
#9119=DIRECTION('',(0.,1.,0.));
#9120=DIRECTION('',(-1.,0.,0.));
#9121=DIRECTION('',(0.,1.,0.));
#9122=DIRECTION('',(-1.,0.,0.));
#9123=DIRECTION('',(0.,0.,1.));
#9124=DIRECTION('',(0.,1.,0.));
#9125=DIRECTION('',(0.,0.,1.));
#9126=DIRECTION('',(0.,0.,1.));
#9127=DIRECTION('',(1.,0.,0.));
#9128=DIRECTION('',(0.,1.,0.));
#9129=DIRECTION('',(1.,0.,0.));
#9130=DIRECTION('',(1.,0.,0.));
#9131=DIRECTION('',(0.,0.,-1.));
#9132=DIRECTION('',(0.,0.,-1.));
#9133=DIRECTION('',(0.,1.,0.));
#9134=DIRECTION('',(0.,0.,1.));
#9135=DIRECTION('',(0.,0.,-1.));
#9136=DIRECTION('',(-1.,0.,0.));
#9137=DIRECTION('',(0.,1.,0.));
#9138=DIRECTION('',(-1.,0.,0.));
#9139=DIRECTION('',(0.,1.,0.));
#9140=DIRECTION('',(-1.,0.,0.));
#9141=DIRECTION('',(0.,0.,1.));
#9142=DIRECTION('',(0.,1.,0.));
#9143=DIRECTION('',(0.,0.,1.));
#9144=DIRECTION('',(0.,0.,1.));
#9145=DIRECTION('',(1.,0.,0.));
#9146=DIRECTION('',(0.,1.,0.));
#9147=DIRECTION('',(1.,0.,0.));
#9148=DIRECTION('',(1.,0.,0.));
#9149=DIRECTION('',(0.,0.,-1.));
#9150=DIRECTION('',(0.,0.,-1.));
#9151=DIRECTION('',(0.,1.,0.));
#9152=DIRECTION('',(0.,0.,1.));
#9153=DIRECTION('',(0.,0.,-1.));
#9154=DIRECTION('',(-1.,0.,0.));
#9155=DIRECTION('',(0.,1.,0.));
#9156=DIRECTION('',(-1.,0.,0.));
#9157=DIRECTION('',(0.,1.,0.));
#9158=DIRECTION('',(-1.,0.,0.));
#9159=DIRECTION('',(0.,0.,1.));
#9160=DIRECTION('',(0.,1.,0.));
#9161=DIRECTION('',(0.,0.,1.));
#9162=DIRECTION('',(0.,0.,1.));
#9163=DIRECTION('',(1.,0.,0.));
#9164=DIRECTION('',(0.,1.,0.));
#9165=DIRECTION('',(1.,0.,0.));
#9166=DIRECTION('',(1.,0.,0.));
#9167=DIRECTION('',(0.,0.,-1.));
#9168=DIRECTION('',(0.,0.,-1.));
#9169=DIRECTION('',(0.,1.,0.));
#9170=DIRECTION('',(0.,0.,1.));
#9171=DIRECTION('',(0.,0.,-1.));
#9172=DIRECTION('',(-1.,0.,0.));
#9173=DIRECTION('',(0.,1.,0.));
#9174=DIRECTION('',(-1.,0.,0.));
#9175=DIRECTION('',(0.,1.,0.));
#9176=DIRECTION('',(-1.,0.,0.));
#9177=DIRECTION('',(0.,0.,1.));
#9178=DIRECTION('',(0.,1.,0.));
#9179=DIRECTION('',(0.,0.,1.));
#9180=DIRECTION('',(0.,0.,1.));
#9181=DIRECTION('',(1.,0.,0.));
#9182=DIRECTION('',(0.,1.,0.));
#9183=DIRECTION('',(1.,0.,0.));
#9184=DIRECTION('',(1.,0.,0.));
#9185=DIRECTION('',(0.,0.,-1.));
#9186=DIRECTION('',(0.,0.,-1.));
#9187=DIRECTION('',(0.,1.,0.));
#9188=DIRECTION('',(0.,0.,1.));
#9189=DIRECTION('',(0.,0.,-1.));
#9190=DIRECTION('',(-1.,0.,0.));
#9191=DIRECTION('',(0.,1.,0.));
#9192=DIRECTION('',(-1.,0.,0.));
#9193=DIRECTION('',(0.,1.,0.));
#9194=DIRECTION('',(-1.,0.,0.));
#9195=DIRECTION('',(0.,0.,1.));
#9196=DIRECTION('',(0.,1.,0.));
#9197=DIRECTION('',(0.,0.,1.));
#9198=DIRECTION('',(0.,0.,1.));
#9199=DIRECTION('',(1.,0.,0.));
#9200=DIRECTION('',(0.,1.,0.));
#9201=DIRECTION('',(1.,0.,0.));
#9202=DIRECTION('',(1.,0.,0.));
#9203=DIRECTION('',(0.,0.,-1.));
#9204=DIRECTION('',(0.,0.,-1.));
#9205=DIRECTION('',(0.,1.,0.));
#9206=DIRECTION('',(0.,0.,1.));
#9207=DIRECTION('',(0.,0.,-1.));
#9208=DIRECTION('',(-1.,0.,0.));
#9209=DIRECTION('',(0.,1.,0.));
#9210=DIRECTION('',(-1.,0.,0.));
#9211=DIRECTION('',(0.,1.,0.));
#9212=DIRECTION('',(-1.,0.,0.));
#9213=DIRECTION('',(0.,0.,1.));
#9214=DIRECTION('',(0.,1.,0.));
#9215=DIRECTION('',(0.,0.,1.));
#9216=DIRECTION('',(0.,0.,1.));
#9217=DIRECTION('',(1.,0.,0.));
#9218=DIRECTION('',(0.,1.,0.));
#9219=DIRECTION('',(1.,0.,0.));
#9220=DIRECTION('',(1.,0.,0.));
#9221=DIRECTION('',(0.,0.,-1.));
#9222=DIRECTION('',(0.,0.,-1.));
#9223=DIRECTION('',(0.,1.,0.));
#9224=DIRECTION('',(0.,0.,1.));
#9225=DIRECTION('',(0.,0.,-1.));
#9226=DIRECTION('',(-1.,0.,0.));
#9227=DIRECTION('',(0.,1.,0.));
#9228=DIRECTION('',(-1.,0.,0.));
#9229=DIRECTION('',(0.,1.,0.));
#9230=DIRECTION('',(-1.,0.,0.));
#9231=DIRECTION('',(0.,0.,1.));
#9232=DIRECTION('',(0.,1.,0.));
#9233=DIRECTION('',(0.,0.,1.));
#9234=DIRECTION('',(0.,0.,1.));
#9235=DIRECTION('',(1.,0.,0.));
#9236=DIRECTION('',(0.,1.,0.));
#9237=DIRECTION('',(1.,0.,0.));
#9238=DIRECTION('',(1.,0.,0.));
#9239=DIRECTION('',(0.,0.,-1.));
#9240=DIRECTION('',(0.,0.,-1.));
#9241=DIRECTION('',(0.,1.,0.));
#9242=DIRECTION('',(0.,0.,1.));
#9243=DIRECTION('',(0.,0.,-1.));
#9244=DIRECTION('',(-1.,0.,0.));
#9245=DIRECTION('',(0.,1.,0.));
#9246=DIRECTION('',(-1.,0.,0.));
#9247=DIRECTION('',(0.,1.,0.));
#9248=DIRECTION('',(-1.,0.,0.));
#9249=DIRECTION('',(0.,0.,1.));
#9250=DIRECTION('',(0.,1.,0.));
#9251=DIRECTION('',(0.,0.,1.));
#9252=DIRECTION('',(0.,0.,1.));
#9253=DIRECTION('',(1.,0.,0.));
#9254=DIRECTION('',(0.,1.,0.));
#9255=DIRECTION('',(1.,0.,0.));
#9256=DIRECTION('',(1.,0.,0.));
#9257=DIRECTION('',(0.,0.,-1.));
#9258=DIRECTION('',(0.,0.,-1.));
#9259=DIRECTION('',(0.,1.,0.));
#9260=DIRECTION('',(0.,0.,1.));
#9261=DIRECTION('',(0.,0.,-1.));
#9262=DIRECTION('',(-1.,0.,0.));
#9263=DIRECTION('',(0.,1.,0.));
#9264=DIRECTION('',(-1.,0.,0.));
#9265=DIRECTION('',(0.,1.,0.));
#9266=DIRECTION('',(-1.,0.,0.));
#9267=DIRECTION('',(0.,0.,1.));
#9268=DIRECTION('',(0.,1.,0.));
#9269=DIRECTION('',(0.,0.,1.));
#9270=DIRECTION('',(0.,0.,1.));
#9271=DIRECTION('',(1.,0.,0.));
#9272=DIRECTION('',(0.,1.,0.));
#9273=DIRECTION('',(1.,0.,0.));
#9274=DIRECTION('',(1.,0.,0.));
#9275=DIRECTION('',(0.,0.,-1.));
#9276=DIRECTION('',(0.,0.,-1.));
#9277=DIRECTION('',(0.,1.,0.));
#9278=DIRECTION('',(0.,0.,1.));
#9279=DIRECTION('',(0.,0.,-1.));
#9280=DIRECTION('',(-1.,0.,0.));
#9281=DIRECTION('',(0.,1.,0.));
#9282=DIRECTION('',(-1.,0.,0.));
#9283=DIRECTION('',(0.,1.,0.));
#9284=DIRECTION('',(-1.,0.,0.));
#9285=DIRECTION('',(0.,0.,1.));
#9286=DIRECTION('',(0.,1.,0.));
#9287=DIRECTION('',(0.,0.,1.));
#9288=DIRECTION('',(0.,0.,1.));
#9289=DIRECTION('',(1.,0.,0.));
#9290=DIRECTION('',(0.,1.,0.));
#9291=DIRECTION('',(1.,0.,0.));
#9292=DIRECTION('',(1.,0.,0.));
#9293=DIRECTION('',(0.,0.,-1.));
#9294=DIRECTION('',(0.,0.,-1.));
#9295=DIRECTION('',(0.,1.,0.));
#9296=DIRECTION('',(0.,0.,1.));
#9297=DIRECTION('',(0.,0.,-1.));
#9298=DIRECTION('',(-1.,0.,0.));
#9299=DIRECTION('',(0.,1.,0.));
#9300=DIRECTION('',(-1.,0.,0.));
#9301=DIRECTION('',(0.,1.,0.));
#9302=DIRECTION('',(-1.,0.,0.));
#9303=DIRECTION('',(0.,0.,1.));
#9304=DIRECTION('',(0.,1.,0.));
#9305=DIRECTION('',(0.,0.,1.));
#9306=DIRECTION('',(0.,0.,1.));
#9307=DIRECTION('',(1.,0.,0.));
#9308=DIRECTION('',(0.,1.,0.));
#9309=DIRECTION('',(1.,0.,0.));
#9310=DIRECTION('',(1.,0.,0.));
#9311=DIRECTION('',(0.,0.,-1.));
#9312=DIRECTION('',(0.,0.,-1.));
#9313=DIRECTION('',(0.,1.,0.));
#9314=DIRECTION('',(0.,0.,1.));
#9315=DIRECTION('',(0.,0.,-1.));
#9316=DIRECTION('',(-1.,0.,0.));
#9317=DIRECTION('',(0.,1.,0.));
#9318=DIRECTION('',(-1.,0.,0.));
#9319=DIRECTION('',(0.,1.,0.));
#9320=DIRECTION('',(-1.,0.,0.));
#9321=DIRECTION('',(0.,0.,1.));
#9322=DIRECTION('',(0.,1.,0.));
#9323=DIRECTION('',(0.,0.,1.));
#9324=DIRECTION('',(0.,0.,1.));
#9325=DIRECTION('',(1.,0.,0.));
#9326=DIRECTION('',(0.,1.,0.));
#9327=DIRECTION('',(1.,0.,0.));
#9328=DIRECTION('',(1.,0.,0.));
#9329=DIRECTION('',(0.,0.,-1.));
#9330=DIRECTION('',(0.,0.,-1.));
#9331=DIRECTION('',(0.,1.,0.));
#9332=DIRECTION('',(0.,0.,1.));
#9333=DIRECTION('',(0.,0.,-1.));
#9334=DIRECTION('',(-1.,0.,0.));
#9335=DIRECTION('',(0.,1.,0.));
#9336=DIRECTION('',(-1.,0.,0.));
#9337=DIRECTION('',(0.,1.,0.));
#9338=DIRECTION('',(-1.,0.,0.));
#9339=DIRECTION('',(0.,0.,1.));
#9340=DIRECTION('',(0.,1.,0.));
#9341=DIRECTION('',(0.,0.,1.));
#9342=DIRECTION('',(0.,0.,1.));
#9343=DIRECTION('',(1.,0.,0.));
#9344=DIRECTION('',(0.,1.,0.));
#9345=DIRECTION('',(1.,0.,0.));
#9346=DIRECTION('',(1.,0.,0.));
#9347=DIRECTION('',(0.,0.,-1.));
#9348=DIRECTION('',(0.,0.,-1.));
#9349=DIRECTION('',(0.,1.,0.));
#9350=DIRECTION('',(0.,0.,1.));
#9351=DIRECTION('',(0.,0.,-1.));
#9352=DIRECTION('',(-1.,0.,0.));
#9353=DIRECTION('',(0.,1.,0.));
#9354=DIRECTION('',(-1.,0.,0.));
#9355=DIRECTION('',(0.,1.,0.));
#9356=DIRECTION('',(-1.,0.,0.));
#9357=DIRECTION('',(0.,0.,1.));
#9358=DIRECTION('',(0.,1.,0.));
#9359=DIRECTION('',(0.,0.,1.));
#9360=DIRECTION('',(0.,0.,1.));
#9361=DIRECTION('',(1.,0.,0.));
#9362=DIRECTION('',(0.,1.,0.));
#9363=DIRECTION('',(1.,0.,0.));
#9364=DIRECTION('',(1.,0.,0.));
#9365=DIRECTION('',(0.,0.,-1.));
#9366=DIRECTION('',(0.,0.,-1.));
#9367=DIRECTION('',(0.,1.,0.));
#9368=DIRECTION('',(0.,0.,1.));
#9369=DIRECTION('',(0.,0.,-1.));
#9370=DIRECTION('',(-1.,0.,0.));
#9371=DIRECTION('',(0.,1.,0.));
#9372=DIRECTION('',(-1.,0.,0.));
#9373=DIRECTION('',(0.,1.,0.));
#9374=DIRECTION('',(-1.,0.,0.));
#9375=DIRECTION('',(0.,0.,1.));
#9376=DIRECTION('',(0.,1.,0.));
#9377=DIRECTION('',(0.,0.,1.));
#9378=DIRECTION('',(0.,0.,1.));
#9379=DIRECTION('',(1.,0.,0.));
#9380=DIRECTION('',(0.,1.,0.));
#9381=DIRECTION('',(1.,0.,0.));
#9382=DIRECTION('',(1.,0.,0.));
#9383=DIRECTION('',(0.,0.,-1.));
#9384=DIRECTION('',(0.,0.,-1.));
#9385=DIRECTION('',(0.,1.,0.));
#9386=DIRECTION('',(0.,0.,1.));
#9387=DIRECTION('',(0.,0.,-1.));
#9388=DIRECTION('',(-1.,0.,0.));
#9389=DIRECTION('',(0.,1.,0.));
#9390=DIRECTION('',(-1.,0.,0.));
#9391=DIRECTION('',(0.,1.,0.));
#9392=DIRECTION('',(-1.,0.,0.));
#9393=DIRECTION('',(0.,0.,1.));
#9394=DIRECTION('',(0.,1.,0.));
#9395=DIRECTION('',(0.,0.,1.));
#9396=DIRECTION('',(0.,0.,1.));
#9397=DIRECTION('',(1.,0.,0.));
#9398=DIRECTION('',(0.,1.,0.));
#9399=DIRECTION('',(1.,0.,0.));
#9400=DIRECTION('',(1.,0.,0.));
#9401=DIRECTION('',(0.,0.,-1.));
#9402=DIRECTION('',(0.,0.,-1.));
#9403=DIRECTION('',(0.,1.,0.));
#9404=DIRECTION('',(0.,0.,1.));
#9405=DIRECTION('',(0.,0.,-1.));
#9406=DIRECTION('',(-1.,0.,0.));
#9407=DIRECTION('',(0.,1.,0.));
#9408=DIRECTION('',(-1.,0.,0.));
#9409=DIRECTION('',(0.,1.,0.));
#9410=DIRECTION('',(-1.,0.,0.));
#9411=DIRECTION('',(0.,0.,1.));
#9412=DIRECTION('',(0.,1.,0.));
#9413=DIRECTION('',(0.,0.,1.));
#9414=DIRECTION('',(0.,0.,1.));
#9415=DIRECTION('',(1.,0.,0.));
#9416=DIRECTION('',(0.,1.,0.));
#9417=DIRECTION('',(1.,0.,0.));
#9418=DIRECTION('',(1.,0.,0.));
#9419=DIRECTION('',(0.,0.,-1.));
#9420=DIRECTION('',(0.,0.,-1.));
#9421=DIRECTION('',(0.,1.,0.));
#9422=DIRECTION('',(0.,0.,1.));
#9423=DIRECTION('',(0.,0.,-1.));
#9424=DIRECTION('',(-1.,0.,0.));
#9425=DIRECTION('',(0.,1.,0.));
#9426=DIRECTION('',(-1.,0.,0.));
#9427=DIRECTION('',(0.,1.,0.));
#9428=DIRECTION('',(-1.,0.,0.));
#9429=DIRECTION('',(0.,0.,1.));
#9430=DIRECTION('',(0.,1.,0.));
#9431=DIRECTION('',(0.,0.,1.));
#9432=DIRECTION('',(0.,0.,1.));
#9433=DIRECTION('',(1.,0.,0.));
#9434=DIRECTION('',(0.,1.,0.));
#9435=DIRECTION('',(1.,0.,0.));
#9436=DIRECTION('',(1.,0.,0.));
#9437=DIRECTION('',(0.,0.,-1.));
#9438=DIRECTION('',(0.,0.,-1.));
#9439=DIRECTION('',(0.,1.,0.));
#9440=DIRECTION('',(0.,0.,1.));
#9441=DIRECTION('',(0.,0.,1.));
#9442=DIRECTION('',(1.,0.,0.));
#9443=DIRECTION('',(0.,1.,0.));
#9444=DIRECTION('',(0.,0.,1.));
#9445=DIRECTION('',(-1.,0.,0.));
#9446=DIRECTION('',(0.,0.,-1.));
#9447=DIRECTION('',(1.,0.,0.));
#9448=DIRECTION('',(0.,0.,1.));
#9449=DIRECTION('',(0.,1.,0.));
#9450=DIRECTION('',(0.,0.,1.));
#9451=DIRECTION('',(-1.,0.,0.));
#9452=DIRECTION('',(0.,0.,-1.));
#9453=DIRECTION('',(1.,0.,0.));
#9454=DIRECTION('',(0.,0.,1.));
#9455=DIRECTION('',(0.,1.,0.));
#9456=DIRECTION('',(0.,0.,1.));
#9457=DIRECTION('',(-1.,0.,0.));
#9458=DIRECTION('',(0.,0.,-1.));
#9459=DIRECTION('',(1.,0.,0.));
#9460=DIRECTION('',(0.,0.,1.));
#9461=DIRECTION('',(0.,1.,0.));
#9462=DIRECTION('',(0.,0.,1.));
#9463=DIRECTION('',(-1.,0.,0.));
#9464=DIRECTION('',(0.,0.,-1.));
#9465=DIRECTION('',(1.,0.,0.));
#9466=DIRECTION('',(0.,0.,1.));
#9467=DIRECTION('',(0.,0.,-1.));
#9468=DIRECTION('',(-1.,0.,0.));
#9469=DIRECTION('',(1.,0.,0.));
#9470=DIRECTION('',(0.,1.,0.));
#9471=DIRECTION('',(-1.,0.,0.));
#9472=DIRECTION('',(0.,1.,0.));
#9473=DIRECTION('',(-1.,0.,0.));
#9474=DIRECTION('',(0.,0.,1.));
#9475=DIRECTION('',(0.,0.,-1.));
#9476=DIRECTION('',(0.,1.,0.));
#9477=DIRECTION('',(0.,0.,1.));
#9478=DIRECTION('',(0.,0.,-1.));
#9479=DIRECTION('',(0.,1.,0.));
#9480=DIRECTION('',(0.,1.,0.));
#9481=DIRECTION('',(0.,0.,-1.));
#9482=DIRECTION('',(0.,1.,0.));
#9483=DIRECTION('',(0.,1.,0.));
#9484=DIRECTION('',(0.,0.,1.));
#9485=DIRECTION('',(1.,0.,0.));
#9486=DIRECTION('',(-1.,0.,0.));
#9487=DIRECTION('',(0.,1.,0.));
#9488=DIRECTION('',(1.,0.,0.));
#9489=DIRECTION('',(1.,0.,0.));
#9490=DIRECTION('',(0.,0.,-1.));
#9491=DIRECTION('',(0.,0.,1.));
#9492=DIRECTION('',(0.,0.,-1.));
#9493=DIRECTION('',(0.,0.,1.));
#9494=DIRECTION('',(0.,1.,0.));
#9495=DIRECTION('',(0.,1.,0.));
#9496=DIRECTION('',(0.,0.,1.));
#9497=DIRECTION('',(0.,1.,0.));
#9498=DIRECTION('',(0.,1.,0.));
#9499=DIRECTION('',(0.,1.,0.));
#9500=DIRECTION('',(0.,0.,1.));
#9501=DIRECTION('',(0.,0.,-1.));
#9502=DIRECTION('',(-1.,0.,0.));
#9503=DIRECTION('',(0.,1.,0.));
#9504=DIRECTION('',(-1.,0.,0.));
#9505=DIRECTION('',(0.,0.,1.));
#9506=DIRECTION('',(1.,0.,0.));
#9507=DIRECTION('',(1.,0.,0.));
#9508=DIRECTION('',(0.,1.,0.));
#9509=DIRECTION('',(0.,0.,-1.));
#9510=DIRECTION('',(-1.,0.,0.));
#9511=DIRECTION('',(0.,1.,0.));
#9512=DIRECTION('',(-1.,0.,0.));
#9513=DIRECTION('',(0.,0.,1.));
#9514=DIRECTION('',(1.,0.,0.));
#9515=DIRECTION('',(1.,0.,0.));
#9516=DIRECTION('',(0.,1.,0.));
#9517=DIRECTION('',(0.,0.,-1.));
#9518=DIRECTION('',(-1.,0.,0.));
#9519=DIRECTION('',(-1.,0.,0.));
#9520=DIRECTION('',(0.,1.,0.));
#9521=DIRECTION('',(-1.,0.,0.));
#9522=DIRECTION('',(0.,1.,0.));
#9523=DIRECTION('',(1.,0.,0.));
#9524=DIRECTION('',(0.,0.,-1.));
#9525=DIRECTION('',(0.,0.,-1.));
#9526=DIRECTION('',(0.,0.,-1.));
#9527=DIRECTION('',(0.,1.,0.));
#9528=DIRECTION('',(0.,0.,1.));
#9529=DIRECTION('',(1.,0.,0.));
#9530=DIRECTION('',(1.,0.,0.));
#9531=DIRECTION('',(1.,0.,0.));
#9532=DIRECTION('',(0.,1.,0.));
#9533=DIRECTION('',(0.,0.,-1.));
#9534=DIRECTION('',(-1.,0.,0.));
#9535=DIRECTION('',(-1.,0.,0.));
#9536=DIRECTION('',(0.,1.,0.));
#9537=DIRECTION('',(-1.,0.,0.));
#9538=DIRECTION('',(0.,1.,0.));
#9539=DIRECTION('',(1.,0.,0.));
#9540=DIRECTION('',(0.,0.,-1.));
#9541=DIRECTION('',(0.,0.,-1.));
#9542=DIRECTION('',(0.,0.,-1.));
#9543=DIRECTION('',(0.,1.,0.));
#9544=DIRECTION('',(0.,0.,1.));
#9545=DIRECTION('',(1.,0.,0.));
#9546=DIRECTION('',(1.,0.,0.));
#9547=DIRECTION('',(1.,0.,0.));
#9548=DIRECTION('',(0.,1.,0.));
#9549=DIRECTION('',(0.,0.,-1.));
#9550=DIRECTION('',(-1.,0.,0.));
#9551=DIRECTION('',(-1.,0.,0.));
#9552=DIRECTION('',(0.,1.,0.));
#9553=DIRECTION('',(-1.,0.,0.));
#9554=DIRECTION('',(0.,1.,0.));
#9555=DIRECTION('',(1.,0.,0.));
#9556=DIRECTION('',(0.,0.,-1.));
#9557=DIRECTION('',(0.,0.,-1.));
#9558=DIRECTION('',(0.,0.,-1.));
#9559=DIRECTION('',(0.,1.,0.));
#9560=DIRECTION('',(0.,0.,1.));
#9561=DIRECTION('',(1.,0.,0.));
#9562=DIRECTION('',(1.,0.,0.));
#9563=DIRECTION('',(1.,0.,0.));
#9564=DIRECTION('',(0.,1.,0.));
#9565=DIRECTION('',(0.,0.,-1.));
#9566=DIRECTION('',(-1.,0.,0.));
#9567=DIRECTION('',(-1.,0.,0.));
#9568=DIRECTION('',(0.,1.,0.));
#9569=DIRECTION('',(-1.,0.,0.));
#9570=DIRECTION('',(0.,1.,0.));
#9571=DIRECTION('',(1.,0.,0.));
#9572=DIRECTION('',(0.,0.,-1.));
#9573=DIRECTION('',(0.,0.,-1.));
#9574=DIRECTION('',(0.,0.,-1.));
#9575=DIRECTION('',(0.,1.,0.));
#9576=DIRECTION('',(0.,0.,1.));
#9577=DIRECTION('',(1.,0.,0.));
#9578=DIRECTION('',(1.,0.,0.));
#9579=DIRECTION('',(1.,0.,0.));
#9580=DIRECTION('',(0.,1.,0.));
#9581=DIRECTION('',(0.,0.,-1.));
#9582=DIRECTION('',(-1.,0.,0.));
#9583=DIRECTION('',(-1.,0.,0.));
#9584=DIRECTION('',(0.,1.,0.));
#9585=DIRECTION('',(-1.,0.,0.));
#9586=DIRECTION('',(0.,1.,0.));
#9587=DIRECTION('',(1.,0.,0.));
#9588=DIRECTION('',(0.,0.,-1.));
#9589=DIRECTION('',(0.,0.,-1.));
#9590=DIRECTION('',(0.,0.,-1.));
#9591=DIRECTION('',(0.,1.,0.));
#9592=DIRECTION('',(0.,0.,1.));
#9593=DIRECTION('',(1.,0.,0.));
#9594=DIRECTION('',(1.,0.,0.));
#9595=DIRECTION('',(1.,0.,0.));
#9596=DIRECTION('',(0.,1.,0.));
#9597=DIRECTION('',(0.,0.,-1.));
#9598=DIRECTION('',(-1.,0.,0.));
#9599=DIRECTION('',(-1.,0.,0.));
#9600=DIRECTION('',(0.,1.,0.));
#9601=DIRECTION('',(-1.,0.,0.));
#9602=DIRECTION('',(0.,1.,0.));
#9603=DIRECTION('',(1.,0.,0.));
#9604=DIRECTION('',(0.,0.,-1.));
#9605=DIRECTION('',(0.,0.,-1.));
#9606=DIRECTION('',(0.,0.,-1.));
#9607=DIRECTION('',(0.,1.,0.));
#9608=DIRECTION('',(0.,0.,1.));
#9609=DIRECTION('',(1.,0.,0.));
#9610=DIRECTION('',(1.,0.,0.));
#9611=DIRECTION('',(1.,0.,0.));
#9612=DIRECTION('',(0.,1.,0.));
#9613=DIRECTION('',(0.,0.,-1.));
#9614=DIRECTION('',(-1.,0.,0.));
#9615=DIRECTION('',(-1.,0.,0.));
#9616=DIRECTION('',(0.,1.,0.));
#9617=DIRECTION('',(-1.,0.,0.));
#9618=DIRECTION('',(0.,1.,0.));
#9619=DIRECTION('',(1.,0.,0.));
#9620=DIRECTION('',(0.,0.,-1.));
#9621=DIRECTION('',(0.,0.,-1.));
#9622=DIRECTION('',(0.,0.,-1.));
#9623=DIRECTION('',(0.,1.,0.));
#9624=DIRECTION('',(0.,0.,1.));
#9625=DIRECTION('',(1.,0.,0.));
#9626=DIRECTION('',(1.,0.,0.));
#9627=DIRECTION('',(1.,0.,0.));
#9628=DIRECTION('',(0.,1.,0.));
#9629=DIRECTION('',(0.,0.,-1.));
#9630=DIRECTION('',(-1.,0.,0.));
#9631=DIRECTION('',(-1.,0.,0.));
#9632=DIRECTION('',(0.,1.,0.));
#9633=DIRECTION('',(-1.,0.,0.));
#9634=DIRECTION('',(0.,1.,0.));
#9635=DIRECTION('',(1.,0.,0.));
#9636=DIRECTION('',(0.,0.,-1.));
#9637=DIRECTION('',(0.,0.,-1.));
#9638=DIRECTION('',(0.,0.,-1.));
#9639=DIRECTION('',(0.,1.,0.));
#9640=DIRECTION('',(0.,0.,1.));
#9641=DIRECTION('',(1.,0.,0.));
#9642=DIRECTION('',(1.,0.,0.));
#9643=DIRECTION('',(1.,0.,0.));
#9644=DIRECTION('',(0.,1.,0.));
#9645=DIRECTION('',(0.,0.,-1.));
#9646=DIRECTION('',(-1.,0.,0.));
#9647=DIRECTION('',(-1.,0.,0.));
#9648=DIRECTION('',(0.,1.,0.));
#9649=DIRECTION('',(-1.,0.,0.));
#9650=DIRECTION('',(0.,1.,0.));
#9651=DIRECTION('',(1.,0.,0.));
#9652=DIRECTION('',(0.,0.,-1.));
#9653=DIRECTION('',(0.,0.,-1.));
#9654=DIRECTION('',(0.,0.,-1.));
#9655=DIRECTION('',(0.,1.,0.));
#9656=DIRECTION('',(0.,0.,1.));
#9657=DIRECTION('',(1.,0.,0.));
#9658=DIRECTION('',(1.,0.,0.));
#9659=DIRECTION('',(1.,0.,0.));
#9660=DIRECTION('',(0.,1.,0.));
#9661=DIRECTION('',(0.,0.,-1.));
#9662=DIRECTION('',(-1.,0.,0.));
#9663=DIRECTION('',(-1.,0.,0.));
#9664=DIRECTION('',(0.,1.,0.));
#9665=DIRECTION('',(-1.,0.,0.));
#9666=DIRECTION('',(0.,1.,0.));
#9667=DIRECTION('',(1.,0.,0.));
#9668=DIRECTION('',(0.,0.,-1.));
#9669=DIRECTION('',(0.,0.,-1.));
#9670=DIRECTION('',(0.,0.,-1.));
#9671=DIRECTION('',(0.,1.,0.));
#9672=DIRECTION('',(0.,0.,1.));
#9673=DIRECTION('',(1.,0.,0.));
#9674=DIRECTION('',(1.,0.,0.));
#9675=DIRECTION('',(1.,0.,0.));
#9676=DIRECTION('',(0.,1.,0.));
#9677=DIRECTION('',(0.,0.,-1.));
#9678=DIRECTION('',(-1.,0.,0.));
#9679=DIRECTION('',(-1.,0.,0.));
#9680=DIRECTION('',(0.,1.,0.));
#9681=DIRECTION('',(-1.,0.,0.));
#9682=DIRECTION('',(0.,1.,0.));
#9683=DIRECTION('',(1.,0.,0.));
#9684=DIRECTION('',(0.,0.,-1.));
#9685=DIRECTION('',(0.,0.,-1.));
#9686=DIRECTION('',(0.,0.,-1.));
#9687=DIRECTION('',(0.,1.,0.));
#9688=DIRECTION('',(0.,0.,1.));
#9689=DIRECTION('',(1.,0.,0.));
#9690=DIRECTION('',(1.,0.,0.));
#9691=DIRECTION('',(1.,0.,0.));
#9692=DIRECTION('',(0.,1.,0.));
#9693=DIRECTION('',(0.,0.,-1.));
#9694=DIRECTION('',(-1.,0.,0.));
#9695=DIRECTION('',(-1.,0.,0.));
#9696=DIRECTION('',(0.,1.,0.));
#9697=DIRECTION('',(-1.,0.,0.));
#9698=DIRECTION('',(0.,1.,0.));
#9699=DIRECTION('',(1.,0.,0.));
#9700=DIRECTION('',(0.,0.,-1.));
#9701=DIRECTION('',(0.,0.,-1.));
#9702=DIRECTION('',(0.,0.,-1.));
#9703=DIRECTION('',(0.,1.,0.));
#9704=DIRECTION('',(0.,0.,1.));
#9705=DIRECTION('',(1.,0.,0.));
#9706=DIRECTION('',(1.,0.,0.));
#9707=DIRECTION('',(1.,0.,0.));
#9708=DIRECTION('',(0.,1.,0.));
#9709=DIRECTION('',(0.,0.,-1.));
#9710=DIRECTION('',(-1.,0.,0.));
#9711=DIRECTION('',(-1.,0.,0.));
#9712=DIRECTION('',(0.,1.,0.));
#9713=DIRECTION('',(-1.,0.,0.));
#9714=DIRECTION('',(0.,1.,0.));
#9715=DIRECTION('',(1.,0.,0.));
#9716=DIRECTION('',(0.,0.,-1.));
#9717=DIRECTION('',(0.,0.,-1.));
#9718=DIRECTION('',(0.,0.,-1.));
#9719=DIRECTION('',(0.,1.,0.));
#9720=DIRECTION('',(0.,0.,1.));
#9721=DIRECTION('',(1.,0.,0.));
#9722=DIRECTION('',(1.,0.,0.));
#9723=DIRECTION('',(1.,0.,0.));
#9724=DIRECTION('',(0.,1.,0.));
#9725=DIRECTION('',(0.,0.,-1.));
#9726=DIRECTION('',(-1.,0.,0.));
#9727=DIRECTION('',(-1.,0.,0.));
#9728=DIRECTION('',(0.,1.,0.));
#9729=DIRECTION('',(-1.,0.,0.));
#9730=DIRECTION('',(0.,1.,0.));
#9731=DIRECTION('',(1.,0.,0.));
#9732=DIRECTION('',(0.,0.,-1.));
#9733=DIRECTION('',(0.,0.,-1.));
#9734=DIRECTION('',(0.,0.,-1.));
#9735=DIRECTION('',(0.,1.,0.));
#9736=DIRECTION('',(0.,0.,1.));
#9737=DIRECTION('',(1.,0.,0.));
#9738=DIRECTION('',(1.,0.,0.));
#9739=DIRECTION('',(1.,0.,0.));
#9740=DIRECTION('',(0.,1.,0.));
#9741=DIRECTION('',(0.,0.,-1.));
#9742=DIRECTION('',(-1.,0.,0.));
#9743=DIRECTION('',(-1.,0.,0.));
#9744=DIRECTION('',(0.,1.,0.));
#9745=DIRECTION('',(-1.,0.,0.));
#9746=DIRECTION('',(0.,1.,0.));
#9747=DIRECTION('',(1.,0.,0.));
#9748=DIRECTION('',(0.,0.,-1.));
#9749=DIRECTION('',(0.,0.,-1.));
#9750=DIRECTION('',(0.,0.,-1.));
#9751=DIRECTION('',(0.,1.,0.));
#9752=DIRECTION('',(0.,0.,1.));
#9753=DIRECTION('',(1.,0.,0.));
#9754=DIRECTION('',(1.,0.,0.));
#9755=DIRECTION('',(1.,0.,0.));
#9756=DIRECTION('',(0.,1.,0.));
#9757=DIRECTION('',(0.,0.,-1.));
#9758=DIRECTION('',(-1.,0.,0.));
#9759=DIRECTION('',(-1.,0.,0.));
#9760=DIRECTION('',(0.,1.,0.));
#9761=DIRECTION('',(-1.,0.,0.));
#9762=DIRECTION('',(0.,1.,0.));
#9763=DIRECTION('',(1.,0.,0.));
#9764=DIRECTION('',(0.,0.,-1.));
#9765=DIRECTION('',(0.,0.,-1.));
#9766=DIRECTION('',(0.,0.,-1.));
#9767=DIRECTION('',(0.,1.,0.));
#9768=DIRECTION('',(0.,0.,1.));
#9769=DIRECTION('',(1.,0.,0.));
#9770=DIRECTION('',(1.,0.,0.));
#9771=DIRECTION('',(1.,0.,0.));
#9772=DIRECTION('',(0.,1.,0.));
#9773=DIRECTION('',(0.,0.,-1.));
#9774=DIRECTION('',(-1.,0.,0.));
#9775=DIRECTION('',(-1.,0.,0.));
#9776=DIRECTION('',(0.,1.,0.));
#9777=DIRECTION('',(-1.,0.,0.));
#9778=DIRECTION('',(0.,1.,0.));
#9779=DIRECTION('',(1.,0.,0.));
#9780=DIRECTION('',(0.,0.,-1.));
#9781=DIRECTION('',(0.,0.,-1.));
#9782=DIRECTION('',(0.,0.,-1.));
#9783=DIRECTION('',(0.,1.,0.));
#9784=DIRECTION('',(0.,0.,1.));
#9785=DIRECTION('',(1.,0.,0.));
#9786=DIRECTION('',(1.,0.,0.));
#9787=DIRECTION('',(1.,0.,0.));
#9788=DIRECTION('',(0.,1.,0.));
#9789=DIRECTION('',(0.,0.,-1.));
#9790=DIRECTION('',(-1.,0.,0.));
#9791=DIRECTION('',(-1.,0.,0.));
#9792=DIRECTION('',(0.,1.,0.));
#9793=DIRECTION('',(-1.,0.,0.));
#9794=DIRECTION('',(0.,1.,0.));
#9795=DIRECTION('',(1.,0.,0.));
#9796=DIRECTION('',(0.,0.,-1.));
#9797=DIRECTION('',(0.,0.,-1.));
#9798=DIRECTION('',(0.,0.,-1.));
#9799=DIRECTION('',(0.,1.,0.));
#9800=DIRECTION('',(0.,0.,1.));
#9801=DIRECTION('',(1.,0.,0.));
#9802=DIRECTION('',(1.,0.,0.));
#9803=DIRECTION('',(1.,0.,0.));
#9804=DIRECTION('',(0.,1.,0.));
#9805=DIRECTION('',(0.,0.,-1.));
#9806=DIRECTION('',(-1.,0.,0.));
#9807=DIRECTION('',(-1.,0.,0.));
#9808=DIRECTION('',(0.,1.,0.));
#9809=DIRECTION('',(-1.,0.,0.));
#9810=DIRECTION('',(0.,1.,0.));
#9811=DIRECTION('',(1.,0.,0.));
#9812=DIRECTION('',(0.,0.,-1.));
#9813=DIRECTION('',(0.,0.,-1.));
#9814=DIRECTION('',(0.,0.,-1.));
#9815=DIRECTION('',(0.,1.,0.));
#9816=DIRECTION('',(0.,0.,1.));
#9817=DIRECTION('',(1.,0.,0.));
#9818=DIRECTION('',(1.,0.,0.));
#9819=DIRECTION('',(1.,0.,0.));
#9820=DIRECTION('',(0.,1.,0.));
#9821=DIRECTION('',(0.,0.,-1.));
#9822=DIRECTION('',(-1.,0.,0.));
#9823=DIRECTION('',(-1.,0.,0.));
#9824=DIRECTION('',(0.,1.,0.));
#9825=DIRECTION('',(-1.,0.,0.));
#9826=DIRECTION('',(0.,1.,0.));
#9827=DIRECTION('',(1.,0.,0.));
#9828=DIRECTION('',(0.,0.,-1.));
#9829=DIRECTION('',(0.,0.,-1.));
#9830=DIRECTION('',(0.,0.,-1.));
#9831=DIRECTION('',(0.,1.,0.));
#9832=DIRECTION('',(0.,0.,1.));
#9833=DIRECTION('',(1.,0.,0.));
#9834=DIRECTION('',(1.,0.,0.));
#9835=DIRECTION('',(1.,0.,0.));
#9836=DIRECTION('',(0.,1.,0.));
#9837=DIRECTION('',(0.,0.,-1.));
#9838=DIRECTION('',(-1.,0.,0.));
#9839=DIRECTION('',(-1.,0.,0.));
#9840=DIRECTION('',(0.,1.,0.));
#9841=DIRECTION('',(-1.,0.,0.));
#9842=DIRECTION('',(0.,1.,0.));
#9843=DIRECTION('',(1.,0.,0.));
#9844=DIRECTION('',(0.,0.,-1.));
#9845=DIRECTION('',(0.,0.,-1.));
#9846=DIRECTION('',(0.,0.,-1.));
#9847=DIRECTION('',(0.,1.,0.));
#9848=DIRECTION('',(0.,0.,1.));
#9849=DIRECTION('',(1.,0.,0.));
#9850=DIRECTION('',(1.,0.,0.));
#9851=DIRECTION('',(1.,0.,0.));
#9852=DIRECTION('',(0.,1.,0.));
#9853=DIRECTION('',(0.,0.,-1.));
#9854=DIRECTION('',(-1.,0.,0.));
#9855=DIRECTION('',(-1.,0.,0.));
#9856=DIRECTION('',(0.,1.,0.));
#9857=DIRECTION('',(-1.,0.,0.));
#9858=DIRECTION('',(0.,1.,0.));
#9859=DIRECTION('',(1.,0.,0.));
#9860=DIRECTION('',(0.,0.,-1.));
#9861=DIRECTION('',(0.,0.,-1.));
#9862=DIRECTION('',(0.,0.,-1.));
#9863=DIRECTION('',(0.,1.,0.));
#9864=DIRECTION('',(0.,0.,1.));
#9865=DIRECTION('',(1.,0.,0.));
#9866=DIRECTION('',(1.,0.,0.));
#9867=DIRECTION('',(1.,0.,0.));
#9868=DIRECTION('',(0.,1.,0.));
#9869=DIRECTION('',(0.,0.,-1.));
#9870=DIRECTION('',(-1.,0.,0.));
#9871=DIRECTION('',(-1.,0.,0.));
#9872=DIRECTION('',(0.,1.,0.));
#9873=DIRECTION('',(-1.,0.,0.));
#9874=DIRECTION('',(0.,1.,0.));
#9875=DIRECTION('',(1.,0.,0.));
#9876=DIRECTION('',(0.,0.,-1.));
#9877=DIRECTION('',(0.,0.,-1.));
#9878=DIRECTION('',(0.,0.,-1.));
#9879=DIRECTION('',(0.,1.,0.));
#9880=DIRECTION('',(0.,0.,1.));
#9881=DIRECTION('',(1.,0.,0.));
#9882=DIRECTION('',(1.,0.,0.));
#9883=DIRECTION('',(1.,0.,0.));
#9884=DIRECTION('',(0.,1.,0.));
#9885=DIRECTION('',(0.,0.,-1.));
#9886=DIRECTION('',(-1.,0.,0.));
#9887=DIRECTION('',(-1.,0.,0.));
#9888=DIRECTION('',(0.,1.,0.));
#9889=DIRECTION('',(-1.,0.,0.));
#9890=DIRECTION('',(0.,1.,0.));
#9891=DIRECTION('',(1.,0.,0.));
#9892=DIRECTION('',(0.,0.,-1.));
#9893=DIRECTION('',(0.,0.,-1.));
#9894=DIRECTION('',(0.,0.,-1.));
#9895=DIRECTION('',(0.,1.,0.));
#9896=DIRECTION('',(0.,0.,1.));
#9897=DIRECTION('',(1.,0.,0.));
#9898=DIRECTION('',(1.,0.,0.));
#9899=DIRECTION('',(1.,0.,0.));
#9900=DIRECTION('',(0.,1.,0.));
#9901=DIRECTION('',(0.,0.,-1.));
#9902=DIRECTION('',(-1.,0.,0.));
#9903=DIRECTION('',(-1.,0.,0.));
#9904=DIRECTION('',(0.,1.,0.));
#9905=DIRECTION('',(-1.,0.,0.));
#9906=DIRECTION('',(0.,1.,0.));
#9907=DIRECTION('',(1.,0.,0.));
#9908=DIRECTION('',(0.,0.,-1.));
#9909=DIRECTION('',(0.,0.,-1.));
#9910=DIRECTION('',(0.,0.,-1.));
#9911=DIRECTION('',(0.,1.,0.));
#9912=DIRECTION('',(0.,0.,1.));
#9913=DIRECTION('',(1.,0.,0.));
#9914=DIRECTION('',(1.,0.,0.));
#9915=DIRECTION('',(1.,0.,0.));
#9916=DIRECTION('',(0.,1.,0.));
#9917=DIRECTION('',(0.,0.,-1.));
#9918=DIRECTION('',(-1.,0.,0.));
#9919=DIRECTION('',(-1.,0.,0.));
#9920=DIRECTION('',(0.,1.,0.));
#9921=DIRECTION('',(-1.,0.,0.));
#9922=DIRECTION('',(0.,1.,0.));
#9923=DIRECTION('',(1.,0.,0.));
#9924=DIRECTION('',(0.,0.,-1.));
#9925=DIRECTION('',(0.,0.,-1.));
#9926=DIRECTION('',(0.,0.,-1.));
#9927=DIRECTION('',(0.,1.,0.));
#9928=DIRECTION('',(0.,0.,1.));
#9929=DIRECTION('',(1.,0.,0.));
#9930=DIRECTION('',(1.,0.,0.));
#9931=DIRECTION('',(1.,0.,0.));
#9932=DIRECTION('',(0.,1.,0.));
#9933=DIRECTION('',(0.,0.,-1.));
#9934=DIRECTION('',(-1.,0.,0.));
#9935=DIRECTION('',(-1.,0.,0.));
#9936=DIRECTION('',(0.,1.,0.));
#9937=DIRECTION('',(-1.,0.,0.));
#9938=DIRECTION('',(0.,1.,0.));
#9939=DIRECTION('',(1.,0.,0.));
#9940=DIRECTION('',(0.,0.,-1.));
#9941=DIRECTION('',(0.,0.,-1.));
#9942=DIRECTION('',(0.,0.,-1.));
#9943=DIRECTION('',(0.,1.,0.));
#9944=DIRECTION('',(0.,0.,1.));
#9945=DIRECTION('',(1.,0.,0.));
#9946=DIRECTION('',(1.,0.,0.));
#9947=DIRECTION('',(1.,0.,0.));
#9948=DIRECTION('',(0.,1.,0.));
#9949=DIRECTION('',(0.,0.,-1.));
#9950=DIRECTION('',(-1.,0.,0.));
#9951=DIRECTION('',(-1.,0.,0.));
#9952=DIRECTION('',(0.,1.,0.));
#9953=DIRECTION('',(-1.,0.,0.));
#9954=DIRECTION('',(0.,1.,0.));
#9955=DIRECTION('',(1.,0.,0.));
#9956=DIRECTION('',(0.,0.,-1.));
#9957=DIRECTION('',(0.,0.,-1.));
#9958=DIRECTION('',(0.,0.,-1.));
#9959=DIRECTION('',(0.,1.,0.));
#9960=DIRECTION('',(0.,0.,1.));
#9961=DIRECTION('',(1.,0.,0.));
#9962=DIRECTION('',(1.,0.,0.));
#9963=DIRECTION('',(1.,0.,0.));
#9964=DIRECTION('',(0.,1.,0.));
#9965=DIRECTION('',(0.,0.,-1.));
#9966=DIRECTION('',(-1.,0.,0.));
#9967=DIRECTION('',(-1.,0.,0.));
#9968=DIRECTION('',(0.,1.,0.));
#9969=DIRECTION('',(-1.,0.,0.));
#9970=DIRECTION('',(0.,1.,0.));
#9971=DIRECTION('',(1.,0.,0.));
#9972=DIRECTION('',(0.,0.,-1.));
#9973=DIRECTION('',(0.,0.,-1.));
#9974=DIRECTION('',(0.,0.,-1.));
#9975=DIRECTION('',(0.,1.,0.));
#9976=DIRECTION('',(0.,0.,1.));
#9977=DIRECTION('',(1.,0.,0.));
#9978=DIRECTION('',(1.,0.,0.));
#9979=DIRECTION('',(1.,0.,0.));
#9980=DIRECTION('',(0.,1.,0.));
#9981=DIRECTION('',(0.,0.,-1.));
#9982=DIRECTION('',(-1.,0.,0.));
#9983=DIRECTION('',(-1.,0.,0.));
#9984=DIRECTION('',(0.,1.,0.));
#9985=DIRECTION('',(-1.,0.,0.));
#9986=DIRECTION('',(0.,1.,0.));
#9987=DIRECTION('',(1.,0.,0.));
#9988=DIRECTION('',(0.,0.,-1.));
#9989=DIRECTION('',(0.,0.,-1.));
#9990=DIRECTION('',(0.,0.,-1.));
#9991=DIRECTION('',(0.,1.,0.));
#9992=DIRECTION('',(0.,0.,1.));
#9993=DIRECTION('',(1.,0.,0.));
#9994=DIRECTION('',(1.,0.,0.));
#9995=DIRECTION('',(1.,0.,0.));
#9996=DIRECTION('',(0.,1.,0.));
#9997=DIRECTION('',(0.,0.,-1.));
#9998=DIRECTION('',(-1.,0.,0.));
#9999=DIRECTION('',(-1.,0.,0.));
#10000=DIRECTION('',(0.,1.,0.));
#10001=DIRECTION('',(-1.,0.,0.));
#10002=DIRECTION('',(0.,1.,0.));
#10003=DIRECTION('',(1.,0.,0.));
#10004=DIRECTION('',(0.,0.,-1.));
#10005=DIRECTION('',(0.,0.,-1.));
#10006=DIRECTION('',(0.,0.,-1.));
#10007=DIRECTION('',(0.,1.,0.));
#10008=DIRECTION('',(0.,0.,1.));
#10009=DIRECTION('',(1.,0.,0.));
#10010=DIRECTION('',(1.,0.,0.));
#10011=DIRECTION('',(1.,0.,0.));
#10012=DIRECTION('',(0.,1.,0.));
#10013=DIRECTION('',(0.,0.,-1.));
#10014=DIRECTION('',(-1.,0.,0.));
#10015=DIRECTION('',(-1.,0.,0.));
#10016=DIRECTION('',(0.,1.,0.));
#10017=DIRECTION('',(-1.,0.,0.));
#10018=DIRECTION('',(0.,1.,0.));
#10019=DIRECTION('',(1.,0.,0.));
#10020=DIRECTION('',(0.,0.,-1.));
#10021=DIRECTION('',(0.,0.,-1.));
#10022=DIRECTION('',(0.,0.,-1.));
#10023=DIRECTION('',(0.,1.,0.));
#10024=DIRECTION('',(0.,0.,1.));
#10025=DIRECTION('',(1.,0.,0.));
#10026=DIRECTION('',(1.,0.,0.));
#10027=DIRECTION('',(1.,0.,0.));
#10028=DIRECTION('',(0.,1.,0.));
#10029=DIRECTION('',(0.,0.,-1.));
#10030=DIRECTION('',(-1.,0.,0.));
#10031=DIRECTION('',(-1.,0.,0.));
#10032=DIRECTION('',(0.,1.,0.));
#10033=DIRECTION('',(-1.,0.,0.));
#10034=DIRECTION('',(0.,1.,0.));
#10035=DIRECTION('',(1.,0.,0.));
#10036=DIRECTION('',(0.,0.,-1.));
#10037=DIRECTION('',(0.,0.,-1.));
#10038=DIRECTION('',(0.,0.,-1.));
#10039=DIRECTION('',(0.,1.,0.));
#10040=DIRECTION('',(0.,0.,1.));
#10041=DIRECTION('',(1.,0.,0.));
#10042=DIRECTION('',(1.,0.,0.));
#10043=DIRECTION('',(1.,0.,0.));
#10044=DIRECTION('',(0.,1.,0.));
#10045=DIRECTION('',(0.,0.,-1.));
#10046=DIRECTION('',(-1.,0.,0.));
#10047=DIRECTION('',(-1.,0.,0.));
#10048=DIRECTION('',(0.,1.,0.));
#10049=DIRECTION('',(-1.,0.,0.));
#10050=DIRECTION('',(0.,1.,0.));
#10051=DIRECTION('',(1.,0.,0.));
#10052=DIRECTION('',(0.,0.,-1.));
#10053=DIRECTION('',(0.,0.,-1.));
#10054=DIRECTION('',(0.,0.,-1.));
#10055=DIRECTION('',(0.,1.,0.));
#10056=DIRECTION('',(0.,0.,1.));
#10057=DIRECTION('',(1.,0.,0.));
#10058=DIRECTION('',(1.,0.,0.));
#10059=DIRECTION('',(1.,0.,0.));
#10060=DIRECTION('',(0.,1.,0.));
#10061=DIRECTION('',(0.,0.,-1.));
#10062=DIRECTION('',(-1.,0.,0.));
#10063=DIRECTION('',(-1.,0.,0.));
#10064=DIRECTION('',(0.,1.,0.));
#10065=DIRECTION('',(-1.,0.,0.));
#10066=DIRECTION('',(0.,1.,0.));
#10067=DIRECTION('',(1.,0.,0.));
#10068=DIRECTION('',(0.,0.,-1.));
#10069=DIRECTION('',(0.,0.,-1.));
#10070=DIRECTION('',(0.,0.,-1.));
#10071=DIRECTION('',(0.,1.,0.));
#10072=DIRECTION('',(0.,0.,1.));
#10073=DIRECTION('',(1.,0.,0.));
#10074=DIRECTION('',(1.,0.,0.));
#10075=DIRECTION('',(1.,0.,0.));
#10076=DIRECTION('',(0.,1.,0.));
#10077=DIRECTION('',(0.,0.,-1.));
#10078=DIRECTION('',(-1.,0.,0.));
#10079=DIRECTION('',(-1.,0.,0.));
#10080=DIRECTION('',(0.,1.,0.));
#10081=DIRECTION('',(-1.,0.,0.));
#10082=DIRECTION('',(0.,1.,0.));
#10083=DIRECTION('',(1.,0.,0.));
#10084=DIRECTION('',(0.,0.,-1.));
#10085=DIRECTION('',(0.,0.,-1.));
#10086=DIRECTION('',(0.,0.,-1.));
#10087=DIRECTION('',(0.,1.,0.));
#10088=DIRECTION('',(0.,0.,1.));
#10089=DIRECTION('',(1.,0.,0.));
#10090=DIRECTION('',(1.,0.,0.));
#10091=DIRECTION('',(1.,0.,0.));
#10092=DIRECTION('',(0.,1.,0.));
#10093=DIRECTION('',(0.,0.,-1.));
#10094=DIRECTION('',(-1.,0.,0.));
#10095=DIRECTION('',(-1.,0.,0.));
#10096=DIRECTION('',(0.,1.,0.));
#10097=DIRECTION('',(1.,0.,0.));
#10098=DIRECTION('',(0.,0.,-1.));
#10099=DIRECTION('',(0.,0.,-1.));
#10100=DIRECTION('',(0.,1.,0.));
#10101=DIRECTION('',(0.,0.,1.));
#10102=DIRECTION('',(1.,0.,0.));
#10103=DIRECTION('',(1.,0.,0.));
#10104=DIRECTION('',(0.,0.,-1.));
#10105=DIRECTION('',(-1.,0.,0.));
#10106=DIRECTION('',(-1.,0.,0.));
#10107=DIRECTION('',(0.,1.,0.));
#10108=DIRECTION('',(1.,0.,0.));
#10109=DIRECTION('',(0.,0.,-1.));
#10110=DIRECTION('',(0.,0.,-1.));
#10111=DIRECTION('',(0.,1.,0.));
#10112=DIRECTION('',(0.,0.,1.));
#10113=DIRECTION('',(1.,0.,0.));
#10114=DIRECTION('',(1.,0.,0.));
#10115=DIRECTION('',(-1.,0.,0.));
#10116=DIRECTION('',(0.,0.,1.));
#10117=DIRECTION('',(0.,0.,1.));
#10118=DIRECTION('',(-1.,0.,0.));
#10119=DIRECTION('',(0.,0.,1.));
#10120=DIRECTION('',(0.,0.,1.));
#10121=DIRECTION('',(-1.,0.,0.));
#10122=DIRECTION('',(0.,0.,1.));
#10123=DIRECTION('',(0.,0.,1.));
#10124=DIRECTION('',(0.,0.,1.));
#10125=DIRECTION('',(-1.,0.,0.));
#10126=DIRECTION('',(0.,0.,1.));
#10127=DIRECTION('',(0.,0.,1.));
#10128=DIRECTION('',(0.,0.,1.));
#10129=DIRECTION('',(-1.,0.,0.));
#10130=DIRECTION('',(0.,0.,1.));
#10131=DIRECTION('',(0.,0.,1.));
#10132=DIRECTION('',(0.,0.,1.));
#10133=DIRECTION('',(-1.,0.,0.));
#10134=DIRECTION('',(0.,0.,1.));
#10135=DIRECTION('',(0.,0.,1.));
#10136=DIRECTION('',(0.,0.,1.));
#10137=DIRECTION('',(-1.,0.,0.));
#10138=DIRECTION('',(0.,0.,1.));
#10139=DIRECTION('',(0.,0.,1.));
#10140=DIRECTION('',(0.,0.,1.));
#10141=DIRECTION('',(-1.,0.,0.));
#10142=DIRECTION('',(0.,0.,1.));
#10143=DIRECTION('',(0.,0.,1.));
#10144=DIRECTION('',(0.,0.,1.));
#10145=DIRECTION('',(-1.,0.,0.));
#10146=DIRECTION('',(0.,0.,1.));
#10147=DIRECTION('',(0.,0.,1.));
#10148=DIRECTION('',(0.,0.,1.));
#10149=DIRECTION('',(-1.,0.,0.));
#10150=DIRECTION('',(0.,0.,1.));
#10151=DIRECTION('',(0.,0.,1.));
#10152=DIRECTION('',(0.,0.,1.));
#10153=DIRECTION('',(-1.,0.,0.));
#10154=DIRECTION('',(0.,0.,1.));
#10155=DIRECTION('',(0.,0.,1.));
#10156=DIRECTION('',(0.,0.,1.));
#10157=DIRECTION('',(-1.,0.,0.));
#10158=DIRECTION('',(0.,0.,1.));
#10159=DIRECTION('',(0.,0.,1.));
#10160=DIRECTION('',(0.,0.,1.));
#10161=DIRECTION('',(-1.,0.,0.));
#10162=DIRECTION('',(0.,0.,1.));
#10163=DIRECTION('',(0.,0.,1.));
#10164=DIRECTION('',(0.,0.,1.));
#10165=DIRECTION('',(-1.,0.,0.));
#10166=DIRECTION('',(0.,0.,1.));
#10167=DIRECTION('',(0.,0.,1.));
#10168=DIRECTION('',(0.,0.,1.));
#10169=DIRECTION('',(-1.,0.,0.));
#10170=DIRECTION('',(0.,0.,1.));
#10171=DIRECTION('',(0.,0.,1.));
#10172=DIRECTION('',(0.,0.,1.));
#10173=DIRECTION('',(-1.,0.,0.));
#10174=DIRECTION('',(0.,0.,1.));
#10175=DIRECTION('',(0.,0.,1.));
#10176=DIRECTION('',(0.,0.,1.));
#10177=DIRECTION('',(-1.,0.,0.));
#10178=DIRECTION('',(0.,0.,1.));
#10179=DIRECTION('',(0.,0.,1.));
#10180=DIRECTION('',(0.,0.,1.));
#10181=DIRECTION('',(-1.,0.,0.));
#10182=DIRECTION('',(0.,0.,1.));
#10183=DIRECTION('',(0.,0.,1.));
#10184=DIRECTION('',(0.,0.,1.));
#10185=DIRECTION('',(-1.,0.,0.));
#10186=DIRECTION('',(0.,0.,1.));
#10187=DIRECTION('',(0.,0.,1.));
#10188=DIRECTION('',(0.,0.,1.));
#10189=DIRECTION('',(-1.,0.,0.));
#10190=DIRECTION('',(0.,0.,1.));
#10191=DIRECTION('',(0.,0.,1.));
#10192=DIRECTION('',(0.,0.,1.));
#10193=DIRECTION('',(-1.,0.,0.));
#10194=DIRECTION('',(0.,0.,1.));
#10195=DIRECTION('',(0.,0.,1.));
#10196=DIRECTION('',(0.,0.,1.));
#10197=DIRECTION('',(-1.,0.,0.));
#10198=DIRECTION('',(0.,0.,1.));
#10199=DIRECTION('',(0.,0.,1.));
#10200=DIRECTION('',(0.,0.,1.));
#10201=DIRECTION('',(-1.,0.,0.));
#10202=DIRECTION('',(0.,0.,1.));
#10203=DIRECTION('',(0.,0.,1.));
#10204=DIRECTION('',(0.,0.,1.));
#10205=DIRECTION('',(-1.,0.,0.));
#10206=DIRECTION('',(0.,0.,1.));
#10207=DIRECTION('',(0.,0.,1.));
#10208=DIRECTION('',(0.,0.,1.));
#10209=DIRECTION('',(-1.,0.,0.));
#10210=DIRECTION('',(0.,0.,1.));
#10211=DIRECTION('',(0.,0.,1.));
#10212=DIRECTION('',(0.,0.,1.));
#10213=DIRECTION('',(-1.,0.,0.));
#10214=DIRECTION('',(0.,0.,1.));
#10215=DIRECTION('',(0.,0.,1.));
#10216=DIRECTION('',(0.,0.,1.));
#10217=DIRECTION('',(-1.,0.,0.));
#10218=DIRECTION('',(0.,0.,1.));
#10219=DIRECTION('',(0.,0.,1.));
#10220=DIRECTION('',(0.,0.,1.));
#10221=DIRECTION('',(-1.,0.,0.));
#10222=DIRECTION('',(0.,0.,1.));
#10223=DIRECTION('',(0.,0.,1.));
#10224=DIRECTION('',(0.,0.,1.));
#10225=DIRECTION('',(-1.,0.,0.));
#10226=DIRECTION('',(0.,0.,1.));
#10227=DIRECTION('',(0.,0.,1.));
#10228=DIRECTION('',(0.,0.,1.));
#10229=DIRECTION('',(-1.,0.,0.));
#10230=DIRECTION('',(0.,0.,1.));
#10231=DIRECTION('',(0.,0.,1.));
#10232=DIRECTION('',(0.,0.,1.));
#10233=DIRECTION('',(-1.,0.,0.));
#10234=DIRECTION('',(0.,0.,1.));
#10235=DIRECTION('',(0.,0.,1.));
#10236=DIRECTION('',(0.,0.,1.));
#10237=DIRECTION('',(-1.,0.,0.));
#10238=DIRECTION('',(0.,0.,1.));
#10239=DIRECTION('',(0.,0.,1.));
#10240=DIRECTION('',(0.,0.,1.));
#10241=DIRECTION('',(-1.,0.,0.));
#10242=DIRECTION('',(0.,0.,1.));
#10243=DIRECTION('',(0.,0.,1.));
#10244=DIRECTION('',(0.,0.,1.));
#10245=DIRECTION('',(-1.,0.,0.));
#10246=DIRECTION('',(0.,0.,1.));
#10247=DIRECTION('',(0.,0.,1.));
#10248=DIRECTION('',(0.,0.,1.));
#10249=DIRECTION('',(-1.,0.,0.));
#10250=DIRECTION('',(0.,0.,1.));
#10251=DIRECTION('',(0.,0.,1.));
#10252=DIRECTION('',(0.,0.,1.));
#10253=DIRECTION('',(-1.,0.,0.));
#10254=DIRECTION('',(0.,0.,1.));
#10255=DIRECTION('',(0.,0.,1.));
#10256=DIRECTION('',(0.,0.,1.));
#10257=DIRECTION('',(-1.,0.,0.));
#10258=DIRECTION('',(0.,0.,1.));
#10259=DIRECTION('',(0.,0.,1.));
#10260=DIRECTION('',(0.,0.,1.));
#10261=DIRECTION('',(-1.,0.,0.));
#10262=DIRECTION('',(0.,0.,1.));
#10263=DIRECTION('',(0.,0.,1.));
#10264=DIRECTION('',(0.,0.,1.));
#10265=DIRECTION('',(0.,1.,0.));
#10266=DIRECTION('',(0.,0.,1.));
#10267=DIRECTION('',(0.,1.,0.));
#10268=DIRECTION('',(0.,0.,1.));
#10269=DIRECTION('',(0.,1.,0.));
#10270=DIRECTION('',(0.,0.,1.));
#10271=DIRECTION('',(0.,1.,0.));
#10272=DIRECTION('',(0.,0.,1.));
#10273=DIRECTION('',(0.,1.,0.));
#10274=DIRECTION('',(0.,0.,1.));
#10275=DIRECTION('',(0.,1.,0.));
#10276=DIRECTION('',(0.,0.,1.));
#10277=DIRECTION('',(0.,1.,0.));
#10278=DIRECTION('',(0.,0.,1.));
#10279=DIRECTION('',(0.,1.,0.));
#10280=DIRECTION('',(0.,0.,1.));
#10281=DIRECTION('',(0.,1.,0.));
#10282=DIRECTION('',(0.,0.,1.));
#10283=DIRECTION('',(0.,1.,0.));
#10284=DIRECTION('',(0.,0.,1.));
#10285=DIRECTION('',(0.,1.,0.));
#10286=DIRECTION('',(0.,0.,1.));
#10287=DIRECTION('',(0.,1.,0.));
#10288=DIRECTION('',(0.,0.,1.));
#10289=DIRECTION('',(0.,1.,0.));
#10290=DIRECTION('',(0.,0.,1.));
#10291=DIRECTION('',(0.,1.,0.));
#10292=DIRECTION('',(0.,0.,1.));
#10293=DIRECTION('',(0.,1.,0.));
#10294=DIRECTION('',(0.,0.,1.));
#10295=DIRECTION('',(0.,1.,0.));
#10296=DIRECTION('',(0.,0.,1.));
#10297=DIRECTION('',(0.,1.,0.));
#10298=DIRECTION('',(0.,0.,1.));
#10299=DIRECTION('',(0.,1.,0.));
#10300=DIRECTION('',(0.,0.,1.));
#10301=DIRECTION('',(0.,1.,0.));
#10302=DIRECTION('',(0.,0.,1.));
#10303=DIRECTION('',(0.,1.,0.));
#10304=DIRECTION('',(0.,0.,1.));
#10305=DIRECTION('',(0.,1.,0.));
#10306=DIRECTION('',(0.,0.,1.));
#10307=DIRECTION('',(0.,1.,0.));
#10308=DIRECTION('',(0.,0.,1.));
#10309=DIRECTION('',(0.,1.,0.));
#10310=DIRECTION('',(0.,0.,1.));
#10311=DIRECTION('',(0.,1.,0.));
#10312=DIRECTION('',(0.,0.,1.));
#10313=DIRECTION('',(0.,1.,0.));
#10314=DIRECTION('',(0.,0.,1.));
#10315=DIRECTION('',(0.,1.,0.));
#10316=DIRECTION('',(0.,0.,1.));
#10317=DIRECTION('',(0.,1.,0.));
#10318=DIRECTION('',(0.,0.,1.));
#10319=DIRECTION('',(0.,1.,0.));
#10320=DIRECTION('',(0.,0.,1.));
#10321=DIRECTION('',(0.,1.,0.));
#10322=DIRECTION('',(0.,0.,1.));
#10323=DIRECTION('',(0.,1.,0.));
#10324=DIRECTION('',(0.,0.,1.));
#10325=DIRECTION('',(0.,1.,0.));
#10326=DIRECTION('',(0.,0.,1.));
#10327=DIRECTION('',(0.,1.,0.));
#10328=DIRECTION('',(0.,0.,1.));
#10329=DIRECTION('',(0.,1.,0.));
#10330=DIRECTION('',(0.,0.,1.));
#10331=DIRECTION('',(0.,1.,0.));
#10332=DIRECTION('',(0.,0.,1.));
#10333=DIRECTION('',(0.,1.,0.));
#10334=DIRECTION('',(0.,0.,1.));
#10335=DIRECTION('',(0.,1.,0.));
#10336=DIRECTION('',(0.,0.,1.));
#10337=DIRECTION('',(0.,1.,0.));
#10338=DIRECTION('',(0.,0.,1.));
#10339=DIRECTION('',(0.,0.,1.));
#10340=DIRECTION('',(1.,0.,0.));
#10341=CARTESIAN_POINT('',(0.,0.,0.));
#10342=CARTESIAN_POINT('',(0.,0.,0.));
#10343=CARTESIAN_POINT('',(0.5375,0.,0.));
#10344=CARTESIAN_POINT('',(0.5375,0.,0.025));
#10345=CARTESIAN_POINT('',(0.5375,0.,-0.025));
#10346=CARTESIAN_POINT('',(0.5075,0.,0.025));
#10347=CARTESIAN_POINT('',(0.5075,0.,0.025));
#10348=CARTESIAN_POINT('',(0.5075,0.,0.06));
#10349=CARTESIAN_POINT('',(0.5075,0.,0.06));
#10350=CARTESIAN_POINT('',(-0.5625,0.,0.06));
#10351=CARTESIAN_POINT('',(0.5,0.,0.06));
#10352=CARTESIAN_POINT('',(0.5,0.,0.));
#10353=CARTESIAN_POINT('',(0.5,0.,-0.06));
#10354=CARTESIAN_POINT('',(0.5625,0.,-0.06));
#10355=CARTESIAN_POINT('',(0.5075,0.,-0.06));
#10356=CARTESIAN_POINT('',(0.5075,0.,-0.025));
#10357=CARTESIAN_POINT('',(0.5075,0.,-0.025));
#10358=CARTESIAN_POINT('',(0.5425,0.,-0.025));
#10359=CARTESIAN_POINT('',(0.,0.,0.));
#10360=CARTESIAN_POINT('',(0.5375,0.,0.));
#10361=CARTESIAN_POINT('',(0.5625,0.,1.70740499604016E-17));
#10362=CARTESIAN_POINT('',(0.5425,0.,-0.025));
#10363=CARTESIAN_POINT('',(0.5425,0.,-0.025));
#10364=CARTESIAN_POINT('',(0.5425,0.,-0.00499999999999992));
#10365=CARTESIAN_POINT('',(0.5625,0.,-0.00499999999999999));
#10366=CARTESIAN_POINT('',(0.5625,0.,0.06));
#10367=CARTESIAN_POINT('',(0.,0.,0.));
#10368=CARTESIAN_POINT('',(-0.5375,0.,0.));
#10369=CARTESIAN_POINT('',(-0.5375,0.,0.025));
#10370=CARTESIAN_POINT('',(-0.5625,0.,-1.70740499604016E-17));
#10371=CARTESIAN_POINT('',(-0.5425,0.,0.025));
#10372=CARTESIAN_POINT('',(-0.5425,0.,0.025));
#10373=CARTESIAN_POINT('',(-0.5425,0.,0.00499999999999992));
#10374=CARTESIAN_POINT('',(-0.5625,0.,0.00499999999999992));
#10375=CARTESIAN_POINT('',(-0.5625,0.,-0.06));
#10376=CARTESIAN_POINT('',(0.,0.,0.));
#10377=CARTESIAN_POINT('',(-0.5375,0.,0.));
#10378=CARTESIAN_POINT('',(-0.5375,0.,-0.025));
#10379=CARTESIAN_POINT('',(-0.5625,0.,-0.06));
#10380=CARTESIAN_POINT('',(-0.5625,0.,-0.00499999999999999));
#10381=CARTESIAN_POINT('',(-0.5425,0.,-0.00499999999999992));
#10382=CARTESIAN_POINT('',(-0.5425,0.,-0.025));
#10383=CARTESIAN_POINT('',(-0.5075,0.,-0.025));
#10384=CARTESIAN_POINT('',(0.5625,0.18,-0.06));
#10385=CARTESIAN_POINT('',(-0.5,0.18,-0.06));
#10386=CARTESIAN_POINT('',(-0.5,2.13425624505021E-18,-0.0599999999999999));
#10387=CARTESIAN_POINT('',(-0.5,0.015,-0.0599999999999999));
#10388=CARTESIAN_POINT('',(0.5625,0.,-0.06));
#10389=CARTESIAN_POINT('',(-0.5075,0.,-0.06));
#10390=CARTESIAN_POINT('',(-0.5075,0.,-0.06));
#10391=CARTESIAN_POINT('',(-0.5075,0.18,-0.06));
#10392=CARTESIAN_POINT('',(0.5625,0.18,-0.06));
#10393=CARTESIAN_POINT('',(-0.4875,0.18,-0.06));
#10394=CARTESIAN_POINT('',(-0.4875,0.18,-0.06));
#10395=CARTESIAN_POINT('',(-0.4875,0.115,-0.06));
#10396=CARTESIAN_POINT('',(-0.4275,0.115,-0.06));
#10397=CARTESIAN_POINT('',(-0.4275,0.115,-0.06));
#10398=CARTESIAN_POINT('',(-0.4275,0.18,-0.06));
#10399=CARTESIAN_POINT('',(-0.4275,0.18,-0.06));
#10400=CARTESIAN_POINT('',(0.5625,0.18,-0.06));
#10401=CARTESIAN_POINT('',(0.5075,0.18,-0.06));
#10402=CARTESIAN_POINT('',(0.5075,0.,-0.06));
#10403=CARTESIAN_POINT('',(0.5,0.18,-0.06));
#10404=CARTESIAN_POINT('',(0.5,0.015,-0.0599999999999999));
#10405=CARTESIAN_POINT('',(0.5625,0.015,-0.06));
#10406=CARTESIAN_POINT('',(-0.5625,0.18,0.06));
#10407=CARTESIAN_POINT('',(-0.5,0.18,0.06));
#10408=CARTESIAN_POINT('',(-0.5,0.015,0.06));
#10409=CARTESIAN_POINT('',(-0.5,2.13425624505021E-18,0.06));
#10410=CARTESIAN_POINT('',(-0.5625,0.015,0.06));
#10411=CARTESIAN_POINT('',(0.5,0.015,0.06));
#10412=CARTESIAN_POINT('',(0.5,0.18,0.06));
#10413=CARTESIAN_POINT('',(0.5075,0.,0.06));
#10414=CARTESIAN_POINT('',(0.5075,0.18,0.06));
#10415=CARTESIAN_POINT('',(-0.5625,0.18,0.06));
#10416=CARTESIAN_POINT('',(-0.5075,0.18,0.06));
#10417=CARTESIAN_POINT('',(-0.5075,0.,0.06));
#10418=CARTESIAN_POINT('',(-0.5075,0.,0.06));
#10419=CARTESIAN_POINT('',(-0.5625,0.,0.06));
#10420=CARTESIAN_POINT('',(0.,0.,0.));
#10421=CARTESIAN_POINT('',(-0.5375,0.,0.));
#10422=CARTESIAN_POINT('',(-0.5075,0.,-0.025));
#10423=CARTESIAN_POINT('',(-0.5075,0.,-0.025));
#10424=CARTESIAN_POINT('',(-0.5075,0.,-0.06));
#10425=CARTESIAN_POINT('',(-0.5,0.,0.));
#10426=CARTESIAN_POINT('',(-0.5075,0.,0.025));
#10427=CARTESIAN_POINT('',(-0.5075,0.,0.025));
#10428=CARTESIAN_POINT('',(-0.5425,0.,0.025));
#10429=CARTESIAN_POINT('',(0.,0.,0.));
#10430=CARTESIAN_POINT('',(0.5375,0.,0.));
#10431=CARTESIAN_POINT('',(0.5625,0.,0.06));
#10432=CARTESIAN_POINT('',(0.5625,0.,0.00500000000000001));
#10433=CARTESIAN_POINT('',(0.5425,0.,0.00499999999999992));
#10434=CARTESIAN_POINT('',(0.5425,0.,0.025));
#10435=CARTESIAN_POINT('',(0.5075,0.,0.025));
#10436=CARTESIAN_POINT('',(-0.5625,0.18,-0.06));
#10437=CARTESIAN_POINT('',(-0.5625,0.109,0.12));
#10438=CARTESIAN_POINT('',(-0.5625,0.109,0.00499999999999992));
#10439=CARTESIAN_POINT('',(-0.5625,0.109,-0.00499999999999992));
#10440=CARTESIAN_POINT('',(-0.5625,0.,-0.00499999999999999));
#10441=CARTESIAN_POINT('',(-0.5625,0.,0.00499999999999999));
#10442=CARTESIAN_POINT('',(0.5625,0.18,0.06));
#10443=CARTESIAN_POINT('',(0.5625,0.109,0.12));
#10444=CARTESIAN_POINT('',(0.5625,0.109,0.00499999999999995));
#10445=CARTESIAN_POINT('',(0.5625,0.109,-0.0049999999999999));
#10446=CARTESIAN_POINT('',(0.5625,0.,0.00500000000000001));
#10447=CARTESIAN_POINT('',(0.5625,0.,-0.005));
#10448=CARTESIAN_POINT('',(0.,0.18,0.));
#10449=CARTESIAN_POINT('',(-0.215,0.18,-0.035));
#10450=CARTESIAN_POINT('',(-0.215,0.18,-0.035));
#10451=CARTESIAN_POINT('',(-0.235,0.18,-0.035));
#10452=CARTESIAN_POINT('',(-0.215,0.18,-0.015));
#10453=CARTESIAN_POINT('',(-0.215,0.18,-0.015));
#10454=CARTESIAN_POINT('',(-0.235,0.18,-0.015));
#10455=CARTESIAN_POINT('',(-0.235,0.18,-0.015));
#10456=CARTESIAN_POINT('',(-0.235,0.18,-0.035));
#10457=CARTESIAN_POINT('',(-0.265,0.18,-0.035));
#10458=CARTESIAN_POINT('',(-0.265,0.18,-0.035));
#10459=CARTESIAN_POINT('',(-0.285,0.18,-0.035));
#10460=CARTESIAN_POINT('',(-0.265,0.18,-0.015));
#10461=CARTESIAN_POINT('',(-0.265,0.18,-0.015));
#10462=CARTESIAN_POINT('',(-0.285,0.18,-0.015));
#10463=CARTESIAN_POINT('',(-0.285,0.18,-0.015));
#10464=CARTESIAN_POINT('',(-0.285,0.18,-0.035));
#10465=CARTESIAN_POINT('',(-0.315,0.18,-0.035));
#10466=CARTESIAN_POINT('',(-0.315,0.18,-0.035));
#10467=CARTESIAN_POINT('',(-0.335,0.18,-0.035));
#10468=CARTESIAN_POINT('',(-0.315,0.18,-0.015));
#10469=CARTESIAN_POINT('',(-0.315,0.18,-0.015));
#10470=CARTESIAN_POINT('',(-0.335,0.18,-0.015));
#10471=CARTESIAN_POINT('',(-0.335,0.18,-0.015));
#10472=CARTESIAN_POINT('',(-0.335,0.18,-0.035));
#10473=CARTESIAN_POINT('',(-0.365,0.18,-0.035));
#10474=CARTESIAN_POINT('',(-0.365,0.18,-0.035));
#10475=CARTESIAN_POINT('',(-0.385,0.18,-0.035));
#10476=CARTESIAN_POINT('',(-0.365,0.18,-0.015));
#10477=CARTESIAN_POINT('',(-0.365,0.18,-0.015));
#10478=CARTESIAN_POINT('',(-0.385,0.18,-0.015));
#10479=CARTESIAN_POINT('',(-0.385,0.18,-0.015));
#10480=CARTESIAN_POINT('',(-0.385,0.18,-0.035));
#10481=CARTESIAN_POINT('',(-0.415,0.18,-0.035));
#10482=CARTESIAN_POINT('',(-0.415,0.18,-0.035));
#10483=CARTESIAN_POINT('',(-0.435,0.18,-0.035));
#10484=CARTESIAN_POINT('',(-0.415,0.18,-0.015));
#10485=CARTESIAN_POINT('',(-0.415,0.18,-0.015));
#10486=CARTESIAN_POINT('',(-0.435,0.18,-0.015));
#10487=CARTESIAN_POINT('',(-0.435,0.18,-0.015));
#10488=CARTESIAN_POINT('',(-0.435,0.18,-0.035));
#10489=CARTESIAN_POINT('',(-0.465,0.18,-0.035));
#10490=CARTESIAN_POINT('',(-0.465,0.18,-0.035));
#10491=CARTESIAN_POINT('',(-0.485,0.18,-0.035));
#10492=CARTESIAN_POINT('',(-0.465,0.18,-0.015));
#10493=CARTESIAN_POINT('',(-0.465,0.18,-0.015));
#10494=CARTESIAN_POINT('',(-0.485,0.18,-0.015));
#10495=CARTESIAN_POINT('',(-0.485,0.18,-0.015));
#10496=CARTESIAN_POINT('',(-0.485,0.18,-0.035));
#10497=CARTESIAN_POINT('',(0.485,0.18,0.015));
#10498=CARTESIAN_POINT('',(0.485,0.18,0.015));
#10499=CARTESIAN_POINT('',(0.465,0.18,0.015));
#10500=CARTESIAN_POINT('',(0.485,0.18,0.035));
#10501=CARTESIAN_POINT('',(0.485,0.18,0.035));
#10502=CARTESIAN_POINT('',(0.465,0.18,0.035));
#10503=CARTESIAN_POINT('',(0.465,0.18,0.035));
#10504=CARTESIAN_POINT('',(0.465,0.18,0.015));
#10505=CARTESIAN_POINT('',(0.435,0.18,0.015));
#10506=CARTESIAN_POINT('',(0.435,0.18,0.015));
#10507=CARTESIAN_POINT('',(0.415,0.18,0.015));
#10508=CARTESIAN_POINT('',(0.435,0.18,0.035));
#10509=CARTESIAN_POINT('',(0.435,0.18,0.035));
#10510=CARTESIAN_POINT('',(0.415,0.18,0.035));
#10511=CARTESIAN_POINT('',(0.415,0.18,0.035));
#10512=CARTESIAN_POINT('',(0.415,0.18,0.015));
#10513=CARTESIAN_POINT('',(-0.165,0.18,-0.035));
#10514=CARTESIAN_POINT('',(-0.165,0.18,-0.035));
#10515=CARTESIAN_POINT('',(-0.185,0.18,-0.035));
#10516=CARTESIAN_POINT('',(-0.165,0.18,-0.015));
#10517=CARTESIAN_POINT('',(-0.165,0.18,-0.015));
#10518=CARTESIAN_POINT('',(-0.185,0.18,-0.015));
#10519=CARTESIAN_POINT('',(-0.185,0.18,-0.015));
#10520=CARTESIAN_POINT('',(-0.185,0.18,-0.035));
#10521=CARTESIAN_POINT('',(-0.115,0.18,-0.035));
#10522=CARTESIAN_POINT('',(-0.115,0.18,-0.035));
#10523=CARTESIAN_POINT('',(-0.135,0.18,-0.035));
#10524=CARTESIAN_POINT('',(-0.115,0.18,-0.015));
#10525=CARTESIAN_POINT('',(-0.115,0.18,-0.015));
#10526=CARTESIAN_POINT('',(-0.135,0.18,-0.015));
#10527=CARTESIAN_POINT('',(-0.135,0.18,-0.015));
#10528=CARTESIAN_POINT('',(-0.135,0.18,-0.035));
#10529=CARTESIAN_POINT('',(-0.0649999999999999,0.18,-0.035));
#10530=CARTESIAN_POINT('',(-0.0649999999999999,0.18,-0.035));
#10531=CARTESIAN_POINT('',(-0.0849999999999999,0.18,-0.035));
#10532=CARTESIAN_POINT('',(-0.0649999999999999,0.18,-0.015));
#10533=CARTESIAN_POINT('',(-0.0649999999999999,0.18,-0.015));
#10534=CARTESIAN_POINT('',(-0.0849999999999999,0.18,-0.015));
#10535=CARTESIAN_POINT('',(-0.0849999999999999,0.18,-0.015));
#10536=CARTESIAN_POINT('',(-0.0849999999999999,0.18,-0.035));
#10537=CARTESIAN_POINT('',(-0.0149999999999999,0.18,-0.035));
#10538=CARTESIAN_POINT('',(-0.0149999999999999,0.18,-0.035));
#10539=CARTESIAN_POINT('',(-0.0349999999999999,0.18,-0.035));
#10540=CARTESIAN_POINT('',(-0.0149999999999999,0.18,-0.015));
#10541=CARTESIAN_POINT('',(-0.0149999999999999,0.18,-0.015));
#10542=CARTESIAN_POINT('',(-0.0349999999999999,0.18,-0.015));
#10543=CARTESIAN_POINT('',(-0.0349999999999999,0.18,-0.015));
#10544=CARTESIAN_POINT('',(-0.0349999999999999,0.18,-0.035));
#10545=CARTESIAN_POINT('',(0.035,0.18,-0.035));
#10546=CARTESIAN_POINT('',(0.035,0.18,-0.035));
#10547=CARTESIAN_POINT('',(0.015,0.18,-0.035));
#10548=CARTESIAN_POINT('',(0.035,0.18,-0.015));
#10549=CARTESIAN_POINT('',(0.035,0.18,-0.015));
#10550=CARTESIAN_POINT('',(0.015,0.18,-0.015));
#10551=CARTESIAN_POINT('',(0.015,0.18,-0.015));
#10552=CARTESIAN_POINT('',(0.015,0.18,-0.035));
#10553=CARTESIAN_POINT('',(0.0850000000000001,0.18,-0.035));
#10554=CARTESIAN_POINT('',(0.0850000000000001,0.18,-0.035));
#10555=CARTESIAN_POINT('',(0.0650000000000001,0.18,-0.035));
#10556=CARTESIAN_POINT('',(0.0850000000000001,0.18,-0.015));
#10557=CARTESIAN_POINT('',(0.0850000000000001,0.18,-0.015));
#10558=CARTESIAN_POINT('',(0.0650000000000001,0.18,-0.015));
#10559=CARTESIAN_POINT('',(0.0650000000000001,0.18,-0.015));
#10560=CARTESIAN_POINT('',(0.0650000000000001,0.18,-0.035));
#10561=CARTESIAN_POINT('',(0.135,0.18,-0.035));
#10562=CARTESIAN_POINT('',(0.135,0.18,-0.035));
#10563=CARTESIAN_POINT('',(0.115,0.18,-0.035));
#10564=CARTESIAN_POINT('',(0.135,0.18,-0.015));
#10565=CARTESIAN_POINT('',(0.135,0.18,-0.015));
#10566=CARTESIAN_POINT('',(0.115,0.18,-0.015));
#10567=CARTESIAN_POINT('',(0.115,0.18,-0.015));
#10568=CARTESIAN_POINT('',(0.115,0.18,-0.035));
#10569=CARTESIAN_POINT('',(0.185,0.18,-0.035));
#10570=CARTESIAN_POINT('',(0.185,0.18,-0.035));
#10571=CARTESIAN_POINT('',(0.165,0.18,-0.035));
#10572=CARTESIAN_POINT('',(0.185,0.18,-0.015));
#10573=CARTESIAN_POINT('',(0.185,0.18,-0.015));
#10574=CARTESIAN_POINT('',(0.165,0.18,-0.015));
#10575=CARTESIAN_POINT('',(0.165,0.18,-0.015));
#10576=CARTESIAN_POINT('',(0.165,0.18,-0.035));
#10577=CARTESIAN_POINT('',(0.385,0.18,0.015));
#10578=CARTESIAN_POINT('',(0.385,0.18,0.015));
#10579=CARTESIAN_POINT('',(0.365,0.18,0.015));
#10580=CARTESIAN_POINT('',(0.385,0.18,0.035));
#10581=CARTESIAN_POINT('',(0.385,0.18,0.035));
#10582=CARTESIAN_POINT('',(0.365,0.18,0.035));
#10583=CARTESIAN_POINT('',(0.365,0.18,0.035));
#10584=CARTESIAN_POINT('',(0.365,0.18,0.015));
#10585=CARTESIAN_POINT('',(0.335,0.18,0.015));
#10586=CARTESIAN_POINT('',(0.335,0.18,0.015));
#10587=CARTESIAN_POINT('',(0.315,0.18,0.015));
#10588=CARTESIAN_POINT('',(0.335,0.18,0.035));
#10589=CARTESIAN_POINT('',(0.335,0.18,0.035));
#10590=CARTESIAN_POINT('',(0.315,0.18,0.035));
#10591=CARTESIAN_POINT('',(0.315,0.18,0.035));
#10592=CARTESIAN_POINT('',(0.315,0.18,0.015));
#10593=CARTESIAN_POINT('',(0.285,0.18,0.015));
#10594=CARTESIAN_POINT('',(0.285,0.18,0.015));
#10595=CARTESIAN_POINT('',(0.265,0.18,0.015));
#10596=CARTESIAN_POINT('',(0.285,0.18,0.035));
#10597=CARTESIAN_POINT('',(0.285,0.18,0.035));
#10598=CARTESIAN_POINT('',(0.265,0.18,0.035));
#10599=CARTESIAN_POINT('',(0.265,0.18,0.035));
#10600=CARTESIAN_POINT('',(0.265,0.18,0.015));
#10601=CARTESIAN_POINT('',(0.235,0.18,0.015));
#10602=CARTESIAN_POINT('',(0.235,0.18,0.015));
#10603=CARTESIAN_POINT('',(0.215,0.18,0.015));
#10604=CARTESIAN_POINT('',(0.235,0.18,0.035));
#10605=CARTESIAN_POINT('',(0.235,0.18,0.035));
#10606=CARTESIAN_POINT('',(0.215,0.18,0.035));
#10607=CARTESIAN_POINT('',(0.215,0.18,0.035));
#10608=CARTESIAN_POINT('',(0.215,0.18,0.015));
#10609=CARTESIAN_POINT('',(0.185,0.18,0.015));
#10610=CARTESIAN_POINT('',(0.185,0.18,0.015));
#10611=CARTESIAN_POINT('',(0.165,0.18,0.015));
#10612=CARTESIAN_POINT('',(0.185,0.18,0.035));
#10613=CARTESIAN_POINT('',(0.185,0.18,0.035));
#10614=CARTESIAN_POINT('',(0.165,0.18,0.035));
#10615=CARTESIAN_POINT('',(0.165,0.18,0.035));
#10616=CARTESIAN_POINT('',(0.165,0.18,0.015));
#10617=CARTESIAN_POINT('',(0.135,0.18,0.015));
#10618=CARTESIAN_POINT('',(0.135,0.18,0.015));
#10619=CARTESIAN_POINT('',(0.115,0.18,0.015));
#10620=CARTESIAN_POINT('',(0.135,0.18,0.035));
#10621=CARTESIAN_POINT('',(0.135,0.18,0.035));
#10622=CARTESIAN_POINT('',(0.115,0.18,0.035));
#10623=CARTESIAN_POINT('',(0.115,0.18,0.035));
#10624=CARTESIAN_POINT('',(0.115,0.18,0.015));
#10625=CARTESIAN_POINT('',(0.0850000000000001,0.18,0.015));
#10626=CARTESIAN_POINT('',(0.0850000000000001,0.18,0.015));
#10627=CARTESIAN_POINT('',(0.0650000000000001,0.18,0.015));
#10628=CARTESIAN_POINT('',(0.0850000000000001,0.18,0.035));
#10629=CARTESIAN_POINT('',(0.0850000000000001,0.18,0.035));
#10630=CARTESIAN_POINT('',(0.0650000000000001,0.18,0.035));
#10631=CARTESIAN_POINT('',(0.0650000000000001,0.18,0.035));
#10632=CARTESIAN_POINT('',(0.0650000000000001,0.18,0.015));
#10633=CARTESIAN_POINT('',(0.035,0.18,0.015));
#10634=CARTESIAN_POINT('',(0.035,0.18,0.015));
#10635=CARTESIAN_POINT('',(0.015,0.18,0.015));
#10636=CARTESIAN_POINT('',(0.035,0.18,0.035));
#10637=CARTESIAN_POINT('',(0.035,0.18,0.035));
#10638=CARTESIAN_POINT('',(0.015,0.18,0.035));
#10639=CARTESIAN_POINT('',(0.015,0.18,0.035));
#10640=CARTESIAN_POINT('',(0.015,0.18,0.015));
#10641=CARTESIAN_POINT('',(-0.0149999999999999,0.18,0.015));
#10642=CARTESIAN_POINT('',(-0.0149999999999999,0.18,0.015));
#10643=CARTESIAN_POINT('',(-0.0349999999999999,0.18,0.015));
#10644=CARTESIAN_POINT('',(-0.0149999999999999,0.18,0.035));
#10645=CARTESIAN_POINT('',(-0.0149999999999999,0.18,0.035));
#10646=CARTESIAN_POINT('',(-0.0349999999999999,0.18,0.035));
#10647=CARTESIAN_POINT('',(-0.0349999999999999,0.18,0.035));
#10648=CARTESIAN_POINT('',(-0.0349999999999999,0.18,0.015));
#10649=CARTESIAN_POINT('',(-0.0649999999999999,0.18,0.015));
#10650=CARTESIAN_POINT('',(-0.0649999999999999,0.18,0.015));
#10651=CARTESIAN_POINT('',(-0.0849999999999999,0.18,0.015));
#10652=CARTESIAN_POINT('',(-0.0649999999999999,0.18,0.035));
#10653=CARTESIAN_POINT('',(-0.0649999999999999,0.18,0.035));
#10654=CARTESIAN_POINT('',(-0.0849999999999999,0.18,0.035));
#10655=CARTESIAN_POINT('',(-0.0849999999999999,0.18,0.035));
#10656=CARTESIAN_POINT('',(-0.0849999999999999,0.18,0.015));
#10657=CARTESIAN_POINT('',(-0.115,0.18,0.015));
#10658=CARTESIAN_POINT('',(-0.115,0.18,0.015));
#10659=CARTESIAN_POINT('',(-0.135,0.18,0.015));
#10660=CARTESIAN_POINT('',(-0.115,0.18,0.035));
#10661=CARTESIAN_POINT('',(-0.115,0.18,0.035));
#10662=CARTESIAN_POINT('',(-0.135,0.18,0.035));
#10663=CARTESIAN_POINT('',(-0.135,0.18,0.035));
#10664=CARTESIAN_POINT('',(-0.135,0.18,0.015));
#10665=CARTESIAN_POINT('',(-0.165,0.18,0.015));
#10666=CARTESIAN_POINT('',(-0.165,0.18,0.015));
#10667=CARTESIAN_POINT('',(-0.185,0.18,0.015));
#10668=CARTESIAN_POINT('',(-0.165,0.18,0.035));
#10669=CARTESIAN_POINT('',(-0.165,0.18,0.035));
#10670=CARTESIAN_POINT('',(-0.185,0.18,0.035));
#10671=CARTESIAN_POINT('',(-0.185,0.18,0.035));
#10672=CARTESIAN_POINT('',(-0.185,0.18,0.015));
#10673=CARTESIAN_POINT('',(-0.215,0.18,0.015));
#10674=CARTESIAN_POINT('',(-0.215,0.18,0.015));
#10675=CARTESIAN_POINT('',(-0.235,0.18,0.015));
#10676=CARTESIAN_POINT('',(-0.215,0.18,0.035));
#10677=CARTESIAN_POINT('',(-0.215,0.18,0.035));
#10678=CARTESIAN_POINT('',(-0.235,0.18,0.035));
#10679=CARTESIAN_POINT('',(-0.235,0.18,0.035));
#10680=CARTESIAN_POINT('',(-0.235,0.18,0.015));
#10681=CARTESIAN_POINT('',(-0.265,0.18,0.015));
#10682=CARTESIAN_POINT('',(-0.265,0.18,0.015));
#10683=CARTESIAN_POINT('',(-0.285,0.18,0.015));
#10684=CARTESIAN_POINT('',(-0.265,0.18,0.035));
#10685=CARTESIAN_POINT('',(-0.265,0.18,0.035));
#10686=CARTESIAN_POINT('',(-0.285,0.18,0.035));
#10687=CARTESIAN_POINT('',(-0.285,0.18,0.035));
#10688=CARTESIAN_POINT('',(-0.285,0.18,0.015));
#10689=CARTESIAN_POINT('',(-0.315,0.18,0.015));
#10690=CARTESIAN_POINT('',(-0.315,0.18,0.015));
#10691=CARTESIAN_POINT('',(-0.335,0.18,0.015));
#10692=CARTESIAN_POINT('',(-0.315,0.18,0.035));
#10693=CARTESIAN_POINT('',(-0.315,0.18,0.035));
#10694=CARTESIAN_POINT('',(-0.335,0.18,0.035));
#10695=CARTESIAN_POINT('',(-0.335,0.18,0.035));
#10696=CARTESIAN_POINT('',(-0.335,0.18,0.015));
#10697=CARTESIAN_POINT('',(-0.365,0.18,0.015));
#10698=CARTESIAN_POINT('',(-0.365,0.18,0.015));
#10699=CARTESIAN_POINT('',(-0.385,0.18,0.015));
#10700=CARTESIAN_POINT('',(-0.365,0.18,0.035));
#10701=CARTESIAN_POINT('',(-0.365,0.18,0.035));
#10702=CARTESIAN_POINT('',(-0.385,0.18,0.035));
#10703=CARTESIAN_POINT('',(-0.385,0.18,0.035));
#10704=CARTESIAN_POINT('',(-0.385,0.18,0.015));
#10705=CARTESIAN_POINT('',(0.235,0.18,-0.035));
#10706=CARTESIAN_POINT('',(0.235,0.18,-0.035));
#10707=CARTESIAN_POINT('',(0.215,0.18,-0.035));
#10708=CARTESIAN_POINT('',(0.235,0.18,-0.015));
#10709=CARTESIAN_POINT('',(0.235,0.18,-0.015));
#10710=CARTESIAN_POINT('',(0.215,0.18,-0.015));
#10711=CARTESIAN_POINT('',(0.215,0.18,-0.015));
#10712=CARTESIAN_POINT('',(0.215,0.18,-0.035));
#10713=CARTESIAN_POINT('',(0.285,0.18,-0.035));
#10714=CARTESIAN_POINT('',(0.285,0.18,-0.035));
#10715=CARTESIAN_POINT('',(0.265,0.18,-0.035));
#10716=CARTESIAN_POINT('',(0.285,0.18,-0.015));
#10717=CARTESIAN_POINT('',(0.285,0.18,-0.015));
#10718=CARTESIAN_POINT('',(0.265,0.18,-0.015));
#10719=CARTESIAN_POINT('',(0.265,0.18,-0.015));
#10720=CARTESIAN_POINT('',(0.265,0.18,-0.035));
#10721=CARTESIAN_POINT('',(0.335,0.18,-0.035));
#10722=CARTESIAN_POINT('',(0.335,0.18,-0.035));
#10723=CARTESIAN_POINT('',(0.315,0.18,-0.035));
#10724=CARTESIAN_POINT('',(0.335,0.18,-0.015));
#10725=CARTESIAN_POINT('',(0.335,0.18,-0.015));
#10726=CARTESIAN_POINT('',(0.315,0.18,-0.015));
#10727=CARTESIAN_POINT('',(0.315,0.18,-0.015));
#10728=CARTESIAN_POINT('',(0.315,0.18,-0.035));
#10729=CARTESIAN_POINT('',(0.385,0.18,-0.035));
#10730=CARTESIAN_POINT('',(0.385,0.18,-0.035));
#10731=CARTESIAN_POINT('',(0.365,0.18,-0.035));
#10732=CARTESIAN_POINT('',(0.385,0.18,-0.015));
#10733=CARTESIAN_POINT('',(0.385,0.18,-0.015));
#10734=CARTESIAN_POINT('',(0.365,0.18,-0.015));
#10735=CARTESIAN_POINT('',(0.365,0.18,-0.015));
#10736=CARTESIAN_POINT('',(0.365,0.18,-0.035));
#10737=CARTESIAN_POINT('',(0.435,0.18,-0.035));
#10738=CARTESIAN_POINT('',(0.435,0.18,-0.035));
#10739=CARTESIAN_POINT('',(0.415,0.18,-0.035));
#10740=CARTESIAN_POINT('',(0.435,0.18,-0.015));
#10741=CARTESIAN_POINT('',(0.435,0.18,-0.015));
#10742=CARTESIAN_POINT('',(0.415,0.18,-0.015));
#10743=CARTESIAN_POINT('',(0.415,0.18,-0.015));
#10744=CARTESIAN_POINT('',(0.415,0.18,-0.035));
#10745=CARTESIAN_POINT('',(0.485,0.18,-0.035));
#10746=CARTESIAN_POINT('',(0.485,0.18,-0.035));
#10747=CARTESIAN_POINT('',(0.465,0.18,-0.035));
#10748=CARTESIAN_POINT('',(0.485,0.18,-0.015));
#10749=CARTESIAN_POINT('',(0.485,0.18,-0.015));
#10750=CARTESIAN_POINT('',(0.465,0.18,-0.015));
#10751=CARTESIAN_POINT('',(0.465,0.18,-0.015));
#10752=CARTESIAN_POINT('',(0.465,0.18,-0.035));
#10753=CARTESIAN_POINT('',(-0.415,0.18,0.015));
#10754=CARTESIAN_POINT('',(-0.415,0.18,0.015));
#10755=CARTESIAN_POINT('',(-0.435,0.18,0.015));
#10756=CARTESIAN_POINT('',(-0.415,0.18,0.035));
#10757=CARTESIAN_POINT('',(-0.415,0.18,0.035));
#10758=CARTESIAN_POINT('',(-0.435,0.18,0.035));
#10759=CARTESIAN_POINT('',(-0.435,0.18,0.035));
#10760=CARTESIAN_POINT('',(-0.435,0.18,0.015));
#10761=CARTESIAN_POINT('',(-0.465,0.18,0.015));
#10762=CARTESIAN_POINT('',(-0.465,0.18,0.015));
#10763=CARTESIAN_POINT('',(-0.485,0.18,0.015));
#10764=CARTESIAN_POINT('',(-0.465,0.18,0.035));
#10765=CARTESIAN_POINT('',(-0.465,0.18,0.035));
#10766=CARTESIAN_POINT('',(-0.485,0.18,0.035));
#10767=CARTESIAN_POINT('',(-0.485,0.18,0.035));
#10768=CARTESIAN_POINT('',(-0.485,0.18,0.015));
#10769=CARTESIAN_POINT('',(-0.5075,0.18,-0.06));
#10770=CARTESIAN_POINT('',(0.5075,0.18,-0.025));
#10771=CARTESIAN_POINT('',(-0.4275,0.18,-0.085));
#10772=CARTESIAN_POINT('',(-0.4275,0.18,-0.085));
#10773=CARTESIAN_POINT('',(-0.4275,0.18,-0.085));
#10774=CARTESIAN_POINT('',(-0.4875,0.18,-0.085));
#10775=CARTESIAN_POINT('',(-0.4875,0.18,-0.085));
#10776=CARTESIAN_POINT('',(-0.5425,0.,0.00499999999999992));
#10777=CARTESIAN_POINT('',(-0.5425,0.,0.025));
#10778=CARTESIAN_POINT('',(-0.5425,0.109,0.025));
#10779=CARTESIAN_POINT('',(-0.5425,0.109,0.00499999999999992));
#10780=CARTESIAN_POINT('',(-0.5425,0.,0.025));
#10781=CARTESIAN_POINT('',(-0.5075,0.,0.025));
#10782=CARTESIAN_POINT('',(-0.5075,0.109,0.025));
#10783=CARTESIAN_POINT('',(-0.5425,0.109,0.025));
#10784=CARTESIAN_POINT('',(0.5075,0.,0.025));
#10785=CARTESIAN_POINT('',(0.5425,0.,0.025));
#10786=CARTESIAN_POINT('',(0.5425,0.109,0.025));
#10787=CARTESIAN_POINT('',(0.5075,0.109,0.025));
#10788=CARTESIAN_POINT('',(0.5075,0.109,0.025));
#10789=CARTESIAN_POINT('',(0.5075,0.,0.025));
#10790=CARTESIAN_POINT('',(0.5425,0.,0.00499999999999992));
#10791=CARTESIAN_POINT('',(0.5425,0.109,0.00499999999999992));
#10792=CARTESIAN_POINT('',(0.5425,0.,-0.00499999999999992));
#10793=CARTESIAN_POINT('',(0.5425,0.,-0.025));
#10794=CARTESIAN_POINT('',(0.5425,0.109,-0.025));
#10795=CARTESIAN_POINT('',(0.5425,0.109,-0.00499999999999992));
#10796=CARTESIAN_POINT('',(0.5425,0.,-0.025));
#10797=CARTESIAN_POINT('',(0.5075,0.,-0.025));
#10798=CARTESIAN_POINT('',(0.5075,0.109,-0.025));
#10799=CARTESIAN_POINT('',(0.5425,0.109,-0.025));
#10800=CARTESIAN_POINT('',(-0.5425,0.,-0.00499999999999992));
#10801=CARTESIAN_POINT('',(-0.5425,0.109,-0.00499999999999992));
#10802=CARTESIAN_POINT('',(-0.5425,0.109,-0.025));
#10803=CARTESIAN_POINT('',(-0.5425,0.,-0.025));
#10804=CARTESIAN_POINT('',(-0.5075,0.,-0.025));
#10805=CARTESIAN_POINT('',(-0.5075,0.109,-0.025));
#10806=CARTESIAN_POINT('',(-0.5075,0.109,-0.025));
#10807=CARTESIAN_POINT('',(-0.5075,0.,-0.025));
#10808=CARTESIAN_POINT('',(0.5075,0.,-0.025));
#10809=CARTESIAN_POINT('',(0.5075,0.109,0.12));
#10810=CARTESIAN_POINT('',(-0.5075,0.,-0.06));
#10811=CARTESIAN_POINT('',(-0.5075,0.109,0.12));
#10812=CARTESIAN_POINT('',(-0.4275,0.115,-0.06));
#10813=CARTESIAN_POINT('',(-0.4875,0.115,-0.06));
#10814=CARTESIAN_POINT('',(-0.4875,0.115,-0.085));
#10815=CARTESIAN_POINT('',(-0.4275,0.115,-0.085));
#10816=CARTESIAN_POINT('',(-0.4275,0.115,-0.085));
#10817=CARTESIAN_POINT('',(-0.4275,0.115,-0.06));
#10818=CARTESIAN_POINT('',(-0.4275,0.115,-0.085));
#10819=CARTESIAN_POINT('',(-0.4875,0.115,-0.085));
#10820=CARTESIAN_POINT('',(-0.4275,0.115,-0.085));
#10821=CARTESIAN_POINT('',(-0.4275,0.,0.));
#10822=CARTESIAN_POINT('',(-0.4875,0.,0.));
#10823=CARTESIAN_POINT('',(-0.5625,0.109,0.12));
#10824=CARTESIAN_POINT('',(0.5075,0.109,0.12));
#10825=CARTESIAN_POINT('',(0.5,0.015,0.12));
#10826=CARTESIAN_POINT('',(0.5,0.015,0.12));
#10827=CARTESIAN_POINT('',(-0.5,0.015,0.12));
#10828=CARTESIAN_POINT('',(-0.5,0.015,0.12));
#10829=CARTESIAN_POINT('',(0.5,0.,0.12));
#10830=CARTESIAN_POINT('',(-0.5375,-0.05,0.));
#10831=CARTESIAN_POINT('',(-0.5375,-0.025,0.));
#10832=CARTESIAN_POINT('',(-0.5375,-0.025,-0.0250000000000001));
#10833=CARTESIAN_POINT('',(-0.5375,-0.025,0.));
#10834=CARTESIAN_POINT('',(0.5375,-0.05,0.));
#10835=CARTESIAN_POINT('',(0.5375,-0.025,0.));
#10836=CARTESIAN_POINT('',(0.5375,-0.025,-0.025));
#10837=CARTESIAN_POINT('',(0.5375,-0.025,0.));
#10838=CARTESIAN_POINT('',(-0.465,0.05,0.015));
#10839=CARTESIAN_POINT('',(-0.485,0.05,0.015));
#10840=CARTESIAN_POINT('',(-0.485,0.05,0.015));
#10841=CARTESIAN_POINT('',(-0.465,0.05,0.015));
#10842=CARTESIAN_POINT('',(-0.465,0.05,0.015));
#10843=CARTESIAN_POINT('',(-0.465,0.05,0.015));
#10844=CARTESIAN_POINT('',(-0.485,0.05,0.015));
#10845=CARTESIAN_POINT('',(-0.485,0.05,0.035));
#10846=CARTESIAN_POINT('',(-0.485,0.05,0.035));
#10847=CARTESIAN_POINT('',(-0.485,0.05,0.015));
#10848=CARTESIAN_POINT('',(-0.485,0.05,0.035));
#10849=CARTESIAN_POINT('',(-0.465,0.05,0.035));
#10850=CARTESIAN_POINT('',(-0.465,0.05,0.035));
#10851=CARTESIAN_POINT('',(-0.485,0.05,0.035));
#10852=CARTESIAN_POINT('',(-0.465,0.05,0.035));
#10853=CARTESIAN_POINT('',(-0.465,0.05,0.035));
#10854=CARTESIAN_POINT('',(0.,0.05,0.));
#10855=CARTESIAN_POINT('',(-0.415,0.05,0.015));
#10856=CARTESIAN_POINT('',(-0.435,0.05,0.015));
#10857=CARTESIAN_POINT('',(-0.435,0.05,0.015));
#10858=CARTESIAN_POINT('',(-0.415,0.05,0.015));
#10859=CARTESIAN_POINT('',(-0.415,0.05,0.015));
#10860=CARTESIAN_POINT('',(-0.415,0.05,0.015));
#10861=CARTESIAN_POINT('',(-0.435,0.05,0.015));
#10862=CARTESIAN_POINT('',(-0.435,0.05,0.035));
#10863=CARTESIAN_POINT('',(-0.435,0.05,0.035));
#10864=CARTESIAN_POINT('',(-0.435,0.05,0.015));
#10865=CARTESIAN_POINT('',(-0.435,0.05,0.035));
#10866=CARTESIAN_POINT('',(-0.415,0.05,0.035));
#10867=CARTESIAN_POINT('',(-0.415,0.05,0.035));
#10868=CARTESIAN_POINT('',(-0.435,0.05,0.035));
#10869=CARTESIAN_POINT('',(-0.415,0.05,0.035));
#10870=CARTESIAN_POINT('',(-0.415,0.05,0.035));
#10871=CARTESIAN_POINT('',(0.05,0.05,0.));
#10872=CARTESIAN_POINT('',(0.485,0.05,-0.035));
#10873=CARTESIAN_POINT('',(0.465,0.05,-0.035));
#10874=CARTESIAN_POINT('',(0.465,0.05,-0.035));
#10875=CARTESIAN_POINT('',(0.485,0.05,-0.035));
#10876=CARTESIAN_POINT('',(0.485,0.05,-0.035));
#10877=CARTESIAN_POINT('',(0.485,0.05,-0.035));
#10878=CARTESIAN_POINT('',(0.465,0.05,-0.035));
#10879=CARTESIAN_POINT('',(0.465,0.05,-0.015));
#10880=CARTESIAN_POINT('',(0.465,0.05,-0.015));
#10881=CARTESIAN_POINT('',(0.465,0.05,-0.035));
#10882=CARTESIAN_POINT('',(0.465,0.05,-0.015));
#10883=CARTESIAN_POINT('',(0.485,0.05,-0.015));
#10884=CARTESIAN_POINT('',(0.485,0.05,-0.015));
#10885=CARTESIAN_POINT('',(0.465,0.05,-0.015));
#10886=CARTESIAN_POINT('',(0.485,0.05,-0.015));
#10887=CARTESIAN_POINT('',(0.485,0.05,-0.015));
#10888=CARTESIAN_POINT('',(0.95,0.05,-0.05));
#10889=CARTESIAN_POINT('',(0.435,0.05,-0.035));
#10890=CARTESIAN_POINT('',(0.415,0.05,-0.035));
#10891=CARTESIAN_POINT('',(0.415,0.05,-0.035));
#10892=CARTESIAN_POINT('',(0.435,0.05,-0.035));
#10893=CARTESIAN_POINT('',(0.435,0.05,-0.035));
#10894=CARTESIAN_POINT('',(0.435,0.05,-0.035));
#10895=CARTESIAN_POINT('',(0.415,0.05,-0.035));
#10896=CARTESIAN_POINT('',(0.415,0.05,-0.015));
#10897=CARTESIAN_POINT('',(0.415,0.05,-0.015));
#10898=CARTESIAN_POINT('',(0.415,0.05,-0.035));
#10899=CARTESIAN_POINT('',(0.415,0.05,-0.015));
#10900=CARTESIAN_POINT('',(0.435,0.05,-0.015));
#10901=CARTESIAN_POINT('',(0.435,0.05,-0.015));
#10902=CARTESIAN_POINT('',(0.415,0.05,-0.015));
#10903=CARTESIAN_POINT('',(0.435,0.05,-0.015));
#10904=CARTESIAN_POINT('',(0.435,0.05,-0.015));
#10905=CARTESIAN_POINT('',(0.9,0.05,-0.05));
#10906=CARTESIAN_POINT('',(0.385,0.05,-0.035));
#10907=CARTESIAN_POINT('',(0.365,0.05,-0.035));
#10908=CARTESIAN_POINT('',(0.365,0.05,-0.035));
#10909=CARTESIAN_POINT('',(0.385,0.05,-0.035));
#10910=CARTESIAN_POINT('',(0.385,0.05,-0.035));
#10911=CARTESIAN_POINT('',(0.385,0.05,-0.035));
#10912=CARTESIAN_POINT('',(0.365,0.05,-0.035));
#10913=CARTESIAN_POINT('',(0.365,0.05,-0.015));
#10914=CARTESIAN_POINT('',(0.365,0.05,-0.015));
#10915=CARTESIAN_POINT('',(0.365,0.05,-0.035));
#10916=CARTESIAN_POINT('',(0.365,0.05,-0.015));
#10917=CARTESIAN_POINT('',(0.385,0.05,-0.015));
#10918=CARTESIAN_POINT('',(0.385,0.05,-0.015));
#10919=CARTESIAN_POINT('',(0.365,0.05,-0.015));
#10920=CARTESIAN_POINT('',(0.385,0.05,-0.015));
#10921=CARTESIAN_POINT('',(0.385,0.05,-0.015));
#10922=CARTESIAN_POINT('',(0.85,0.05,-0.05));
#10923=CARTESIAN_POINT('',(0.335,0.05,-0.035));
#10924=CARTESIAN_POINT('',(0.315,0.05,-0.035));
#10925=CARTESIAN_POINT('',(0.315,0.05,-0.035));
#10926=CARTESIAN_POINT('',(0.335,0.05,-0.035));
#10927=CARTESIAN_POINT('',(0.335,0.05,-0.035));
#10928=CARTESIAN_POINT('',(0.335,0.05,-0.035));
#10929=CARTESIAN_POINT('',(0.315,0.05,-0.035));
#10930=CARTESIAN_POINT('',(0.315,0.05,-0.015));
#10931=CARTESIAN_POINT('',(0.315,0.05,-0.015));
#10932=CARTESIAN_POINT('',(0.315,0.05,-0.035));
#10933=CARTESIAN_POINT('',(0.315,0.05,-0.015));
#10934=CARTESIAN_POINT('',(0.335,0.05,-0.015));
#10935=CARTESIAN_POINT('',(0.335,0.05,-0.015));
#10936=CARTESIAN_POINT('',(0.315,0.05,-0.015));
#10937=CARTESIAN_POINT('',(0.335,0.05,-0.015));
#10938=CARTESIAN_POINT('',(0.335,0.05,-0.015));
#10939=CARTESIAN_POINT('',(0.8,0.05,-0.05));
#10940=CARTESIAN_POINT('',(0.285,0.05,-0.035));
#10941=CARTESIAN_POINT('',(0.265,0.05,-0.035));
#10942=CARTESIAN_POINT('',(0.265,0.05,-0.035));
#10943=CARTESIAN_POINT('',(0.285,0.05,-0.035));
#10944=CARTESIAN_POINT('',(0.285,0.05,-0.035));
#10945=CARTESIAN_POINT('',(0.285,0.05,-0.035));
#10946=CARTESIAN_POINT('',(0.265,0.05,-0.035));
#10947=CARTESIAN_POINT('',(0.265,0.05,-0.015));
#10948=CARTESIAN_POINT('',(0.265,0.05,-0.015));
#10949=CARTESIAN_POINT('',(0.265,0.05,-0.035));
#10950=CARTESIAN_POINT('',(0.265,0.05,-0.015));
#10951=CARTESIAN_POINT('',(0.285,0.05,-0.015));
#10952=CARTESIAN_POINT('',(0.285,0.05,-0.015));
#10953=CARTESIAN_POINT('',(0.265,0.05,-0.015));
#10954=CARTESIAN_POINT('',(0.285,0.05,-0.015));
#10955=CARTESIAN_POINT('',(0.285,0.05,-0.015));
#10956=CARTESIAN_POINT('',(0.75,0.05,-0.05));
#10957=CARTESIAN_POINT('',(0.235,0.05,-0.035));
#10958=CARTESIAN_POINT('',(0.215,0.05,-0.035));
#10959=CARTESIAN_POINT('',(0.215,0.05,-0.035));
#10960=CARTESIAN_POINT('',(0.235,0.05,-0.035));
#10961=CARTESIAN_POINT('',(0.235,0.05,-0.035));
#10962=CARTESIAN_POINT('',(0.235,0.05,-0.035));
#10963=CARTESIAN_POINT('',(0.215,0.05,-0.035));
#10964=CARTESIAN_POINT('',(0.215,0.05,-0.015));
#10965=CARTESIAN_POINT('',(0.215,0.05,-0.015));
#10966=CARTESIAN_POINT('',(0.215,0.05,-0.035));
#10967=CARTESIAN_POINT('',(0.215,0.05,-0.015));
#10968=CARTESIAN_POINT('',(0.235,0.05,-0.015));
#10969=CARTESIAN_POINT('',(0.235,0.05,-0.015));
#10970=CARTESIAN_POINT('',(0.215,0.05,-0.015));
#10971=CARTESIAN_POINT('',(0.235,0.05,-0.015));
#10972=CARTESIAN_POINT('',(0.235,0.05,-0.015));
#10973=CARTESIAN_POINT('',(0.7,0.05,-0.05));
#10974=CARTESIAN_POINT('',(-0.365,0.05,0.015));
#10975=CARTESIAN_POINT('',(-0.385,0.05,0.015));
#10976=CARTESIAN_POINT('',(-0.385,0.05,0.015));
#10977=CARTESIAN_POINT('',(-0.365,0.05,0.015));
#10978=CARTESIAN_POINT('',(-0.365,0.05,0.015));
#10979=CARTESIAN_POINT('',(-0.365,0.05,0.015));
#10980=CARTESIAN_POINT('',(-0.385,0.05,0.015));
#10981=CARTESIAN_POINT('',(-0.385,0.05,0.035));
#10982=CARTESIAN_POINT('',(-0.385,0.05,0.035));
#10983=CARTESIAN_POINT('',(-0.385,0.05,0.015));
#10984=CARTESIAN_POINT('',(-0.385,0.05,0.035));
#10985=CARTESIAN_POINT('',(-0.365,0.05,0.035));
#10986=CARTESIAN_POINT('',(-0.365,0.05,0.035));
#10987=CARTESIAN_POINT('',(-0.385,0.05,0.035));
#10988=CARTESIAN_POINT('',(-0.365,0.05,0.035));
#10989=CARTESIAN_POINT('',(-0.365,0.05,0.035));
#10990=CARTESIAN_POINT('',(0.1,0.05,0.));
#10991=CARTESIAN_POINT('',(-0.315,0.05,0.015));
#10992=CARTESIAN_POINT('',(-0.335,0.05,0.015));
#10993=CARTESIAN_POINT('',(-0.335,0.05,0.015));
#10994=CARTESIAN_POINT('',(-0.315,0.05,0.015));
#10995=CARTESIAN_POINT('',(-0.315,0.05,0.015));
#10996=CARTESIAN_POINT('',(-0.315,0.05,0.015));
#10997=CARTESIAN_POINT('',(-0.335,0.05,0.015));
#10998=CARTESIAN_POINT('',(-0.335,0.05,0.035));
#10999=CARTESIAN_POINT('',(-0.335,0.05,0.035));
#11000=CARTESIAN_POINT('',(-0.335,0.05,0.015));
#11001=CARTESIAN_POINT('',(-0.335,0.05,0.035));
#11002=CARTESIAN_POINT('',(-0.315,0.05,0.035));
#11003=CARTESIAN_POINT('',(-0.315,0.05,0.035));
#11004=CARTESIAN_POINT('',(-0.335,0.05,0.035));
#11005=CARTESIAN_POINT('',(-0.315,0.05,0.035));
#11006=CARTESIAN_POINT('',(-0.315,0.05,0.035));
#11007=CARTESIAN_POINT('',(0.15,0.05,0.));
#11008=CARTESIAN_POINT('',(-0.265,0.05,0.015));
#11009=CARTESIAN_POINT('',(-0.285,0.05,0.015));
#11010=CARTESIAN_POINT('',(-0.285,0.05,0.015));
#11011=CARTESIAN_POINT('',(-0.265,0.05,0.015));
#11012=CARTESIAN_POINT('',(-0.265,0.05,0.015));
#11013=CARTESIAN_POINT('',(-0.265,0.05,0.015));
#11014=CARTESIAN_POINT('',(-0.285,0.05,0.015));
#11015=CARTESIAN_POINT('',(-0.285,0.05,0.035));
#11016=CARTESIAN_POINT('',(-0.285,0.05,0.035));
#11017=CARTESIAN_POINT('',(-0.285,0.05,0.015));
#11018=CARTESIAN_POINT('',(-0.285,0.05,0.035));
#11019=CARTESIAN_POINT('',(-0.265,0.05,0.035));
#11020=CARTESIAN_POINT('',(-0.265,0.05,0.035));
#11021=CARTESIAN_POINT('',(-0.285,0.05,0.035));
#11022=CARTESIAN_POINT('',(-0.265,0.05,0.035));
#11023=CARTESIAN_POINT('',(-0.265,0.05,0.035));
#11024=CARTESIAN_POINT('',(0.2,0.05,0.));
#11025=CARTESIAN_POINT('',(-0.215,0.05,0.015));
#11026=CARTESIAN_POINT('',(-0.235,0.05,0.015));
#11027=CARTESIAN_POINT('',(-0.235,0.05,0.015));
#11028=CARTESIAN_POINT('',(-0.215,0.05,0.015));
#11029=CARTESIAN_POINT('',(-0.215,0.05,0.015));
#11030=CARTESIAN_POINT('',(-0.215,0.05,0.015));
#11031=CARTESIAN_POINT('',(-0.235,0.05,0.015));
#11032=CARTESIAN_POINT('',(-0.235,0.05,0.035));
#11033=CARTESIAN_POINT('',(-0.235,0.05,0.035));
#11034=CARTESIAN_POINT('',(-0.235,0.05,0.015));
#11035=CARTESIAN_POINT('',(-0.235,0.05,0.035));
#11036=CARTESIAN_POINT('',(-0.215,0.05,0.035));
#11037=CARTESIAN_POINT('',(-0.215,0.05,0.035));
#11038=CARTESIAN_POINT('',(-0.235,0.05,0.035));
#11039=CARTESIAN_POINT('',(-0.215,0.05,0.035));
#11040=CARTESIAN_POINT('',(-0.215,0.05,0.035));
#11041=CARTESIAN_POINT('',(0.25,0.05,0.));
#11042=CARTESIAN_POINT('',(-0.165,0.05,0.015));
#11043=CARTESIAN_POINT('',(-0.185,0.05,0.015));
#11044=CARTESIAN_POINT('',(-0.185,0.05,0.015));
#11045=CARTESIAN_POINT('',(-0.165,0.05,0.015));
#11046=CARTESIAN_POINT('',(-0.165,0.05,0.015));
#11047=CARTESIAN_POINT('',(-0.165,0.05,0.015));
#11048=CARTESIAN_POINT('',(-0.185,0.05,0.015));
#11049=CARTESIAN_POINT('',(-0.185,0.05,0.035));
#11050=CARTESIAN_POINT('',(-0.185,0.05,0.035));
#11051=CARTESIAN_POINT('',(-0.185,0.05,0.015));
#11052=CARTESIAN_POINT('',(-0.185,0.05,0.035));
#11053=CARTESIAN_POINT('',(-0.165,0.05,0.035));
#11054=CARTESIAN_POINT('',(-0.165,0.05,0.035));
#11055=CARTESIAN_POINT('',(-0.185,0.05,0.035));
#11056=CARTESIAN_POINT('',(-0.165,0.05,0.035));
#11057=CARTESIAN_POINT('',(-0.165,0.05,0.035));
#11058=CARTESIAN_POINT('',(0.3,0.05,0.));
#11059=CARTESIAN_POINT('',(-0.115,0.05,0.015));
#11060=CARTESIAN_POINT('',(-0.135,0.05,0.015));
#11061=CARTESIAN_POINT('',(-0.135,0.05,0.015));
#11062=CARTESIAN_POINT('',(-0.115,0.05,0.015));
#11063=CARTESIAN_POINT('',(-0.115,0.05,0.015));
#11064=CARTESIAN_POINT('',(-0.115,0.05,0.015));
#11065=CARTESIAN_POINT('',(-0.135,0.05,0.015));
#11066=CARTESIAN_POINT('',(-0.135,0.05,0.035));
#11067=CARTESIAN_POINT('',(-0.135,0.05,0.035));
#11068=CARTESIAN_POINT('',(-0.135,0.05,0.015));
#11069=CARTESIAN_POINT('',(-0.135,0.05,0.035));
#11070=CARTESIAN_POINT('',(-0.115,0.05,0.035));
#11071=CARTESIAN_POINT('',(-0.115,0.05,0.035));
#11072=CARTESIAN_POINT('',(-0.135,0.05,0.035));
#11073=CARTESIAN_POINT('',(-0.115,0.05,0.035));
#11074=CARTESIAN_POINT('',(-0.115,0.05,0.035));
#11075=CARTESIAN_POINT('',(0.35,0.05,0.));
#11076=CARTESIAN_POINT('',(-0.0649999999999999,0.05,0.015));
#11077=CARTESIAN_POINT('',(-0.0849999999999999,0.05,0.015));
#11078=CARTESIAN_POINT('',(-0.0849999999999999,0.05,0.015));
#11079=CARTESIAN_POINT('',(-0.0649999999999999,0.05,0.015));
#11080=CARTESIAN_POINT('',(-0.0649999999999999,0.05,0.015));
#11081=CARTESIAN_POINT('',(-0.0649999999999999,0.05,0.015));
#11082=CARTESIAN_POINT('',(-0.0849999999999999,0.05,0.015));
#11083=CARTESIAN_POINT('',(-0.0849999999999999,0.05,0.035));
#11084=CARTESIAN_POINT('',(-0.0849999999999999,0.05,0.035));
#11085=CARTESIAN_POINT('',(-0.0849999999999999,0.05,0.015));
#11086=CARTESIAN_POINT('',(-0.0849999999999999,0.05,0.035));
#11087=CARTESIAN_POINT('',(-0.0649999999999999,0.05,0.035));
#11088=CARTESIAN_POINT('',(-0.0649999999999999,0.05,0.035));
#11089=CARTESIAN_POINT('',(-0.0849999999999999,0.05,0.035));
#11090=CARTESIAN_POINT('',(-0.0649999999999999,0.05,0.035));
#11091=CARTESIAN_POINT('',(-0.0649999999999999,0.05,0.035));
#11092=CARTESIAN_POINT('',(0.4,0.05,0.));
#11093=CARTESIAN_POINT('',(-0.0149999999999999,0.05,0.015));
#11094=CARTESIAN_POINT('',(-0.0349999999999999,0.05,0.015));
#11095=CARTESIAN_POINT('',(-0.0349999999999999,0.05,0.015));
#11096=CARTESIAN_POINT('',(-0.0149999999999999,0.05,0.015));
#11097=CARTESIAN_POINT('',(-0.0149999999999999,0.05,0.015));
#11098=CARTESIAN_POINT('',(-0.0149999999999999,0.05,0.015));
#11099=CARTESIAN_POINT('',(-0.0349999999999999,0.05,0.015));
#11100=CARTESIAN_POINT('',(-0.0349999999999999,0.05,0.035));
#11101=CARTESIAN_POINT('',(-0.0349999999999999,0.05,0.035));
#11102=CARTESIAN_POINT('',(-0.0349999999999999,0.05,0.015));
#11103=CARTESIAN_POINT('',(-0.0349999999999999,0.05,0.035));
#11104=CARTESIAN_POINT('',(-0.0149999999999999,0.05,0.035));
#11105=CARTESIAN_POINT('',(-0.0149999999999999,0.05,0.035));
#11106=CARTESIAN_POINT('',(-0.0349999999999999,0.05,0.035));
#11107=CARTESIAN_POINT('',(-0.0149999999999999,0.05,0.035));
#11108=CARTESIAN_POINT('',(-0.0149999999999999,0.05,0.035));
#11109=CARTESIAN_POINT('',(0.45,0.05,0.));
#11110=CARTESIAN_POINT('',(0.035,0.05,0.015));
#11111=CARTESIAN_POINT('',(0.015,0.05,0.015));
#11112=CARTESIAN_POINT('',(0.015,0.05,0.015));
#11113=CARTESIAN_POINT('',(0.035,0.05,0.015));
#11114=CARTESIAN_POINT('',(0.035,0.05,0.015));
#11115=CARTESIAN_POINT('',(0.035,0.05,0.015));
#11116=CARTESIAN_POINT('',(0.015,0.05,0.015));
#11117=CARTESIAN_POINT('',(0.015,0.05,0.035));
#11118=CARTESIAN_POINT('',(0.015,0.05,0.035));
#11119=CARTESIAN_POINT('',(0.015,0.05,0.015));
#11120=CARTESIAN_POINT('',(0.015,0.05,0.035));
#11121=CARTESIAN_POINT('',(0.035,0.05,0.035));
#11122=CARTESIAN_POINT('',(0.035,0.05,0.035));
#11123=CARTESIAN_POINT('',(0.015,0.05,0.035));
#11124=CARTESIAN_POINT('',(0.035,0.05,0.035));
#11125=CARTESIAN_POINT('',(0.035,0.05,0.035));
#11126=CARTESIAN_POINT('',(0.5,0.05,0.));
#11127=CARTESIAN_POINT('',(0.0850000000000001,0.05,0.015));
#11128=CARTESIAN_POINT('',(0.0650000000000001,0.05,0.015));
#11129=CARTESIAN_POINT('',(0.0650000000000001,0.05,0.015));
#11130=CARTESIAN_POINT('',(0.0850000000000001,0.05,0.015));
#11131=CARTESIAN_POINT('',(0.0850000000000001,0.05,0.015));
#11132=CARTESIAN_POINT('',(0.0850000000000001,0.05,0.015));
#11133=CARTESIAN_POINT('',(0.0650000000000001,0.05,0.015));
#11134=CARTESIAN_POINT('',(0.0650000000000001,0.05,0.035));
#11135=CARTESIAN_POINT('',(0.0650000000000001,0.05,0.035));
#11136=CARTESIAN_POINT('',(0.0650000000000001,0.05,0.015));
#11137=CARTESIAN_POINT('',(0.0650000000000001,0.05,0.035));
#11138=CARTESIAN_POINT('',(0.0850000000000001,0.05,0.035));
#11139=CARTESIAN_POINT('',(0.0850000000000001,0.05,0.035));
#11140=CARTESIAN_POINT('',(0.0650000000000001,0.05,0.035));
#11141=CARTESIAN_POINT('',(0.0850000000000001,0.05,0.035));
#11142=CARTESIAN_POINT('',(0.0850000000000001,0.05,0.035));
#11143=CARTESIAN_POINT('',(0.55,0.05,0.));
#11144=CARTESIAN_POINT('',(0.135,0.05,0.015));
#11145=CARTESIAN_POINT('',(0.115,0.05,0.015));
#11146=CARTESIAN_POINT('',(0.115,0.05,0.015));
#11147=CARTESIAN_POINT('',(0.135,0.05,0.015));
#11148=CARTESIAN_POINT('',(0.135,0.05,0.015));
#11149=CARTESIAN_POINT('',(0.135,0.05,0.015));
#11150=CARTESIAN_POINT('',(0.115,0.05,0.015));
#11151=CARTESIAN_POINT('',(0.115,0.05,0.035));
#11152=CARTESIAN_POINT('',(0.115,0.05,0.035));
#11153=CARTESIAN_POINT('',(0.115,0.05,0.015));
#11154=CARTESIAN_POINT('',(0.115,0.05,0.035));
#11155=CARTESIAN_POINT('',(0.135,0.05,0.035));
#11156=CARTESIAN_POINT('',(0.135,0.05,0.035));
#11157=CARTESIAN_POINT('',(0.115,0.05,0.035));
#11158=CARTESIAN_POINT('',(0.135,0.05,0.035));
#11159=CARTESIAN_POINT('',(0.135,0.05,0.035));
#11160=CARTESIAN_POINT('',(0.6,0.05,0.));
#11161=CARTESIAN_POINT('',(0.185,0.05,0.015));
#11162=CARTESIAN_POINT('',(0.165,0.05,0.015));
#11163=CARTESIAN_POINT('',(0.165,0.05,0.015));
#11164=CARTESIAN_POINT('',(0.185,0.05,0.015));
#11165=CARTESIAN_POINT('',(0.185,0.05,0.015));
#11166=CARTESIAN_POINT('',(0.185,0.05,0.015));
#11167=CARTESIAN_POINT('',(0.165,0.05,0.015));
#11168=CARTESIAN_POINT('',(0.165,0.05,0.035));
#11169=CARTESIAN_POINT('',(0.165,0.05,0.035));
#11170=CARTESIAN_POINT('',(0.165,0.05,0.015));
#11171=CARTESIAN_POINT('',(0.165,0.05,0.035));
#11172=CARTESIAN_POINT('',(0.185,0.05,0.035));
#11173=CARTESIAN_POINT('',(0.185,0.05,0.035));
#11174=CARTESIAN_POINT('',(0.165,0.05,0.035));
#11175=CARTESIAN_POINT('',(0.185,0.05,0.035));
#11176=CARTESIAN_POINT('',(0.185,0.05,0.035));
#11177=CARTESIAN_POINT('',(0.65,0.05,0.));
#11178=CARTESIAN_POINT('',(0.235,0.05,0.015));
#11179=CARTESIAN_POINT('',(0.215,0.05,0.015));
#11180=CARTESIAN_POINT('',(0.215,0.05,0.015));
#11181=CARTESIAN_POINT('',(0.235,0.05,0.015));
#11182=CARTESIAN_POINT('',(0.235,0.05,0.015));
#11183=CARTESIAN_POINT('',(0.235,0.05,0.015));
#11184=CARTESIAN_POINT('',(0.215,0.05,0.015));
#11185=CARTESIAN_POINT('',(0.215,0.05,0.035));
#11186=CARTESIAN_POINT('',(0.215,0.05,0.035));
#11187=CARTESIAN_POINT('',(0.215,0.05,0.015));
#11188=CARTESIAN_POINT('',(0.215,0.05,0.035));
#11189=CARTESIAN_POINT('',(0.235,0.05,0.035));
#11190=CARTESIAN_POINT('',(0.235,0.05,0.035));
#11191=CARTESIAN_POINT('',(0.215,0.05,0.035));
#11192=CARTESIAN_POINT('',(0.235,0.05,0.035));
#11193=CARTESIAN_POINT('',(0.235,0.05,0.035));
#11194=CARTESIAN_POINT('',(0.7,0.05,0.));
#11195=CARTESIAN_POINT('',(0.285,0.05,0.015));
#11196=CARTESIAN_POINT('',(0.265,0.05,0.015));
#11197=CARTESIAN_POINT('',(0.265,0.05,0.015));
#11198=CARTESIAN_POINT('',(0.285,0.05,0.015));
#11199=CARTESIAN_POINT('',(0.285,0.05,0.015));
#11200=CARTESIAN_POINT('',(0.285,0.05,0.015));
#11201=CARTESIAN_POINT('',(0.265,0.05,0.015));
#11202=CARTESIAN_POINT('',(0.265,0.05,0.035));
#11203=CARTESIAN_POINT('',(0.265,0.05,0.035));
#11204=CARTESIAN_POINT('',(0.265,0.05,0.015));
#11205=CARTESIAN_POINT('',(0.265,0.05,0.035));
#11206=CARTESIAN_POINT('',(0.285,0.05,0.035));
#11207=CARTESIAN_POINT('',(0.285,0.05,0.035));
#11208=CARTESIAN_POINT('',(0.265,0.05,0.035));
#11209=CARTESIAN_POINT('',(0.285,0.05,0.035));
#11210=CARTESIAN_POINT('',(0.285,0.05,0.035));
#11211=CARTESIAN_POINT('',(0.75,0.05,0.));
#11212=CARTESIAN_POINT('',(0.335,0.05,0.015));
#11213=CARTESIAN_POINT('',(0.315,0.05,0.015));
#11214=CARTESIAN_POINT('',(0.315,0.05,0.015));
#11215=CARTESIAN_POINT('',(0.335,0.05,0.015));
#11216=CARTESIAN_POINT('',(0.335,0.05,0.015));
#11217=CARTESIAN_POINT('',(0.335,0.05,0.015));
#11218=CARTESIAN_POINT('',(0.315,0.05,0.015));
#11219=CARTESIAN_POINT('',(0.315,0.05,0.035));
#11220=CARTESIAN_POINT('',(0.315,0.05,0.035));
#11221=CARTESIAN_POINT('',(0.315,0.05,0.015));
#11222=CARTESIAN_POINT('',(0.315,0.05,0.035));
#11223=CARTESIAN_POINT('',(0.335,0.05,0.035));
#11224=CARTESIAN_POINT('',(0.335,0.05,0.035));
#11225=CARTESIAN_POINT('',(0.315,0.05,0.035));
#11226=CARTESIAN_POINT('',(0.335,0.05,0.035));
#11227=CARTESIAN_POINT('',(0.335,0.05,0.035));
#11228=CARTESIAN_POINT('',(0.8,0.05,0.));
#11229=CARTESIAN_POINT('',(0.385,0.05,0.015));
#11230=CARTESIAN_POINT('',(0.365,0.05,0.015));
#11231=CARTESIAN_POINT('',(0.365,0.05,0.015));
#11232=CARTESIAN_POINT('',(0.385,0.05,0.015));
#11233=CARTESIAN_POINT('',(0.385,0.05,0.015));
#11234=CARTESIAN_POINT('',(0.385,0.05,0.015));
#11235=CARTESIAN_POINT('',(0.365,0.05,0.015));
#11236=CARTESIAN_POINT('',(0.365,0.05,0.035));
#11237=CARTESIAN_POINT('',(0.365,0.05,0.035));
#11238=CARTESIAN_POINT('',(0.365,0.05,0.015));
#11239=CARTESIAN_POINT('',(0.365,0.05,0.035));
#11240=CARTESIAN_POINT('',(0.385,0.05,0.035));
#11241=CARTESIAN_POINT('',(0.385,0.05,0.035));
#11242=CARTESIAN_POINT('',(0.365,0.05,0.035));
#11243=CARTESIAN_POINT('',(0.385,0.05,0.035));
#11244=CARTESIAN_POINT('',(0.385,0.05,0.035));
#11245=CARTESIAN_POINT('',(0.85,0.05,0.));
#11246=CARTESIAN_POINT('',(0.185,0.05,-0.035));
#11247=CARTESIAN_POINT('',(0.165,0.05,-0.035));
#11248=CARTESIAN_POINT('',(0.165,0.05,-0.035));
#11249=CARTESIAN_POINT('',(0.185,0.05,-0.035));
#11250=CARTESIAN_POINT('',(0.185,0.05,-0.035));
#11251=CARTESIAN_POINT('',(0.185,0.05,-0.035));
#11252=CARTESIAN_POINT('',(0.165,0.05,-0.035));
#11253=CARTESIAN_POINT('',(0.165,0.05,-0.015));
#11254=CARTESIAN_POINT('',(0.165,0.05,-0.015));
#11255=CARTESIAN_POINT('',(0.165,0.05,-0.035));
#11256=CARTESIAN_POINT('',(0.165,0.05,-0.015));
#11257=CARTESIAN_POINT('',(0.185,0.05,-0.015));
#11258=CARTESIAN_POINT('',(0.185,0.05,-0.015));
#11259=CARTESIAN_POINT('',(0.165,0.05,-0.015));
#11260=CARTESIAN_POINT('',(0.185,0.05,-0.015));
#11261=CARTESIAN_POINT('',(0.185,0.05,-0.015));
#11262=CARTESIAN_POINT('',(0.65,0.05,-0.05));
#11263=CARTESIAN_POINT('',(0.135,0.05,-0.035));
#11264=CARTESIAN_POINT('',(0.115,0.05,-0.035));
#11265=CARTESIAN_POINT('',(0.115,0.05,-0.035));
#11266=CARTESIAN_POINT('',(0.135,0.05,-0.035));
#11267=CARTESIAN_POINT('',(0.135,0.05,-0.035));
#11268=CARTESIAN_POINT('',(0.135,0.05,-0.035));
#11269=CARTESIAN_POINT('',(0.115,0.05,-0.035));
#11270=CARTESIAN_POINT('',(0.115,0.05,-0.015));
#11271=CARTESIAN_POINT('',(0.115,0.05,-0.015));
#11272=CARTESIAN_POINT('',(0.115,0.05,-0.035));
#11273=CARTESIAN_POINT('',(0.115,0.05,-0.015));
#11274=CARTESIAN_POINT('',(0.135,0.05,-0.015));
#11275=CARTESIAN_POINT('',(0.135,0.05,-0.015));
#11276=CARTESIAN_POINT('',(0.115,0.05,-0.015));
#11277=CARTESIAN_POINT('',(0.135,0.05,-0.015));
#11278=CARTESIAN_POINT('',(0.135,0.05,-0.015));
#11279=CARTESIAN_POINT('',(0.6,0.05,-0.05));
#11280=CARTESIAN_POINT('',(0.0850000000000001,0.05,-0.035));
#11281=CARTESIAN_POINT('',(0.0650000000000001,0.05,-0.035));
#11282=CARTESIAN_POINT('',(0.0650000000000001,0.05,-0.035));
#11283=CARTESIAN_POINT('',(0.0850000000000001,0.05,-0.035));
#11284=CARTESIAN_POINT('',(0.0850000000000001,0.05,-0.035));
#11285=CARTESIAN_POINT('',(0.0850000000000001,0.05,-0.035));
#11286=CARTESIAN_POINT('',(0.0650000000000001,0.05,-0.035));
#11287=CARTESIAN_POINT('',(0.0650000000000001,0.05,-0.015));
#11288=CARTESIAN_POINT('',(0.0650000000000001,0.05,-0.015));
#11289=CARTESIAN_POINT('',(0.0650000000000001,0.05,-0.035));
#11290=CARTESIAN_POINT('',(0.0650000000000001,0.05,-0.015));
#11291=CARTESIAN_POINT('',(0.0850000000000001,0.05,-0.015));
#11292=CARTESIAN_POINT('',(0.0850000000000001,0.05,-0.015));
#11293=CARTESIAN_POINT('',(0.0650000000000001,0.05,-0.015));
#11294=CARTESIAN_POINT('',(0.0850000000000001,0.05,-0.015));
#11295=CARTESIAN_POINT('',(0.0850000000000001,0.05,-0.015));
#11296=CARTESIAN_POINT('',(0.55,0.05,-0.05));
#11297=CARTESIAN_POINT('',(0.035,0.05,-0.035));
#11298=CARTESIAN_POINT('',(0.015,0.05,-0.035));
#11299=CARTESIAN_POINT('',(0.015,0.05,-0.035));
#11300=CARTESIAN_POINT('',(0.035,0.05,-0.035));
#11301=CARTESIAN_POINT('',(0.035,0.05,-0.035));
#11302=CARTESIAN_POINT('',(0.035,0.05,-0.035));
#11303=CARTESIAN_POINT('',(0.015,0.05,-0.035));
#11304=CARTESIAN_POINT('',(0.015,0.05,-0.015));
#11305=CARTESIAN_POINT('',(0.015,0.05,-0.015));
#11306=CARTESIAN_POINT('',(0.015,0.05,-0.035));
#11307=CARTESIAN_POINT('',(0.015,0.05,-0.015));
#11308=CARTESIAN_POINT('',(0.035,0.05,-0.015));
#11309=CARTESIAN_POINT('',(0.035,0.05,-0.015));
#11310=CARTESIAN_POINT('',(0.015,0.05,-0.015));
#11311=CARTESIAN_POINT('',(0.035,0.05,-0.015));
#11312=CARTESIAN_POINT('',(0.035,0.05,-0.015));
#11313=CARTESIAN_POINT('',(0.5,0.05,-0.05));
#11314=CARTESIAN_POINT('',(-0.0149999999999999,0.05,-0.035));
#11315=CARTESIAN_POINT('',(-0.0349999999999999,0.05,-0.035));
#11316=CARTESIAN_POINT('',(-0.0349999999999999,0.05,-0.035));
#11317=CARTESIAN_POINT('',(-0.0149999999999999,0.05,-0.035));
#11318=CARTESIAN_POINT('',(-0.0149999999999999,0.05,-0.035));
#11319=CARTESIAN_POINT('',(-0.0149999999999999,0.05,-0.035));
#11320=CARTESIAN_POINT('',(-0.0349999999999999,0.05,-0.035));
#11321=CARTESIAN_POINT('',(-0.0349999999999999,0.05,-0.015));
#11322=CARTESIAN_POINT('',(-0.0349999999999999,0.05,-0.015));
#11323=CARTESIAN_POINT('',(-0.0349999999999999,0.05,-0.035));
#11324=CARTESIAN_POINT('',(-0.0349999999999999,0.05,-0.015));
#11325=CARTESIAN_POINT('',(-0.0149999999999999,0.05,-0.015));
#11326=CARTESIAN_POINT('',(-0.0149999999999999,0.05,-0.015));
#11327=CARTESIAN_POINT('',(-0.0349999999999999,0.05,-0.015));
#11328=CARTESIAN_POINT('',(-0.0149999999999999,0.05,-0.015));
#11329=CARTESIAN_POINT('',(-0.0149999999999999,0.05,-0.015));
#11330=CARTESIAN_POINT('',(0.45,0.05,-0.05));
#11331=CARTESIAN_POINT('',(-0.0649999999999999,0.05,-0.035));
#11332=CARTESIAN_POINT('',(-0.0849999999999999,0.05,-0.035));
#11333=CARTESIAN_POINT('',(-0.0849999999999999,0.05,-0.035));
#11334=CARTESIAN_POINT('',(-0.0649999999999999,0.05,-0.035));
#11335=CARTESIAN_POINT('',(-0.0649999999999999,0.05,-0.035));
#11336=CARTESIAN_POINT('',(-0.0649999999999999,0.05,-0.035));
#11337=CARTESIAN_POINT('',(-0.0849999999999999,0.05,-0.035));
#11338=CARTESIAN_POINT('',(-0.0849999999999999,0.05,-0.015));
#11339=CARTESIAN_POINT('',(-0.0849999999999999,0.05,-0.015));
#11340=CARTESIAN_POINT('',(-0.0849999999999999,0.05,-0.035));
#11341=CARTESIAN_POINT('',(-0.0849999999999999,0.05,-0.015));
#11342=CARTESIAN_POINT('',(-0.0649999999999999,0.05,-0.015));
#11343=CARTESIAN_POINT('',(-0.0649999999999999,0.05,-0.015));
#11344=CARTESIAN_POINT('',(-0.0849999999999999,0.05,-0.015));
#11345=CARTESIAN_POINT('',(-0.0649999999999999,0.05,-0.015));
#11346=CARTESIAN_POINT('',(-0.0649999999999999,0.05,-0.015));
#11347=CARTESIAN_POINT('',(0.4,0.05,-0.05));
#11348=CARTESIAN_POINT('',(-0.115,0.05,-0.035));
#11349=CARTESIAN_POINT('',(-0.135,0.05,-0.035));
#11350=CARTESIAN_POINT('',(-0.135,0.05,-0.035));
#11351=CARTESIAN_POINT('',(-0.115,0.05,-0.035));
#11352=CARTESIAN_POINT('',(-0.115,0.05,-0.035));
#11353=CARTESIAN_POINT('',(-0.115,0.05,-0.035));
#11354=CARTESIAN_POINT('',(-0.135,0.05,-0.035));
#11355=CARTESIAN_POINT('',(-0.135,0.05,-0.015));
#11356=CARTESIAN_POINT('',(-0.135,0.05,-0.015));
#11357=CARTESIAN_POINT('',(-0.135,0.05,-0.035));
#11358=CARTESIAN_POINT('',(-0.135,0.05,-0.015));
#11359=CARTESIAN_POINT('',(-0.115,0.05,-0.015));
#11360=CARTESIAN_POINT('',(-0.115,0.05,-0.015));
#11361=CARTESIAN_POINT('',(-0.135,0.05,-0.015));
#11362=CARTESIAN_POINT('',(-0.115,0.05,-0.015));
#11363=CARTESIAN_POINT('',(-0.115,0.05,-0.015));
#11364=CARTESIAN_POINT('',(0.35,0.05,-0.05));
#11365=CARTESIAN_POINT('',(-0.165,0.05,-0.035));
#11366=CARTESIAN_POINT('',(-0.185,0.05,-0.035));
#11367=CARTESIAN_POINT('',(-0.185,0.05,-0.035));
#11368=CARTESIAN_POINT('',(-0.165,0.05,-0.035));
#11369=CARTESIAN_POINT('',(-0.165,0.05,-0.035));
#11370=CARTESIAN_POINT('',(-0.165,0.05,-0.035));
#11371=CARTESIAN_POINT('',(-0.185,0.05,-0.035));
#11372=CARTESIAN_POINT('',(-0.185,0.05,-0.015));
#11373=CARTESIAN_POINT('',(-0.185,0.05,-0.015));
#11374=CARTESIAN_POINT('',(-0.185,0.05,-0.035));
#11375=CARTESIAN_POINT('',(-0.185,0.05,-0.015));
#11376=CARTESIAN_POINT('',(-0.165,0.05,-0.015));
#11377=CARTESIAN_POINT('',(-0.165,0.05,-0.015));
#11378=CARTESIAN_POINT('',(-0.185,0.05,-0.015));
#11379=CARTESIAN_POINT('',(-0.165,0.05,-0.015));
#11380=CARTESIAN_POINT('',(-0.165,0.05,-0.015));
#11381=CARTESIAN_POINT('',(0.3,0.05,-0.05));
#11382=CARTESIAN_POINT('',(0.435,0.05,0.015));
#11383=CARTESIAN_POINT('',(0.415,0.05,0.015));
#11384=CARTESIAN_POINT('',(0.415,0.05,0.015));
#11385=CARTESIAN_POINT('',(0.435,0.05,0.015));
#11386=CARTESIAN_POINT('',(0.435,0.05,0.015));
#11387=CARTESIAN_POINT('',(0.435,0.05,0.015));
#11388=CARTESIAN_POINT('',(0.415,0.05,0.015));
#11389=CARTESIAN_POINT('',(0.415,0.05,0.035));
#11390=CARTESIAN_POINT('',(0.415,0.05,0.035));
#11391=CARTESIAN_POINT('',(0.415,0.05,0.015));
#11392=CARTESIAN_POINT('',(0.415,0.05,0.035));
#11393=CARTESIAN_POINT('',(0.435,0.05,0.035));
#11394=CARTESIAN_POINT('',(0.435,0.05,0.035));
#11395=CARTESIAN_POINT('',(0.415,0.05,0.035));
#11396=CARTESIAN_POINT('',(0.435,0.05,0.035));
#11397=CARTESIAN_POINT('',(0.435,0.05,0.035));
#11398=CARTESIAN_POINT('',(0.9,0.05,0.));
#11399=CARTESIAN_POINT('',(0.485,0.05,0.015));
#11400=CARTESIAN_POINT('',(0.465,0.05,0.015));
#11401=CARTESIAN_POINT('',(0.465,0.05,0.015));
#11402=CARTESIAN_POINT('',(0.485,0.05,0.015));
#11403=CARTESIAN_POINT('',(0.485,0.05,0.015));
#11404=CARTESIAN_POINT('',(0.485,0.05,0.015));
#11405=CARTESIAN_POINT('',(0.465,0.05,0.015));
#11406=CARTESIAN_POINT('',(0.465,0.05,0.035));
#11407=CARTESIAN_POINT('',(0.465,0.05,0.035));
#11408=CARTESIAN_POINT('',(0.465,0.05,0.015));
#11409=CARTESIAN_POINT('',(0.465,0.05,0.035));
#11410=CARTESIAN_POINT('',(0.485,0.05,0.035));
#11411=CARTESIAN_POINT('',(0.485,0.05,0.035));
#11412=CARTESIAN_POINT('',(0.465,0.05,0.035));
#11413=CARTESIAN_POINT('',(0.485,0.05,0.035));
#11414=CARTESIAN_POINT('',(0.485,0.05,0.035));
#11415=CARTESIAN_POINT('',(0.95,0.05,0.));
#11416=CARTESIAN_POINT('',(-0.465,0.05,-0.035));
#11417=CARTESIAN_POINT('',(-0.485,0.05,-0.035));
#11418=CARTESIAN_POINT('',(-0.485,0.05,-0.035));
#11419=CARTESIAN_POINT('',(-0.465,0.05,-0.035));
#11420=CARTESIAN_POINT('',(-0.465,0.05,-0.035));
#11421=CARTESIAN_POINT('',(-0.465,0.05,-0.035));
#11422=CARTESIAN_POINT('',(-0.485,0.05,-0.035));
#11423=CARTESIAN_POINT('',(-0.485,0.05,-0.015));
#11424=CARTESIAN_POINT('',(-0.485,0.05,-0.015));
#11425=CARTESIAN_POINT('',(-0.485,0.05,-0.035));
#11426=CARTESIAN_POINT('',(-0.485,0.05,-0.015));
#11427=CARTESIAN_POINT('',(-0.465,0.05,-0.015));
#11428=CARTESIAN_POINT('',(-0.465,0.05,-0.015));
#11429=CARTESIAN_POINT('',(-0.485,0.05,-0.015));
#11430=CARTESIAN_POINT('',(-0.465,0.05,-0.015));
#11431=CARTESIAN_POINT('',(-0.465,0.05,-0.015));
#11432=CARTESIAN_POINT('',(0.,0.05,-0.05));
#11433=CARTESIAN_POINT('',(-0.415,0.05,-0.035));
#11434=CARTESIAN_POINT('',(-0.435,0.05,-0.035));
#11435=CARTESIAN_POINT('',(-0.435,0.05,-0.035));
#11436=CARTESIAN_POINT('',(-0.415,0.05,-0.035));
#11437=CARTESIAN_POINT('',(-0.415,0.05,-0.035));
#11438=CARTESIAN_POINT('',(-0.415,0.05,-0.035));
#11439=CARTESIAN_POINT('',(-0.435,0.05,-0.035));
#11440=CARTESIAN_POINT('',(-0.435,0.05,-0.015));
#11441=CARTESIAN_POINT('',(-0.435,0.05,-0.015));
#11442=CARTESIAN_POINT('',(-0.435,0.05,-0.035));
#11443=CARTESIAN_POINT('',(-0.435,0.05,-0.015));
#11444=CARTESIAN_POINT('',(-0.415,0.05,-0.015));
#11445=CARTESIAN_POINT('',(-0.415,0.05,-0.015));
#11446=CARTESIAN_POINT('',(-0.435,0.05,-0.015));
#11447=CARTESIAN_POINT('',(-0.415,0.05,-0.015));
#11448=CARTESIAN_POINT('',(-0.415,0.05,-0.015));
#11449=CARTESIAN_POINT('',(0.05,0.05,-0.05));
#11450=CARTESIAN_POINT('',(-0.365,0.05,-0.035));
#11451=CARTESIAN_POINT('',(-0.385,0.05,-0.035));
#11452=CARTESIAN_POINT('',(-0.385,0.05,-0.035));
#11453=CARTESIAN_POINT('',(-0.365,0.05,-0.035));
#11454=CARTESIAN_POINT('',(-0.365,0.05,-0.035));
#11455=CARTESIAN_POINT('',(-0.365,0.05,-0.035));
#11456=CARTESIAN_POINT('',(-0.385,0.05,-0.035));
#11457=CARTESIAN_POINT('',(-0.385,0.05,-0.015));
#11458=CARTESIAN_POINT('',(-0.385,0.05,-0.015));
#11459=CARTESIAN_POINT('',(-0.385,0.05,-0.035));
#11460=CARTESIAN_POINT('',(-0.385,0.05,-0.015));
#11461=CARTESIAN_POINT('',(-0.365,0.05,-0.015));
#11462=CARTESIAN_POINT('',(-0.365,0.05,-0.015));
#11463=CARTESIAN_POINT('',(-0.385,0.05,-0.015));
#11464=CARTESIAN_POINT('',(-0.365,0.05,-0.015));
#11465=CARTESIAN_POINT('',(-0.365,0.05,-0.015));
#11466=CARTESIAN_POINT('',(0.1,0.05,-0.05));
#11467=CARTESIAN_POINT('',(-0.315,0.05,-0.035));
#11468=CARTESIAN_POINT('',(-0.335,0.05,-0.035));
#11469=CARTESIAN_POINT('',(-0.335,0.05,-0.035));
#11470=CARTESIAN_POINT('',(-0.315,0.05,-0.035));
#11471=CARTESIAN_POINT('',(-0.315,0.05,-0.035));
#11472=CARTESIAN_POINT('',(-0.315,0.05,-0.035));
#11473=CARTESIAN_POINT('',(-0.335,0.05,-0.035));
#11474=CARTESIAN_POINT('',(-0.335,0.05,-0.015));
#11475=CARTESIAN_POINT('',(-0.335,0.05,-0.015));
#11476=CARTESIAN_POINT('',(-0.335,0.05,-0.035));
#11477=CARTESIAN_POINT('',(-0.335,0.05,-0.015));
#11478=CARTESIAN_POINT('',(-0.315,0.05,-0.015));
#11479=CARTESIAN_POINT('',(-0.315,0.05,-0.015));
#11480=CARTESIAN_POINT('',(-0.335,0.05,-0.015));
#11481=CARTESIAN_POINT('',(-0.315,0.05,-0.015));
#11482=CARTESIAN_POINT('',(-0.315,0.05,-0.015));
#11483=CARTESIAN_POINT('',(0.15,0.05,-0.05));
#11484=CARTESIAN_POINT('',(-0.265,0.05,-0.035));
#11485=CARTESIAN_POINT('',(-0.285,0.05,-0.035));
#11486=CARTESIAN_POINT('',(-0.285,0.05,-0.035));
#11487=CARTESIAN_POINT('',(-0.265,0.05,-0.035));
#11488=CARTESIAN_POINT('',(-0.265,0.05,-0.035));
#11489=CARTESIAN_POINT('',(-0.265,0.05,-0.035));
#11490=CARTESIAN_POINT('',(-0.285,0.05,-0.035));
#11491=CARTESIAN_POINT('',(-0.285,0.05,-0.015));
#11492=CARTESIAN_POINT('',(-0.285,0.05,-0.015));
#11493=CARTESIAN_POINT('',(-0.285,0.05,-0.035));
#11494=CARTESIAN_POINT('',(-0.285,0.05,-0.015));
#11495=CARTESIAN_POINT('',(-0.265,0.05,-0.015));
#11496=CARTESIAN_POINT('',(-0.265,0.05,-0.015));
#11497=CARTESIAN_POINT('',(-0.285,0.05,-0.015));
#11498=CARTESIAN_POINT('',(-0.265,0.05,-0.015));
#11499=CARTESIAN_POINT('',(-0.265,0.05,-0.015));
#11500=CARTESIAN_POINT('',(0.2,0.05,-0.05));
#11501=CARTESIAN_POINT('',(-0.215,0.05,-0.035));
#11502=CARTESIAN_POINT('',(-0.235,0.05,-0.035));
#11503=CARTESIAN_POINT('',(-0.235,0.05,-0.035));
#11504=CARTESIAN_POINT('',(-0.215,0.05,-0.035));
#11505=CARTESIAN_POINT('',(-0.215,0.05,-0.035));
#11506=CARTESIAN_POINT('',(-0.215,0.05,-0.035));
#11507=CARTESIAN_POINT('',(-0.235,0.05,-0.035));
#11508=CARTESIAN_POINT('',(-0.235,0.05,-0.015));
#11509=CARTESIAN_POINT('',(-0.235,0.05,-0.015));
#11510=CARTESIAN_POINT('',(-0.235,0.05,-0.035));
#11511=CARTESIAN_POINT('',(-0.235,0.05,-0.015));
#11512=CARTESIAN_POINT('',(-0.215,0.05,-0.015));
#11513=CARTESIAN_POINT('',(-0.215,0.05,-0.015));
#11514=CARTESIAN_POINT('',(-0.235,0.05,-0.015));
#11515=CARTESIAN_POINT('',(-0.215,0.05,-0.015));
#11516=CARTESIAN_POINT('',(-0.215,0.05,-0.015));
#11517=CARTESIAN_POINT('',(0.25,0.05,-0.05));
#11518=CARTESIAN_POINT('',(0.,0.,0.));
#11519=CARTESIAN_POINT('',(0.,-0.12,0.));
#11520=CARTESIAN_POINT('',(0.,-0.12,0.0225));
#11521=CARTESIAN_POINT('',(-0.465,-0.12,0.0225));
#11522=CARTESIAN_POINT('',(-0.485,-0.12,0.0225));
#11523=CARTESIAN_POINT('',(-0.465,-0.12,0.));
#11524=CARTESIAN_POINT('',(-0.465,-0.12,0.0275));
#11525=CARTESIAN_POINT('',(0.,-0.12,0.0275));
#11526=CARTESIAN_POINT('',(-0.485,-0.12,0.0275));
#11527=CARTESIAN_POINT('',(-0.485,-0.12,-0.035));
#11528=CARTESIAN_POINT('',(0.,-0.12,0.));
#11529=CARTESIAN_POINT('',(0.,-0.12,-0.0275));
#11530=CARTESIAN_POINT('',(-0.465,-0.12,-0.0275));
#11531=CARTESIAN_POINT('',(-0.485,-0.12,-0.0275));
#11532=CARTESIAN_POINT('',(-0.465,-0.12,0.));
#11533=CARTESIAN_POINT('',(-0.465,-0.12,-0.0225));
#11534=CARTESIAN_POINT('',(0.,-0.12,-0.0225));
#11535=CARTESIAN_POINT('',(-0.485,-0.12,-0.0225));
#11536=CARTESIAN_POINT('',(-0.485,-0.12,-0.035));
#11537=CARTESIAN_POINT('',(0.,-0.12,0.));
#11538=CARTESIAN_POINT('',(0.,-0.12,0.0225));
#11539=CARTESIAN_POINT('',(0.485,-0.12,0.0225));
#11540=CARTESIAN_POINT('',(0.465,-0.12,0.0225));
#11541=CARTESIAN_POINT('',(0.485,-0.12,0.035));
#11542=CARTESIAN_POINT('',(0.485,-0.12,0.0275));
#11543=CARTESIAN_POINT('',(0.,-0.12,0.0275));
#11544=CARTESIAN_POINT('',(0.465,-0.12,0.0275));
#11545=CARTESIAN_POINT('',(0.465,-0.12,0.));
#11546=CARTESIAN_POINT('',(0.,-0.12,0.));
#11547=CARTESIAN_POINT('',(0.,-0.12,-0.0275));
#11548=CARTESIAN_POINT('',(0.485,-0.12,-0.0275));
#11549=CARTESIAN_POINT('',(0.465,-0.12,-0.0275));
#11550=CARTESIAN_POINT('',(0.485,-0.12,0.035));
#11551=CARTESIAN_POINT('',(0.485,-0.12,-0.0225));
#11552=CARTESIAN_POINT('',(0.,-0.12,-0.0225));
#11553=CARTESIAN_POINT('',(0.465,-0.12,-0.0225));
#11554=CARTESIAN_POINT('',(0.465,-0.12,0.));
#11555=CARTESIAN_POINT('',(0.485,-0.12,-0.035));
#11556=CARTESIAN_POINT('',(0.485,0.025,-0.035));
#11557=CARTESIAN_POINT('',(-0.485,0.025,-0.035));
#11558=CARTESIAN_POINT('',(0.485,0.025,-0.035));
#11559=CARTESIAN_POINT('',(-0.485,-0.12,-0.035));
#11560=CARTESIAN_POINT('',(-0.485,0.03,-0.035));
#11561=CARTESIAN_POINT('',(0.485,0.03,-0.035));
#11562=CARTESIAN_POINT('',(0.485,0.03,-0.035));
#11563=CARTESIAN_POINT('',(0.485,-0.12,-0.035));
#11564=CARTESIAN_POINT('',(-0.485,-0.12,-0.035));
#11565=CARTESIAN_POINT('',(-0.485,0.025,-0.035));
#11566=CARTESIAN_POINT('',(-0.485,0.025,0.035));
#11567=CARTESIAN_POINT('',(-0.485,0.025,0.0275));
#11568=CARTESIAN_POINT('',(-0.485,-0.12,0.035));
#11569=CARTESIAN_POINT('',(-0.485,0.03,0.035));
#11570=CARTESIAN_POINT('',(-0.485,0.03,-0.035));
#11571=CARTESIAN_POINT('',(-0.485,0.025,-0.035));
#11572=CARTESIAN_POINT('',(-0.485,0.025,-0.0275));
#11573=CARTESIAN_POINT('',(-0.485,-0.125,-0.0275));
#11574=CARTESIAN_POINT('',(-0.485,-0.125,-0.0225));
#11575=CARTESIAN_POINT('',(-0.485,0.025,-0.0225));
#11576=CARTESIAN_POINT('',(-0.485,0.025,-0.035));
#11577=CARTESIAN_POINT('',(-0.485,0.025,0.0225));
#11578=CARTESIAN_POINT('',(-0.485,-0.125,0.0225));
#11579=CARTESIAN_POINT('',(-0.485,-0.125,0.0275));
#11580=CARTESIAN_POINT('',(-0.485,-0.12,0.035));
#11581=CARTESIAN_POINT('',(-0.485,0.025,0.035));
#11582=CARTESIAN_POINT('',(0.485,0.025,0.035));
#11583=CARTESIAN_POINT('',(0.485,-0.12,0.035));
#11584=CARTESIAN_POINT('',(0.485,0.03,0.035));
#11585=CARTESIAN_POINT('',(-0.485,0.03,0.035));
#11586=CARTESIAN_POINT('',(0.485,-0.12,0.035));
#11587=CARTESIAN_POINT('',(0.485,0.025,0.035));
#11588=CARTESIAN_POINT('',(0.485,0.025,-0.0275));
#11589=CARTESIAN_POINT('',(0.485,0.03,0.035));
#11590=CARTESIAN_POINT('',(0.485,0.025,0.035));
#11591=CARTESIAN_POINT('',(0.485,0.025,0.0275));
#11592=CARTESIAN_POINT('',(0.485,-0.125,0.0275));
#11593=CARTESIAN_POINT('',(0.485,-0.125,0.0225));
#11594=CARTESIAN_POINT('',(0.485,0.025,0.0225));
#11595=CARTESIAN_POINT('',(0.485,0.025,0.035));
#11596=CARTESIAN_POINT('',(0.485,0.025,-0.0225));
#11597=CARTESIAN_POINT('',(0.485,-0.125,-0.0225));
#11598=CARTESIAN_POINT('',(0.485,-0.125,-0.0275));
#11599=CARTESIAN_POINT('',(0.,0.03,0.));
#11600=CARTESIAN_POINT('',(0.485,-0.125,0.0225));
#11601=CARTESIAN_POINT('',(0.465,-0.125,0.0225));
#11602=CARTESIAN_POINT('',(0.465,0.025,0.0225));
#11603=CARTESIAN_POINT('',(0.485,0.025,0.0225));
#11604=CARTESIAN_POINT('',(0.465,-0.125,0.0275));
#11605=CARTESIAN_POINT('',(0.465,0.025,0.0275));
#11606=CARTESIAN_POINT('',(0.465,0.025,0.0275));
#11607=CARTESIAN_POINT('',(0.465,-0.125,0.0275));
#11608=CARTESIAN_POINT('',(0.485,-0.125,-0.0275));
#11609=CARTESIAN_POINT('',(0.465,-0.125,-0.0275));
#11610=CARTESIAN_POINT('',(0.465,0.025,-0.0275));
#11611=CARTESIAN_POINT('',(0.485,0.025,-0.0275));
#11612=CARTESIAN_POINT('',(0.465,-0.125,-0.0225));
#11613=CARTESIAN_POINT('',(0.465,0.025,-0.0225));
#11614=CARTESIAN_POINT('',(0.465,0.025,-0.0225));
#11615=CARTESIAN_POINT('',(0.465,-0.125,-0.0225));
#11616=CARTESIAN_POINT('',(0.435,-0.125,0.0225));
#11617=CARTESIAN_POINT('',(0.,-0.12,0.0225));
#11618=CARTESIAN_POINT('',(0.435,-0.12,0.0225));
#11619=CARTESIAN_POINT('',(0.415,-0.12,0.0225));
#11620=CARTESIAN_POINT('',(0.415,-0.125,0.0225));
#11621=CARTESIAN_POINT('',(0.415,0.025,0.0225));
#11622=CARTESIAN_POINT('',(0.435,0.025,0.0225));
#11623=CARTESIAN_POINT('',(0.435,0.025,0.0225));
#11624=CARTESIAN_POINT('',(0.435,-0.125,0.0225));
#11625=CARTESIAN_POINT('',(0.435,-0.125,0.0275));
#11626=CARTESIAN_POINT('',(0.435,-0.12,0.));
#11627=CARTESIAN_POINT('',(0.435,-0.12,0.0275));
#11628=CARTESIAN_POINT('',(0.435,0.025,0.0275));
#11629=CARTESIAN_POINT('',(0.435,0.025,0.0275));
#11630=CARTESIAN_POINT('',(0.435,-0.125,0.0275));
#11631=CARTESIAN_POINT('',(0.415,-0.125,0.0275));
#11632=CARTESIAN_POINT('',(0.,-0.12,0.0275));
#11633=CARTESIAN_POINT('',(0.415,-0.12,0.0275));
#11634=CARTESIAN_POINT('',(0.415,0.025,0.0275));
#11635=CARTESIAN_POINT('',(0.415,0.025,0.0275));
#11636=CARTESIAN_POINT('',(0.415,-0.125,0.0275));
#11637=CARTESIAN_POINT('',(0.435,-0.125,-0.0275));
#11638=CARTESIAN_POINT('',(0.,-0.12,-0.0275));
#11639=CARTESIAN_POINT('',(0.435,-0.12,-0.0275));
#11640=CARTESIAN_POINT('',(0.415,-0.12,-0.0275));
#11641=CARTESIAN_POINT('',(0.415,-0.125,-0.0275));
#11642=CARTESIAN_POINT('',(0.415,0.025,-0.0275));
#11643=CARTESIAN_POINT('',(0.435,0.025,-0.0275));
#11644=CARTESIAN_POINT('',(0.435,0.025,-0.0275));
#11645=CARTESIAN_POINT('',(0.435,-0.125,-0.0275));
#11646=CARTESIAN_POINT('',(0.435,-0.125,-0.0225));
#11647=CARTESIAN_POINT('',(0.435,-0.12,0.));
#11648=CARTESIAN_POINT('',(0.435,-0.12,-0.0225));
#11649=CARTESIAN_POINT('',(0.435,0.025,-0.0225));
#11650=CARTESIAN_POINT('',(0.435,0.025,-0.0225));
#11651=CARTESIAN_POINT('',(0.435,-0.125,-0.0225));
#11652=CARTESIAN_POINT('',(0.415,-0.125,-0.0225));
#11653=CARTESIAN_POINT('',(0.,-0.12,-0.0225));
#11654=CARTESIAN_POINT('',(0.415,-0.12,-0.0225));
#11655=CARTESIAN_POINT('',(0.415,0.025,-0.0225));
#11656=CARTESIAN_POINT('',(0.415,0.025,-0.0225));
#11657=CARTESIAN_POINT('',(0.415,-0.125,-0.0225));
#11658=CARTESIAN_POINT('',(0.385,-0.125,0.0225));
#11659=CARTESIAN_POINT('',(0.,-0.12,0.0225));
#11660=CARTESIAN_POINT('',(0.385,-0.12,0.0225));
#11661=CARTESIAN_POINT('',(0.365,-0.12,0.0225));
#11662=CARTESIAN_POINT('',(0.365,-0.125,0.0225));
#11663=CARTESIAN_POINT('',(0.365,0.025,0.0225));
#11664=CARTESIAN_POINT('',(0.385,0.025,0.0225));
#11665=CARTESIAN_POINT('',(0.385,0.025,0.0225));
#11666=CARTESIAN_POINT('',(0.385,-0.125,0.0225));
#11667=CARTESIAN_POINT('',(0.385,-0.125,0.0275));
#11668=CARTESIAN_POINT('',(0.385,-0.12,0.));
#11669=CARTESIAN_POINT('',(0.385,-0.12,0.0275));
#11670=CARTESIAN_POINT('',(0.385,0.025,0.0275));
#11671=CARTESIAN_POINT('',(0.385,0.025,0.0275));
#11672=CARTESIAN_POINT('',(0.385,-0.125,0.0275));
#11673=CARTESIAN_POINT('',(0.365,-0.125,0.0275));
#11674=CARTESIAN_POINT('',(0.,-0.12,0.0275));
#11675=CARTESIAN_POINT('',(0.365,-0.12,0.0275));
#11676=CARTESIAN_POINT('',(0.365,0.025,0.0275));
#11677=CARTESIAN_POINT('',(0.365,0.025,0.0275));
#11678=CARTESIAN_POINT('',(0.365,-0.125,0.0275));
#11679=CARTESIAN_POINT('',(0.385,-0.125,-0.0275));
#11680=CARTESIAN_POINT('',(0.,-0.12,-0.0275));
#11681=CARTESIAN_POINT('',(0.385,-0.12,-0.0275));
#11682=CARTESIAN_POINT('',(0.365,-0.12,-0.0275));
#11683=CARTESIAN_POINT('',(0.365,-0.125,-0.0275));
#11684=CARTESIAN_POINT('',(0.365,0.025,-0.0275));
#11685=CARTESIAN_POINT('',(0.385,0.025,-0.0275));
#11686=CARTESIAN_POINT('',(0.385,0.025,-0.0275));
#11687=CARTESIAN_POINT('',(0.385,-0.125,-0.0275));
#11688=CARTESIAN_POINT('',(0.385,-0.125,-0.0225));
#11689=CARTESIAN_POINT('',(0.385,-0.12,0.));
#11690=CARTESIAN_POINT('',(0.385,-0.12,-0.0225));
#11691=CARTESIAN_POINT('',(0.385,0.025,-0.0225));
#11692=CARTESIAN_POINT('',(0.385,0.025,-0.0225));
#11693=CARTESIAN_POINT('',(0.385,-0.125,-0.0225));
#11694=CARTESIAN_POINT('',(0.365,-0.125,-0.0225));
#11695=CARTESIAN_POINT('',(0.,-0.12,-0.0225));
#11696=CARTESIAN_POINT('',(0.365,-0.12,-0.0225));
#11697=CARTESIAN_POINT('',(0.365,0.025,-0.0225));
#11698=CARTESIAN_POINT('',(0.365,0.025,-0.0225));
#11699=CARTESIAN_POINT('',(0.365,-0.125,-0.0225));
#11700=CARTESIAN_POINT('',(0.335,-0.125,0.0225));
#11701=CARTESIAN_POINT('',(0.,-0.12,0.0225));
#11702=CARTESIAN_POINT('',(0.335,-0.12,0.0225));
#11703=CARTESIAN_POINT('',(0.315,-0.12,0.0225));
#11704=CARTESIAN_POINT('',(0.315,-0.125,0.0225));
#11705=CARTESIAN_POINT('',(0.315,0.025,0.0225));
#11706=CARTESIAN_POINT('',(0.335,0.025,0.0225));
#11707=CARTESIAN_POINT('',(0.335,0.025,0.0225));
#11708=CARTESIAN_POINT('',(0.335,-0.125,0.0225));
#11709=CARTESIAN_POINT('',(0.335,-0.125,0.0275));
#11710=CARTESIAN_POINT('',(0.335,-0.12,0.));
#11711=CARTESIAN_POINT('',(0.335,-0.12,0.0275));
#11712=CARTESIAN_POINT('',(0.335,0.025,0.0275));
#11713=CARTESIAN_POINT('',(0.335,0.025,0.0275));
#11714=CARTESIAN_POINT('',(0.335,-0.125,0.0275));
#11715=CARTESIAN_POINT('',(0.315,-0.125,0.0275));
#11716=CARTESIAN_POINT('',(0.,-0.12,0.0275));
#11717=CARTESIAN_POINT('',(0.315,-0.12,0.0275));
#11718=CARTESIAN_POINT('',(0.315,0.025,0.0275));
#11719=CARTESIAN_POINT('',(0.315,0.025,0.0275));
#11720=CARTESIAN_POINT('',(0.315,-0.125,0.0275));
#11721=CARTESIAN_POINT('',(0.335,-0.125,-0.0275));
#11722=CARTESIAN_POINT('',(0.,-0.12,-0.0275));
#11723=CARTESIAN_POINT('',(0.335,-0.12,-0.0275));
#11724=CARTESIAN_POINT('',(0.315,-0.12,-0.0275));
#11725=CARTESIAN_POINT('',(0.315,-0.125,-0.0275));
#11726=CARTESIAN_POINT('',(0.315,0.025,-0.0275));
#11727=CARTESIAN_POINT('',(0.335,0.025,-0.0275));
#11728=CARTESIAN_POINT('',(0.335,0.025,-0.0275));
#11729=CARTESIAN_POINT('',(0.335,-0.125,-0.0275));
#11730=CARTESIAN_POINT('',(0.335,-0.125,-0.0225));
#11731=CARTESIAN_POINT('',(0.335,-0.12,0.));
#11732=CARTESIAN_POINT('',(0.335,-0.12,-0.0225));
#11733=CARTESIAN_POINT('',(0.335,0.025,-0.0225));
#11734=CARTESIAN_POINT('',(0.335,0.025,-0.0225));
#11735=CARTESIAN_POINT('',(0.335,-0.125,-0.0225));
#11736=CARTESIAN_POINT('',(0.315,-0.125,-0.0225));
#11737=CARTESIAN_POINT('',(0.,-0.12,-0.0225));
#11738=CARTESIAN_POINT('',(0.315,-0.12,-0.0225));
#11739=CARTESIAN_POINT('',(0.315,0.025,-0.0225));
#11740=CARTESIAN_POINT('',(0.315,0.025,-0.0225));
#11741=CARTESIAN_POINT('',(0.315,-0.125,-0.0225));
#11742=CARTESIAN_POINT('',(0.285,-0.125,0.0225));
#11743=CARTESIAN_POINT('',(0.,-0.12,0.0225));
#11744=CARTESIAN_POINT('',(0.285,-0.12,0.0225));
#11745=CARTESIAN_POINT('',(0.265,-0.12,0.0225));
#11746=CARTESIAN_POINT('',(0.265,-0.125,0.0225));
#11747=CARTESIAN_POINT('',(0.265,0.025,0.0225));
#11748=CARTESIAN_POINT('',(0.285,0.025,0.0225));
#11749=CARTESIAN_POINT('',(0.285,0.025,0.0225));
#11750=CARTESIAN_POINT('',(0.285,-0.125,0.0225));
#11751=CARTESIAN_POINT('',(0.285,-0.125,0.0275));
#11752=CARTESIAN_POINT('',(0.285,-0.12,0.));
#11753=CARTESIAN_POINT('',(0.285,-0.12,0.0275));
#11754=CARTESIAN_POINT('',(0.285,0.025,0.0275));
#11755=CARTESIAN_POINT('',(0.285,0.025,0.0275));
#11756=CARTESIAN_POINT('',(0.285,-0.125,0.0275));
#11757=CARTESIAN_POINT('',(0.265,-0.125,0.0275));
#11758=CARTESIAN_POINT('',(0.,-0.12,0.0275));
#11759=CARTESIAN_POINT('',(0.265,-0.12,0.0275));
#11760=CARTESIAN_POINT('',(0.265,0.025,0.0275));
#11761=CARTESIAN_POINT('',(0.265,0.025,0.0275));
#11762=CARTESIAN_POINT('',(0.265,-0.125,0.0275));
#11763=CARTESIAN_POINT('',(0.285,-0.125,-0.0275));
#11764=CARTESIAN_POINT('',(0.,-0.12,-0.0275));
#11765=CARTESIAN_POINT('',(0.285,-0.12,-0.0275));
#11766=CARTESIAN_POINT('',(0.265,-0.12,-0.0275));
#11767=CARTESIAN_POINT('',(0.265,-0.125,-0.0275));
#11768=CARTESIAN_POINT('',(0.265,0.025,-0.0275));
#11769=CARTESIAN_POINT('',(0.285,0.025,-0.0275));
#11770=CARTESIAN_POINT('',(0.285,0.025,-0.0275));
#11771=CARTESIAN_POINT('',(0.285,-0.125,-0.0275));
#11772=CARTESIAN_POINT('',(0.285,-0.125,-0.0225));
#11773=CARTESIAN_POINT('',(0.285,-0.12,0.));
#11774=CARTESIAN_POINT('',(0.285,-0.12,-0.0225));
#11775=CARTESIAN_POINT('',(0.285,0.025,-0.0225));
#11776=CARTESIAN_POINT('',(0.285,0.025,-0.0225));
#11777=CARTESIAN_POINT('',(0.285,-0.125,-0.0225));
#11778=CARTESIAN_POINT('',(0.265,-0.125,-0.0225));
#11779=CARTESIAN_POINT('',(0.,-0.12,-0.0225));
#11780=CARTESIAN_POINT('',(0.265,-0.12,-0.0225));
#11781=CARTESIAN_POINT('',(0.265,0.025,-0.0225));
#11782=CARTESIAN_POINT('',(0.265,0.025,-0.0225));
#11783=CARTESIAN_POINT('',(0.265,-0.125,-0.0225));
#11784=CARTESIAN_POINT('',(0.235,-0.125,0.0225));
#11785=CARTESIAN_POINT('',(0.,-0.12,0.0225));
#11786=CARTESIAN_POINT('',(0.235,-0.12,0.0225));
#11787=CARTESIAN_POINT('',(0.215,-0.12,0.0225));
#11788=CARTESIAN_POINT('',(0.215,-0.125,0.0225));
#11789=CARTESIAN_POINT('',(0.215,0.025,0.0225));
#11790=CARTESIAN_POINT('',(0.235,0.025,0.0225));
#11791=CARTESIAN_POINT('',(0.235,0.025,0.0225));
#11792=CARTESIAN_POINT('',(0.235,-0.125,0.0225));
#11793=CARTESIAN_POINT('',(0.235,-0.125,0.0275));
#11794=CARTESIAN_POINT('',(0.235,-0.12,0.));
#11795=CARTESIAN_POINT('',(0.235,-0.12,0.0275));
#11796=CARTESIAN_POINT('',(0.235,0.025,0.0275));
#11797=CARTESIAN_POINT('',(0.235,0.025,0.0275));
#11798=CARTESIAN_POINT('',(0.235,-0.125,0.0275));
#11799=CARTESIAN_POINT('',(0.215,-0.125,0.0275));
#11800=CARTESIAN_POINT('',(0.,-0.12,0.0275));
#11801=CARTESIAN_POINT('',(0.215,-0.12,0.0275));
#11802=CARTESIAN_POINT('',(0.215,0.025,0.0275));
#11803=CARTESIAN_POINT('',(0.215,0.025,0.0275));
#11804=CARTESIAN_POINT('',(0.215,-0.125,0.0275));
#11805=CARTESIAN_POINT('',(0.235,-0.125,-0.0275));
#11806=CARTESIAN_POINT('',(0.,-0.12,-0.0275));
#11807=CARTESIAN_POINT('',(0.235,-0.12,-0.0275));
#11808=CARTESIAN_POINT('',(0.215,-0.12,-0.0275));
#11809=CARTESIAN_POINT('',(0.215,-0.125,-0.0275));
#11810=CARTESIAN_POINT('',(0.215,0.025,-0.0275));
#11811=CARTESIAN_POINT('',(0.235,0.025,-0.0275));
#11812=CARTESIAN_POINT('',(0.235,0.025,-0.0275));
#11813=CARTESIAN_POINT('',(0.235,-0.125,-0.0275));
#11814=CARTESIAN_POINT('',(0.235,-0.125,-0.0225));
#11815=CARTESIAN_POINT('',(0.235,-0.12,0.));
#11816=CARTESIAN_POINT('',(0.235,-0.12,-0.0225));
#11817=CARTESIAN_POINT('',(0.235,0.025,-0.0225));
#11818=CARTESIAN_POINT('',(0.235,0.025,-0.0225));
#11819=CARTESIAN_POINT('',(0.235,-0.125,-0.0225));
#11820=CARTESIAN_POINT('',(0.215,-0.125,-0.0225));
#11821=CARTESIAN_POINT('',(0.,-0.12,-0.0225));
#11822=CARTESIAN_POINT('',(0.215,-0.12,-0.0225));
#11823=CARTESIAN_POINT('',(0.215,0.025,-0.0225));
#11824=CARTESIAN_POINT('',(0.215,0.025,-0.0225));
#11825=CARTESIAN_POINT('',(0.215,-0.125,-0.0225));
#11826=CARTESIAN_POINT('',(0.185,-0.125,0.0225));
#11827=CARTESIAN_POINT('',(0.,-0.12,0.0225));
#11828=CARTESIAN_POINT('',(0.185,-0.12,0.0225));
#11829=CARTESIAN_POINT('',(0.165,-0.12,0.0225));
#11830=CARTESIAN_POINT('',(0.165,-0.125,0.0225));
#11831=CARTESIAN_POINT('',(0.165,0.025,0.0225));
#11832=CARTESIAN_POINT('',(0.185,0.025,0.0225));
#11833=CARTESIAN_POINT('',(0.185,0.025,0.0225));
#11834=CARTESIAN_POINT('',(0.185,-0.125,0.0225));
#11835=CARTESIAN_POINT('',(0.185,-0.125,0.0275));
#11836=CARTESIAN_POINT('',(0.185,-0.12,0.));
#11837=CARTESIAN_POINT('',(0.185,-0.12,0.0275));
#11838=CARTESIAN_POINT('',(0.185,0.025,0.0275));
#11839=CARTESIAN_POINT('',(0.185,0.025,0.0275));
#11840=CARTESIAN_POINT('',(0.185,-0.125,0.0275));
#11841=CARTESIAN_POINT('',(0.165,-0.125,0.0275));
#11842=CARTESIAN_POINT('',(0.,-0.12,0.0275));
#11843=CARTESIAN_POINT('',(0.165,-0.12,0.0275));
#11844=CARTESIAN_POINT('',(0.165,0.025,0.0275));
#11845=CARTESIAN_POINT('',(0.165,0.025,0.0275));
#11846=CARTESIAN_POINT('',(0.165,-0.125,0.0275));
#11847=CARTESIAN_POINT('',(0.185,-0.125,-0.0275));
#11848=CARTESIAN_POINT('',(0.,-0.12,-0.0275));
#11849=CARTESIAN_POINT('',(0.185,-0.12,-0.0275));
#11850=CARTESIAN_POINT('',(0.165,-0.12,-0.0275));
#11851=CARTESIAN_POINT('',(0.165,-0.125,-0.0275));
#11852=CARTESIAN_POINT('',(0.165,0.025,-0.0275));
#11853=CARTESIAN_POINT('',(0.185,0.025,-0.0275));
#11854=CARTESIAN_POINT('',(0.185,0.025,-0.0275));
#11855=CARTESIAN_POINT('',(0.185,-0.125,-0.0275));
#11856=CARTESIAN_POINT('',(0.185,-0.125,-0.0225));
#11857=CARTESIAN_POINT('',(0.185,-0.12,0.));
#11858=CARTESIAN_POINT('',(0.185,-0.12,-0.0225));
#11859=CARTESIAN_POINT('',(0.185,0.025,-0.0225));
#11860=CARTESIAN_POINT('',(0.185,0.025,-0.0225));
#11861=CARTESIAN_POINT('',(0.185,-0.125,-0.0225));
#11862=CARTESIAN_POINT('',(0.165,-0.125,-0.0225));
#11863=CARTESIAN_POINT('',(0.,-0.12,-0.0225));
#11864=CARTESIAN_POINT('',(0.165,-0.12,-0.0225));
#11865=CARTESIAN_POINT('',(0.165,0.025,-0.0225));
#11866=CARTESIAN_POINT('',(0.165,0.025,-0.0225));
#11867=CARTESIAN_POINT('',(0.165,-0.125,-0.0225));
#11868=CARTESIAN_POINT('',(0.135,-0.125,0.0225));
#11869=CARTESIAN_POINT('',(0.,-0.12,0.0225));
#11870=CARTESIAN_POINT('',(0.135,-0.12,0.0225));
#11871=CARTESIAN_POINT('',(0.115,-0.12,0.0225));
#11872=CARTESIAN_POINT('',(0.115,-0.125,0.0225));
#11873=CARTESIAN_POINT('',(0.115,0.025,0.0225));
#11874=CARTESIAN_POINT('',(0.135,0.025,0.0225));
#11875=CARTESIAN_POINT('',(0.135,0.025,0.0225));
#11876=CARTESIAN_POINT('',(0.135,-0.125,0.0225));
#11877=CARTESIAN_POINT('',(0.135,-0.125,0.0275));
#11878=CARTESIAN_POINT('',(0.135,-0.12,0.));
#11879=CARTESIAN_POINT('',(0.135,-0.12,0.0275));
#11880=CARTESIAN_POINT('',(0.135,0.025,0.0275));
#11881=CARTESIAN_POINT('',(0.135,0.025,0.0275));
#11882=CARTESIAN_POINT('',(0.135,-0.125,0.0275));
#11883=CARTESIAN_POINT('',(0.115,-0.125,0.0275));
#11884=CARTESIAN_POINT('',(0.,-0.12,0.0275));
#11885=CARTESIAN_POINT('',(0.115,-0.12,0.0275));
#11886=CARTESIAN_POINT('',(0.115,0.025,0.0275));
#11887=CARTESIAN_POINT('',(0.115,0.025,0.0275));
#11888=CARTESIAN_POINT('',(0.115,-0.125,0.0275));
#11889=CARTESIAN_POINT('',(0.135,-0.125,-0.0275));
#11890=CARTESIAN_POINT('',(0.,-0.12,-0.0275));
#11891=CARTESIAN_POINT('',(0.135,-0.12,-0.0275));
#11892=CARTESIAN_POINT('',(0.115,-0.12,-0.0275));
#11893=CARTESIAN_POINT('',(0.115,-0.125,-0.0275));
#11894=CARTESIAN_POINT('',(0.115,0.025,-0.0275));
#11895=CARTESIAN_POINT('',(0.135,0.025,-0.0275));
#11896=CARTESIAN_POINT('',(0.135,0.025,-0.0275));
#11897=CARTESIAN_POINT('',(0.135,-0.125,-0.0275));
#11898=CARTESIAN_POINT('',(0.135,-0.125,-0.0225));
#11899=CARTESIAN_POINT('',(0.135,-0.12,0.));
#11900=CARTESIAN_POINT('',(0.135,-0.12,-0.0225));
#11901=CARTESIAN_POINT('',(0.135,0.025,-0.0225));
#11902=CARTESIAN_POINT('',(0.135,0.025,-0.0225));
#11903=CARTESIAN_POINT('',(0.135,-0.125,-0.0225));
#11904=CARTESIAN_POINT('',(0.115,-0.125,-0.0225));
#11905=CARTESIAN_POINT('',(0.,-0.12,-0.0225));
#11906=CARTESIAN_POINT('',(0.115,-0.12,-0.0225));
#11907=CARTESIAN_POINT('',(0.115,0.025,-0.0225));
#11908=CARTESIAN_POINT('',(0.115,0.025,-0.0225));
#11909=CARTESIAN_POINT('',(0.115,-0.125,-0.0225));
#11910=CARTESIAN_POINT('',(0.085,-0.125,0.0225));
#11911=CARTESIAN_POINT('',(0.,-0.12,0.0225));
#11912=CARTESIAN_POINT('',(0.085,-0.12,0.0225));
#11913=CARTESIAN_POINT('',(0.065,-0.12,0.0225));
#11914=CARTESIAN_POINT('',(0.065,-0.125,0.0225));
#11915=CARTESIAN_POINT('',(0.065,0.025,0.0225));
#11916=CARTESIAN_POINT('',(0.085,0.025,0.0225));
#11917=CARTESIAN_POINT('',(0.085,0.025,0.0225));
#11918=CARTESIAN_POINT('',(0.085,-0.125,0.0225));
#11919=CARTESIAN_POINT('',(0.085,-0.125,0.0275));
#11920=CARTESIAN_POINT('',(0.085,-0.12,0.));
#11921=CARTESIAN_POINT('',(0.085,-0.12,0.0275));
#11922=CARTESIAN_POINT('',(0.085,0.025,0.0275));
#11923=CARTESIAN_POINT('',(0.085,0.025,0.0275));
#11924=CARTESIAN_POINT('',(0.085,-0.125,0.0275));
#11925=CARTESIAN_POINT('',(0.065,-0.125,0.0275));
#11926=CARTESIAN_POINT('',(0.,-0.12,0.0275));
#11927=CARTESIAN_POINT('',(0.065,-0.12,0.0275));
#11928=CARTESIAN_POINT('',(0.065,0.025,0.0275));
#11929=CARTESIAN_POINT('',(0.065,0.025,0.0275));
#11930=CARTESIAN_POINT('',(0.065,-0.125,0.0275));
#11931=CARTESIAN_POINT('',(0.085,-0.125,-0.0275));
#11932=CARTESIAN_POINT('',(0.,-0.12,-0.0275));
#11933=CARTESIAN_POINT('',(0.085,-0.12,-0.0275));
#11934=CARTESIAN_POINT('',(0.065,-0.12,-0.0275));
#11935=CARTESIAN_POINT('',(0.065,-0.125,-0.0275));
#11936=CARTESIAN_POINT('',(0.065,0.025,-0.0275));
#11937=CARTESIAN_POINT('',(0.085,0.025,-0.0275));
#11938=CARTESIAN_POINT('',(0.085,0.025,-0.0275));
#11939=CARTESIAN_POINT('',(0.085,-0.125,-0.0275));
#11940=CARTESIAN_POINT('',(0.085,-0.125,-0.0225));
#11941=CARTESIAN_POINT('',(0.085,-0.12,0.));
#11942=CARTESIAN_POINT('',(0.085,-0.12,-0.0225));
#11943=CARTESIAN_POINT('',(0.085,0.025,-0.0225));
#11944=CARTESIAN_POINT('',(0.085,0.025,-0.0225));
#11945=CARTESIAN_POINT('',(0.085,-0.125,-0.0225));
#11946=CARTESIAN_POINT('',(0.065,-0.125,-0.0225));
#11947=CARTESIAN_POINT('',(0.,-0.12,-0.0225));
#11948=CARTESIAN_POINT('',(0.065,-0.12,-0.0225));
#11949=CARTESIAN_POINT('',(0.065,0.025,-0.0225));
#11950=CARTESIAN_POINT('',(0.065,0.025,-0.0225));
#11951=CARTESIAN_POINT('',(0.065,-0.125,-0.0225));
#11952=CARTESIAN_POINT('',(0.035,-0.125,0.0225));
#11953=CARTESIAN_POINT('',(0.,-0.12,0.0225));
#11954=CARTESIAN_POINT('',(0.035,-0.12,0.0225));
#11955=CARTESIAN_POINT('',(0.015,-0.12,0.0225));
#11956=CARTESIAN_POINT('',(0.015,-0.125,0.0225));
#11957=CARTESIAN_POINT('',(0.015,0.025,0.0225));
#11958=CARTESIAN_POINT('',(0.035,0.025,0.0225));
#11959=CARTESIAN_POINT('',(0.035,0.025,0.0225));
#11960=CARTESIAN_POINT('',(0.035,-0.125,0.0225));
#11961=CARTESIAN_POINT('',(0.035,-0.125,0.0275));
#11962=CARTESIAN_POINT('',(0.035,-0.12,0.));
#11963=CARTESIAN_POINT('',(0.035,-0.12,0.0275));
#11964=CARTESIAN_POINT('',(0.035,0.025,0.0275));
#11965=CARTESIAN_POINT('',(0.035,0.025,0.0275));
#11966=CARTESIAN_POINT('',(0.035,-0.125,0.0275));
#11967=CARTESIAN_POINT('',(0.015,-0.125,0.0275));
#11968=CARTESIAN_POINT('',(0.,-0.12,0.0275));
#11969=CARTESIAN_POINT('',(0.015,-0.12,0.0275));
#11970=CARTESIAN_POINT('',(0.015,0.025,0.0275));
#11971=CARTESIAN_POINT('',(0.015,0.025,0.0275));
#11972=CARTESIAN_POINT('',(0.015,-0.125,0.0275));
#11973=CARTESIAN_POINT('',(0.035,-0.125,-0.0275));
#11974=CARTESIAN_POINT('',(0.,-0.12,-0.0275));
#11975=CARTESIAN_POINT('',(0.035,-0.12,-0.0275));
#11976=CARTESIAN_POINT('',(0.015,-0.12,-0.0275));
#11977=CARTESIAN_POINT('',(0.015,-0.125,-0.0275));
#11978=CARTESIAN_POINT('',(0.015,0.025,-0.0275));
#11979=CARTESIAN_POINT('',(0.035,0.025,-0.0275));
#11980=CARTESIAN_POINT('',(0.035,0.025,-0.0275));
#11981=CARTESIAN_POINT('',(0.035,-0.125,-0.0275));
#11982=CARTESIAN_POINT('',(0.035,-0.125,-0.0225));
#11983=CARTESIAN_POINT('',(0.035,-0.12,0.));
#11984=CARTESIAN_POINT('',(0.035,-0.12,-0.0225));
#11985=CARTESIAN_POINT('',(0.035,0.025,-0.0225));
#11986=CARTESIAN_POINT('',(0.035,0.025,-0.0225));
#11987=CARTESIAN_POINT('',(0.035,-0.125,-0.0225));
#11988=CARTESIAN_POINT('',(0.015,-0.125,-0.0225));
#11989=CARTESIAN_POINT('',(0.,-0.12,-0.0225));
#11990=CARTESIAN_POINT('',(0.015,-0.12,-0.0225));
#11991=CARTESIAN_POINT('',(0.015,0.025,-0.0225));
#11992=CARTESIAN_POINT('',(0.015,0.025,-0.0225));
#11993=CARTESIAN_POINT('',(0.015,-0.125,-0.0225));
#11994=CARTESIAN_POINT('',(-0.015,-0.125,0.0225));
#11995=CARTESIAN_POINT('',(0.,-0.12,0.0225));
#11996=CARTESIAN_POINT('',(-0.015,-0.12,0.0225));
#11997=CARTESIAN_POINT('',(-0.035,-0.12,0.0225));
#11998=CARTESIAN_POINT('',(-0.035,-0.125,0.0225));
#11999=CARTESIAN_POINT('',(-0.035,0.025,0.0225));
#12000=CARTESIAN_POINT('',(-0.015,0.025,0.0225));
#12001=CARTESIAN_POINT('',(-0.015,0.025,0.0225));
#12002=CARTESIAN_POINT('',(-0.015,-0.125,0.0225));
#12003=CARTESIAN_POINT('',(-0.015,-0.125,0.0275));
#12004=CARTESIAN_POINT('',(-0.015,-0.12,0.));
#12005=CARTESIAN_POINT('',(-0.015,-0.12,0.0275));
#12006=CARTESIAN_POINT('',(-0.015,0.025,0.0275));
#12007=CARTESIAN_POINT('',(-0.015,0.025,0.0275));
#12008=CARTESIAN_POINT('',(-0.015,-0.125,0.0275));
#12009=CARTESIAN_POINT('',(-0.035,-0.125,0.0275));
#12010=CARTESIAN_POINT('',(0.,-0.12,0.0275));
#12011=CARTESIAN_POINT('',(-0.035,-0.12,0.0275));
#12012=CARTESIAN_POINT('',(-0.035,0.025,0.0275));
#12013=CARTESIAN_POINT('',(-0.035,0.025,0.0275));
#12014=CARTESIAN_POINT('',(-0.035,-0.125,0.0275));
#12015=CARTESIAN_POINT('',(-0.015,-0.125,-0.0275));
#12016=CARTESIAN_POINT('',(0.,-0.12,-0.0275));
#12017=CARTESIAN_POINT('',(-0.015,-0.12,-0.0275));
#12018=CARTESIAN_POINT('',(-0.035,-0.12,-0.0275));
#12019=CARTESIAN_POINT('',(-0.035,-0.125,-0.0275));
#12020=CARTESIAN_POINT('',(-0.035,0.025,-0.0275));
#12021=CARTESIAN_POINT('',(-0.015,0.025,-0.0275));
#12022=CARTESIAN_POINT('',(-0.015,0.025,-0.0275));
#12023=CARTESIAN_POINT('',(-0.015,-0.125,-0.0275));
#12024=CARTESIAN_POINT('',(-0.015,-0.125,-0.0225));
#12025=CARTESIAN_POINT('',(-0.015,-0.12,0.));
#12026=CARTESIAN_POINT('',(-0.015,-0.12,-0.0225));
#12027=CARTESIAN_POINT('',(-0.015,0.025,-0.0225));
#12028=CARTESIAN_POINT('',(-0.015,0.025,-0.0225));
#12029=CARTESIAN_POINT('',(-0.015,-0.125,-0.0225));
#12030=CARTESIAN_POINT('',(-0.035,-0.125,-0.0225));
#12031=CARTESIAN_POINT('',(0.,-0.12,-0.0225));
#12032=CARTESIAN_POINT('',(-0.035,-0.12,-0.0225));
#12033=CARTESIAN_POINT('',(-0.035,0.025,-0.0225));
#12034=CARTESIAN_POINT('',(-0.035,0.025,-0.0225));
#12035=CARTESIAN_POINT('',(-0.035,-0.125,-0.0225));
#12036=CARTESIAN_POINT('',(-0.065,-0.125,0.0225));
#12037=CARTESIAN_POINT('',(0.,-0.12,0.0225));
#12038=CARTESIAN_POINT('',(-0.065,-0.12,0.0225));
#12039=CARTESIAN_POINT('',(-0.085,-0.12,0.0225));
#12040=CARTESIAN_POINT('',(-0.085,-0.125,0.0225));
#12041=CARTESIAN_POINT('',(-0.085,0.025,0.0225));
#12042=CARTESIAN_POINT('',(-0.065,0.025,0.0225));
#12043=CARTESIAN_POINT('',(-0.065,0.025,0.0225));
#12044=CARTESIAN_POINT('',(-0.065,-0.125,0.0225));
#12045=CARTESIAN_POINT('',(-0.065,-0.125,0.0275));
#12046=CARTESIAN_POINT('',(-0.065,-0.12,0.));
#12047=CARTESIAN_POINT('',(-0.065,-0.12,0.0275));
#12048=CARTESIAN_POINT('',(-0.065,0.025,0.0275));
#12049=CARTESIAN_POINT('',(-0.065,0.025,0.0275));
#12050=CARTESIAN_POINT('',(-0.065,-0.125,0.0275));
#12051=CARTESIAN_POINT('',(-0.085,-0.125,0.0275));
#12052=CARTESIAN_POINT('',(0.,-0.12,0.0275));
#12053=CARTESIAN_POINT('',(-0.085,-0.12,0.0275));
#12054=CARTESIAN_POINT('',(-0.085,0.025,0.0275));
#12055=CARTESIAN_POINT('',(-0.085,0.025,0.0275));
#12056=CARTESIAN_POINT('',(-0.085,-0.125,0.0275));
#12057=CARTESIAN_POINT('',(-0.065,-0.125,-0.0275));
#12058=CARTESIAN_POINT('',(0.,-0.12,-0.0275));
#12059=CARTESIAN_POINT('',(-0.065,-0.12,-0.0275));
#12060=CARTESIAN_POINT('',(-0.085,-0.12,-0.0275));
#12061=CARTESIAN_POINT('',(-0.085,-0.125,-0.0275));
#12062=CARTESIAN_POINT('',(-0.085,0.025,-0.0275));
#12063=CARTESIAN_POINT('',(-0.065,0.025,-0.0275));
#12064=CARTESIAN_POINT('',(-0.065,0.025,-0.0275));
#12065=CARTESIAN_POINT('',(-0.065,-0.125,-0.0275));
#12066=CARTESIAN_POINT('',(-0.065,-0.125,-0.0225));
#12067=CARTESIAN_POINT('',(-0.065,-0.12,0.));
#12068=CARTESIAN_POINT('',(-0.065,-0.12,-0.0225));
#12069=CARTESIAN_POINT('',(-0.065,0.025,-0.0225));
#12070=CARTESIAN_POINT('',(-0.065,0.025,-0.0225));
#12071=CARTESIAN_POINT('',(-0.065,-0.125,-0.0225));
#12072=CARTESIAN_POINT('',(-0.085,-0.125,-0.0225));
#12073=CARTESIAN_POINT('',(0.,-0.12,-0.0225));
#12074=CARTESIAN_POINT('',(-0.085,-0.12,-0.0225));
#12075=CARTESIAN_POINT('',(-0.085,0.025,-0.0225));
#12076=CARTESIAN_POINT('',(-0.085,0.025,-0.0225));
#12077=CARTESIAN_POINT('',(-0.085,-0.125,-0.0225));
#12078=CARTESIAN_POINT('',(-0.115,-0.125,0.0225));
#12079=CARTESIAN_POINT('',(0.,-0.12,0.0225));
#12080=CARTESIAN_POINT('',(-0.115,-0.12,0.0225));
#12081=CARTESIAN_POINT('',(-0.135,-0.12,0.0225));
#12082=CARTESIAN_POINT('',(-0.135,-0.125,0.0225));
#12083=CARTESIAN_POINT('',(-0.135,0.025,0.0225));
#12084=CARTESIAN_POINT('',(-0.115,0.025,0.0225));
#12085=CARTESIAN_POINT('',(-0.115,0.025,0.0225));
#12086=CARTESIAN_POINT('',(-0.115,-0.125,0.0225));
#12087=CARTESIAN_POINT('',(-0.115,-0.125,0.0275));
#12088=CARTESIAN_POINT('',(-0.115,-0.12,0.));
#12089=CARTESIAN_POINT('',(-0.115,-0.12,0.0275));
#12090=CARTESIAN_POINT('',(-0.115,0.025,0.0275));
#12091=CARTESIAN_POINT('',(-0.115,0.025,0.0275));
#12092=CARTESIAN_POINT('',(-0.115,-0.125,0.0275));
#12093=CARTESIAN_POINT('',(-0.135,-0.125,0.0275));
#12094=CARTESIAN_POINT('',(0.,-0.12,0.0275));
#12095=CARTESIAN_POINT('',(-0.135,-0.12,0.0275));
#12096=CARTESIAN_POINT('',(-0.135,0.025,0.0275));
#12097=CARTESIAN_POINT('',(-0.135,0.025,0.0275));
#12098=CARTESIAN_POINT('',(-0.135,-0.125,0.0275));
#12099=CARTESIAN_POINT('',(-0.115,-0.125,-0.0275));
#12100=CARTESIAN_POINT('',(0.,-0.12,-0.0275));
#12101=CARTESIAN_POINT('',(-0.115,-0.12,-0.0275));
#12102=CARTESIAN_POINT('',(-0.135,-0.12,-0.0275));
#12103=CARTESIAN_POINT('',(-0.135,-0.125,-0.0275));
#12104=CARTESIAN_POINT('',(-0.135,0.025,-0.0275));
#12105=CARTESIAN_POINT('',(-0.115,0.025,-0.0275));
#12106=CARTESIAN_POINT('',(-0.115,0.025,-0.0275));
#12107=CARTESIAN_POINT('',(-0.115,-0.125,-0.0275));
#12108=CARTESIAN_POINT('',(-0.115,-0.125,-0.0225));
#12109=CARTESIAN_POINT('',(-0.115,-0.12,0.));
#12110=CARTESIAN_POINT('',(-0.115,-0.12,-0.0225));
#12111=CARTESIAN_POINT('',(-0.115,0.025,-0.0225));
#12112=CARTESIAN_POINT('',(-0.115,0.025,-0.0225));
#12113=CARTESIAN_POINT('',(-0.115,-0.125,-0.0225));
#12114=CARTESIAN_POINT('',(-0.135,-0.125,-0.0225));
#12115=CARTESIAN_POINT('',(0.,-0.12,-0.0225));
#12116=CARTESIAN_POINT('',(-0.135,-0.12,-0.0225));
#12117=CARTESIAN_POINT('',(-0.135,0.025,-0.0225));
#12118=CARTESIAN_POINT('',(-0.135,0.025,-0.0225));
#12119=CARTESIAN_POINT('',(-0.135,-0.125,-0.0225));
#12120=CARTESIAN_POINT('',(-0.165,-0.125,0.0225));
#12121=CARTESIAN_POINT('',(0.,-0.12,0.0225));
#12122=CARTESIAN_POINT('',(-0.165,-0.12,0.0225));
#12123=CARTESIAN_POINT('',(-0.185,-0.12,0.0225));
#12124=CARTESIAN_POINT('',(-0.185,-0.125,0.0225));
#12125=CARTESIAN_POINT('',(-0.185,0.025,0.0225));
#12126=CARTESIAN_POINT('',(-0.165,0.025,0.0225));
#12127=CARTESIAN_POINT('',(-0.165,0.025,0.0225));
#12128=CARTESIAN_POINT('',(-0.165,-0.125,0.0225));
#12129=CARTESIAN_POINT('',(-0.165,-0.125,0.0275));
#12130=CARTESIAN_POINT('',(-0.165,-0.12,0.));
#12131=CARTESIAN_POINT('',(-0.165,-0.12,0.0275));
#12132=CARTESIAN_POINT('',(-0.165,0.025,0.0275));
#12133=CARTESIAN_POINT('',(-0.165,0.025,0.0275));
#12134=CARTESIAN_POINT('',(-0.165,-0.125,0.0275));
#12135=CARTESIAN_POINT('',(-0.185,-0.125,0.0275));
#12136=CARTESIAN_POINT('',(0.,-0.12,0.0275));
#12137=CARTESIAN_POINT('',(-0.185,-0.12,0.0275));
#12138=CARTESIAN_POINT('',(-0.185,0.025,0.0275));
#12139=CARTESIAN_POINT('',(-0.185,0.025,0.0275));
#12140=CARTESIAN_POINT('',(-0.185,-0.125,0.0275));
#12141=CARTESIAN_POINT('',(-0.165,-0.125,-0.0275));
#12142=CARTESIAN_POINT('',(0.,-0.12,-0.0275));
#12143=CARTESIAN_POINT('',(-0.165,-0.12,-0.0275));
#12144=CARTESIAN_POINT('',(-0.185,-0.12,-0.0275));
#12145=CARTESIAN_POINT('',(-0.185,-0.125,-0.0275));
#12146=CARTESIAN_POINT('',(-0.185,0.025,-0.0275));
#12147=CARTESIAN_POINT('',(-0.165,0.025,-0.0275));
#12148=CARTESIAN_POINT('',(-0.165,0.025,-0.0275));
#12149=CARTESIAN_POINT('',(-0.165,-0.125,-0.0275));
#12150=CARTESIAN_POINT('',(-0.165,-0.125,-0.0225));
#12151=CARTESIAN_POINT('',(-0.165,-0.12,0.));
#12152=CARTESIAN_POINT('',(-0.165,-0.12,-0.0225));
#12153=CARTESIAN_POINT('',(-0.165,0.025,-0.0225));
#12154=CARTESIAN_POINT('',(-0.165,0.025,-0.0225));
#12155=CARTESIAN_POINT('',(-0.165,-0.125,-0.0225));
#12156=CARTESIAN_POINT('',(-0.185,-0.125,-0.0225));
#12157=CARTESIAN_POINT('',(0.,-0.12,-0.0225));
#12158=CARTESIAN_POINT('',(-0.185,-0.12,-0.0225));
#12159=CARTESIAN_POINT('',(-0.185,0.025,-0.0225));
#12160=CARTESIAN_POINT('',(-0.185,0.025,-0.0225));
#12161=CARTESIAN_POINT('',(-0.185,-0.125,-0.0225));
#12162=CARTESIAN_POINT('',(-0.215,-0.125,0.0225));
#12163=CARTESIAN_POINT('',(0.,-0.12,0.0225));
#12164=CARTESIAN_POINT('',(-0.215,-0.12,0.0225));
#12165=CARTESIAN_POINT('',(-0.235,-0.12,0.0225));
#12166=CARTESIAN_POINT('',(-0.235,-0.125,0.0225));
#12167=CARTESIAN_POINT('',(-0.235,0.025,0.0225));
#12168=CARTESIAN_POINT('',(-0.215,0.025,0.0225));
#12169=CARTESIAN_POINT('',(-0.215,0.025,0.0225));
#12170=CARTESIAN_POINT('',(-0.215,-0.125,0.0225));
#12171=CARTESIAN_POINT('',(-0.215,-0.125,0.0275));
#12172=CARTESIAN_POINT('',(-0.215,-0.12,0.));
#12173=CARTESIAN_POINT('',(-0.215,-0.12,0.0275));
#12174=CARTESIAN_POINT('',(-0.215,0.025,0.0275));
#12175=CARTESIAN_POINT('',(-0.215,0.025,0.0275));
#12176=CARTESIAN_POINT('',(-0.215,-0.125,0.0275));
#12177=CARTESIAN_POINT('',(-0.235,-0.125,0.0275));
#12178=CARTESIAN_POINT('',(0.,-0.12,0.0275));
#12179=CARTESIAN_POINT('',(-0.235,-0.12,0.0275));
#12180=CARTESIAN_POINT('',(-0.235,0.025,0.0275));
#12181=CARTESIAN_POINT('',(-0.235,0.025,0.0275));
#12182=CARTESIAN_POINT('',(-0.235,-0.125,0.0275));
#12183=CARTESIAN_POINT('',(-0.215,-0.125,-0.0275));
#12184=CARTESIAN_POINT('',(0.,-0.12,-0.0275));
#12185=CARTESIAN_POINT('',(-0.215,-0.12,-0.0275));
#12186=CARTESIAN_POINT('',(-0.235,-0.12,-0.0275));
#12187=CARTESIAN_POINT('',(-0.235,-0.125,-0.0275));
#12188=CARTESIAN_POINT('',(-0.235,0.025,-0.0275));
#12189=CARTESIAN_POINT('',(-0.215,0.025,-0.0275));
#12190=CARTESIAN_POINT('',(-0.215,0.025,-0.0275));
#12191=CARTESIAN_POINT('',(-0.215,-0.125,-0.0275));
#12192=CARTESIAN_POINT('',(-0.215,-0.125,-0.0225));
#12193=CARTESIAN_POINT('',(-0.215,-0.12,0.));
#12194=CARTESIAN_POINT('',(-0.215,-0.12,-0.0225));
#12195=CARTESIAN_POINT('',(-0.215,0.025,-0.0225));
#12196=CARTESIAN_POINT('',(-0.215,0.025,-0.0225));
#12197=CARTESIAN_POINT('',(-0.215,-0.125,-0.0225));
#12198=CARTESIAN_POINT('',(-0.235,-0.125,-0.0225));
#12199=CARTESIAN_POINT('',(0.,-0.12,-0.0225));
#12200=CARTESIAN_POINT('',(-0.235,-0.12,-0.0225));
#12201=CARTESIAN_POINT('',(-0.235,0.025,-0.0225));
#12202=CARTESIAN_POINT('',(-0.235,0.025,-0.0225));
#12203=CARTESIAN_POINT('',(-0.235,-0.125,-0.0225));
#12204=CARTESIAN_POINT('',(-0.265,-0.125,0.0225));
#12205=CARTESIAN_POINT('',(0.,-0.12,0.0225));
#12206=CARTESIAN_POINT('',(-0.265,-0.12,0.0225));
#12207=CARTESIAN_POINT('',(-0.285,-0.12,0.0225));
#12208=CARTESIAN_POINT('',(-0.285,-0.125,0.0225));
#12209=CARTESIAN_POINT('',(-0.285,0.025,0.0225));
#12210=CARTESIAN_POINT('',(-0.265,0.025,0.0225));
#12211=CARTESIAN_POINT('',(-0.265,0.025,0.0225));
#12212=CARTESIAN_POINT('',(-0.265,-0.125,0.0225));
#12213=CARTESIAN_POINT('',(-0.265,-0.125,0.0275));
#12214=CARTESIAN_POINT('',(-0.265,-0.12,0.));
#12215=CARTESIAN_POINT('',(-0.265,-0.12,0.0275));
#12216=CARTESIAN_POINT('',(-0.265,0.025,0.0275));
#12217=CARTESIAN_POINT('',(-0.265,0.025,0.0275));
#12218=CARTESIAN_POINT('',(-0.265,-0.125,0.0275));
#12219=CARTESIAN_POINT('',(-0.285,-0.125,0.0275));
#12220=CARTESIAN_POINT('',(0.,-0.12,0.0275));
#12221=CARTESIAN_POINT('',(-0.285,-0.12,0.0275));
#12222=CARTESIAN_POINT('',(-0.285,0.025,0.0275));
#12223=CARTESIAN_POINT('',(-0.285,0.025,0.0275));
#12224=CARTESIAN_POINT('',(-0.285,-0.125,0.0275));
#12225=CARTESIAN_POINT('',(-0.265,-0.125,-0.0275));
#12226=CARTESIAN_POINT('',(0.,-0.12,-0.0275));
#12227=CARTESIAN_POINT('',(-0.265,-0.12,-0.0275));
#12228=CARTESIAN_POINT('',(-0.285,-0.12,-0.0275));
#12229=CARTESIAN_POINT('',(-0.285,-0.125,-0.0275));
#12230=CARTESIAN_POINT('',(-0.285,0.025,-0.0275));
#12231=CARTESIAN_POINT('',(-0.265,0.025,-0.0275));
#12232=CARTESIAN_POINT('',(-0.265,0.025,-0.0275));
#12233=CARTESIAN_POINT('',(-0.265,-0.125,-0.0275));
#12234=CARTESIAN_POINT('',(-0.265,-0.125,-0.0225));
#12235=CARTESIAN_POINT('',(-0.265,-0.12,0.));
#12236=CARTESIAN_POINT('',(-0.265,-0.12,-0.0225));
#12237=CARTESIAN_POINT('',(-0.265,0.025,-0.0225));
#12238=CARTESIAN_POINT('',(-0.265,0.025,-0.0225));
#12239=CARTESIAN_POINT('',(-0.265,-0.125,-0.0225));
#12240=CARTESIAN_POINT('',(-0.285,-0.125,-0.0225));
#12241=CARTESIAN_POINT('',(0.,-0.12,-0.0225));
#12242=CARTESIAN_POINT('',(-0.285,-0.12,-0.0225));
#12243=CARTESIAN_POINT('',(-0.285,0.025,-0.0225));
#12244=CARTESIAN_POINT('',(-0.285,0.025,-0.0225));
#12245=CARTESIAN_POINT('',(-0.285,-0.125,-0.0225));
#12246=CARTESIAN_POINT('',(-0.315,-0.125,0.0225));
#12247=CARTESIAN_POINT('',(0.,-0.12,0.0225));
#12248=CARTESIAN_POINT('',(-0.315,-0.12,0.0225));
#12249=CARTESIAN_POINT('',(-0.335,-0.12,0.0225));
#12250=CARTESIAN_POINT('',(-0.335,-0.125,0.0225));
#12251=CARTESIAN_POINT('',(-0.335,0.025,0.0225));
#12252=CARTESIAN_POINT('',(-0.315,0.025,0.0225));
#12253=CARTESIAN_POINT('',(-0.315,0.025,0.0225));
#12254=CARTESIAN_POINT('',(-0.315,-0.125,0.0225));
#12255=CARTESIAN_POINT('',(-0.315,-0.125,0.0275));
#12256=CARTESIAN_POINT('',(-0.315,-0.12,0.));
#12257=CARTESIAN_POINT('',(-0.315,-0.12,0.0275));
#12258=CARTESIAN_POINT('',(-0.315,0.025,0.0275));
#12259=CARTESIAN_POINT('',(-0.315,0.025,0.0275));
#12260=CARTESIAN_POINT('',(-0.315,-0.125,0.0275));
#12261=CARTESIAN_POINT('',(-0.335,-0.125,0.0275));
#12262=CARTESIAN_POINT('',(0.,-0.12,0.0275));
#12263=CARTESIAN_POINT('',(-0.335,-0.12,0.0275));
#12264=CARTESIAN_POINT('',(-0.335,0.025,0.0275));
#12265=CARTESIAN_POINT('',(-0.335,0.025,0.0275));
#12266=CARTESIAN_POINT('',(-0.335,-0.125,0.0275));
#12267=CARTESIAN_POINT('',(-0.315,-0.125,-0.0275));
#12268=CARTESIAN_POINT('',(0.,-0.12,-0.0275));
#12269=CARTESIAN_POINT('',(-0.315,-0.12,-0.0275));
#12270=CARTESIAN_POINT('',(-0.335,-0.12,-0.0275));
#12271=CARTESIAN_POINT('',(-0.335,-0.125,-0.0275));
#12272=CARTESIAN_POINT('',(-0.335,0.025,-0.0275));
#12273=CARTESIAN_POINT('',(-0.315,0.025,-0.0275));
#12274=CARTESIAN_POINT('',(-0.315,0.025,-0.0275));
#12275=CARTESIAN_POINT('',(-0.315,-0.125,-0.0275));
#12276=CARTESIAN_POINT('',(-0.315,-0.125,-0.0225));
#12277=CARTESIAN_POINT('',(-0.315,-0.12,0.));
#12278=CARTESIAN_POINT('',(-0.315,-0.12,-0.0225));
#12279=CARTESIAN_POINT('',(-0.315,0.025,-0.0225));
#12280=CARTESIAN_POINT('',(-0.315,0.025,-0.0225));
#12281=CARTESIAN_POINT('',(-0.315,-0.125,-0.0225));
#12282=CARTESIAN_POINT('',(-0.335,-0.125,-0.0225));
#12283=CARTESIAN_POINT('',(0.,-0.12,-0.0225));
#12284=CARTESIAN_POINT('',(-0.335,-0.12,-0.0225));
#12285=CARTESIAN_POINT('',(-0.335,0.025,-0.0225));
#12286=CARTESIAN_POINT('',(-0.335,0.025,-0.0225));
#12287=CARTESIAN_POINT('',(-0.335,-0.125,-0.0225));
#12288=CARTESIAN_POINT('',(-0.365,-0.125,0.0225));
#12289=CARTESIAN_POINT('',(0.,-0.12,0.0225));
#12290=CARTESIAN_POINT('',(-0.365,-0.12,0.0225));
#12291=CARTESIAN_POINT('',(-0.385,-0.12,0.0225));
#12292=CARTESIAN_POINT('',(-0.385,-0.125,0.0225));
#12293=CARTESIAN_POINT('',(-0.385,0.025,0.0225));
#12294=CARTESIAN_POINT('',(-0.365,0.025,0.0225));
#12295=CARTESIAN_POINT('',(-0.365,0.025,0.0225));
#12296=CARTESIAN_POINT('',(-0.365,-0.125,0.0225));
#12297=CARTESIAN_POINT('',(-0.365,-0.125,0.0275));
#12298=CARTESIAN_POINT('',(-0.365,-0.12,0.));
#12299=CARTESIAN_POINT('',(-0.365,-0.12,0.0275));
#12300=CARTESIAN_POINT('',(-0.365,0.025,0.0275));
#12301=CARTESIAN_POINT('',(-0.365,0.025,0.0275));
#12302=CARTESIAN_POINT('',(-0.365,-0.125,0.0275));
#12303=CARTESIAN_POINT('',(-0.385,-0.125,0.0275));
#12304=CARTESIAN_POINT('',(0.,-0.12,0.0275));
#12305=CARTESIAN_POINT('',(-0.385,-0.12,0.0275));
#12306=CARTESIAN_POINT('',(-0.385,0.025,0.0275));
#12307=CARTESIAN_POINT('',(-0.385,0.025,0.0275));
#12308=CARTESIAN_POINT('',(-0.385,-0.125,0.0275));
#12309=CARTESIAN_POINT('',(-0.365,-0.125,-0.0275));
#12310=CARTESIAN_POINT('',(0.,-0.12,-0.0275));
#12311=CARTESIAN_POINT('',(-0.365,-0.12,-0.0275));
#12312=CARTESIAN_POINT('',(-0.385,-0.12,-0.0275));
#12313=CARTESIAN_POINT('',(-0.385,-0.125,-0.0275));
#12314=CARTESIAN_POINT('',(-0.385,0.025,-0.0275));
#12315=CARTESIAN_POINT('',(-0.365,0.025,-0.0275));
#12316=CARTESIAN_POINT('',(-0.365,0.025,-0.0275));
#12317=CARTESIAN_POINT('',(-0.365,-0.125,-0.0275));
#12318=CARTESIAN_POINT('',(-0.365,-0.125,-0.0225));
#12319=CARTESIAN_POINT('',(-0.365,-0.12,0.));
#12320=CARTESIAN_POINT('',(-0.365,-0.12,-0.0225));
#12321=CARTESIAN_POINT('',(-0.365,0.025,-0.0225));
#12322=CARTESIAN_POINT('',(-0.365,0.025,-0.0225));
#12323=CARTESIAN_POINT('',(-0.365,-0.125,-0.0225));
#12324=CARTESIAN_POINT('',(-0.385,-0.125,-0.0225));
#12325=CARTESIAN_POINT('',(0.,-0.12,-0.0225));
#12326=CARTESIAN_POINT('',(-0.385,-0.12,-0.0225));
#12327=CARTESIAN_POINT('',(-0.385,0.025,-0.0225));
#12328=CARTESIAN_POINT('',(-0.385,0.025,-0.0225));
#12329=CARTESIAN_POINT('',(-0.385,-0.125,-0.0225));
#12330=CARTESIAN_POINT('',(-0.415,-0.125,0.0225));
#12331=CARTESIAN_POINT('',(0.,-0.12,0.0225));
#12332=CARTESIAN_POINT('',(-0.415,-0.12,0.0225));
#12333=CARTESIAN_POINT('',(-0.435,-0.12,0.0225));
#12334=CARTESIAN_POINT('',(-0.435,-0.125,0.0225));
#12335=CARTESIAN_POINT('',(-0.435,0.025,0.0225));
#12336=CARTESIAN_POINT('',(-0.415,0.025,0.0225));
#12337=CARTESIAN_POINT('',(-0.415,0.025,0.0225));
#12338=CARTESIAN_POINT('',(-0.415,-0.125,0.0225));
#12339=CARTESIAN_POINT('',(-0.415,-0.125,0.0275));
#12340=CARTESIAN_POINT('',(-0.415,-0.12,0.));
#12341=CARTESIAN_POINT('',(-0.415,-0.12,0.0275));
#12342=CARTESIAN_POINT('',(-0.415,0.025,0.0275));
#12343=CARTESIAN_POINT('',(-0.415,0.025,0.0275));
#12344=CARTESIAN_POINT('',(-0.415,-0.125,0.0275));
#12345=CARTESIAN_POINT('',(-0.435,-0.125,0.0275));
#12346=CARTESIAN_POINT('',(0.,-0.12,0.0275));
#12347=CARTESIAN_POINT('',(-0.435,-0.12,0.0275));
#12348=CARTESIAN_POINT('',(-0.435,0.025,0.0275));
#12349=CARTESIAN_POINT('',(-0.435,0.025,0.0275));
#12350=CARTESIAN_POINT('',(-0.435,-0.125,0.0275));
#12351=CARTESIAN_POINT('',(-0.415,-0.125,-0.0275));
#12352=CARTESIAN_POINT('',(0.,-0.12,-0.0275));
#12353=CARTESIAN_POINT('',(-0.415,-0.12,-0.0275));
#12354=CARTESIAN_POINT('',(-0.435,-0.12,-0.0275));
#12355=CARTESIAN_POINT('',(-0.435,-0.125,-0.0275));
#12356=CARTESIAN_POINT('',(-0.435,0.025,-0.0275));
#12357=CARTESIAN_POINT('',(-0.415,0.025,-0.0275));
#12358=CARTESIAN_POINT('',(-0.415,0.025,-0.0275));
#12359=CARTESIAN_POINT('',(-0.415,-0.125,-0.0275));
#12360=CARTESIAN_POINT('',(-0.415,-0.125,-0.0225));
#12361=CARTESIAN_POINT('',(-0.415,-0.12,0.));
#12362=CARTESIAN_POINT('',(-0.415,-0.12,-0.0225));
#12363=CARTESIAN_POINT('',(-0.415,0.025,-0.0225));
#12364=CARTESIAN_POINT('',(-0.415,0.025,-0.0225));
#12365=CARTESIAN_POINT('',(-0.415,-0.125,-0.0225));
#12366=CARTESIAN_POINT('',(-0.435,-0.125,-0.0225));
#12367=CARTESIAN_POINT('',(0.,-0.12,-0.0225));
#12368=CARTESIAN_POINT('',(-0.435,-0.12,-0.0225));
#12369=CARTESIAN_POINT('',(-0.435,0.025,-0.0225));
#12370=CARTESIAN_POINT('',(-0.435,0.025,-0.0225));
#12371=CARTESIAN_POINT('',(-0.435,-0.125,-0.0225));
#12372=CARTESIAN_POINT('',(-0.465,-0.125,0.0225));
#12373=CARTESIAN_POINT('',(-0.465,0.025,0.0225));
#12374=CARTESIAN_POINT('',(-0.465,0.025,0.0225));
#12375=CARTESIAN_POINT('',(-0.465,-0.125,0.0225));
#12376=CARTESIAN_POINT('',(-0.465,-0.125,0.0275));
#12377=CARTESIAN_POINT('',(-0.465,0.025,0.0275));
#12378=CARTESIAN_POINT('',(-0.465,0.025,0.0275));
#12379=CARTESIAN_POINT('',(-0.465,-0.125,0.0275));
#12380=CARTESIAN_POINT('',(-0.485,-0.125,0.0275));
#12381=CARTESIAN_POINT('',(-0.485,0.025,0.0275));
#12382=CARTESIAN_POINT('',(-0.465,-0.125,-0.0275));
#12383=CARTESIAN_POINT('',(-0.465,0.025,-0.0275));
#12384=CARTESIAN_POINT('',(-0.465,0.025,-0.0275));
#12385=CARTESIAN_POINT('',(-0.465,-0.125,-0.0275));
#12386=CARTESIAN_POINT('',(-0.465,-0.125,-0.0225));
#12387=CARTESIAN_POINT('',(-0.465,0.025,-0.0225));
#12388=CARTESIAN_POINT('',(-0.465,0.025,-0.0225));
#12389=CARTESIAN_POINT('',(-0.465,-0.125,-0.0225));
#12390=CARTESIAN_POINT('',(-0.485,-0.125,-0.0225));
#12391=CARTESIAN_POINT('',(-0.485,0.025,-0.0225));
#12392=CARTESIAN_POINT('',(0.465,-0.125,0.0225));
#12393=CARTESIAN_POINT('',(0.465,0.025,0.0225));
#12394=CARTESIAN_POINT('',(0.465,-0.125,-0.0275));
#12395=CARTESIAN_POINT('',(0.465,0.025,-0.0275));
#12396=CARTESIAN_POINT('',(0.415,-0.125,0.0225));
#12397=CARTESIAN_POINT('',(0.415,-0.12,0.));
#12398=CARTESIAN_POINT('',(0.415,0.025,0.0225));
#12399=CARTESIAN_POINT('',(0.415,-0.125,-0.0275));
#12400=CARTESIAN_POINT('',(0.415,-0.12,0.));
#12401=CARTESIAN_POINT('',(0.415,0.025,-0.0275));
#12402=CARTESIAN_POINT('',(0.365,-0.125,0.0225));
#12403=CARTESIAN_POINT('',(0.365,-0.12,0.));
#12404=CARTESIAN_POINT('',(0.365,0.025,0.0225));
#12405=CARTESIAN_POINT('',(0.365,-0.125,-0.0275));
#12406=CARTESIAN_POINT('',(0.365,-0.12,0.));
#12407=CARTESIAN_POINT('',(0.365,0.025,-0.0275));
#12408=CARTESIAN_POINT('',(0.315,-0.125,0.0225));
#12409=CARTESIAN_POINT('',(0.315,-0.12,0.));
#12410=CARTESIAN_POINT('',(0.315,0.025,0.0225));
#12411=CARTESIAN_POINT('',(0.315,-0.125,-0.0275));
#12412=CARTESIAN_POINT('',(0.315,-0.12,0.));
#12413=CARTESIAN_POINT('',(0.315,0.025,-0.0275));
#12414=CARTESIAN_POINT('',(0.265,-0.125,0.0225));
#12415=CARTESIAN_POINT('',(0.265,-0.12,0.));
#12416=CARTESIAN_POINT('',(0.265,0.025,0.0225));
#12417=CARTESIAN_POINT('',(0.265,-0.125,-0.0275));
#12418=CARTESIAN_POINT('',(0.265,-0.12,0.));
#12419=CARTESIAN_POINT('',(0.265,0.025,-0.0275));
#12420=CARTESIAN_POINT('',(0.215,-0.125,0.0225));
#12421=CARTESIAN_POINT('',(0.215,-0.12,0.));
#12422=CARTESIAN_POINT('',(0.215,0.025,0.0225));
#12423=CARTESIAN_POINT('',(0.215,-0.125,-0.0275));
#12424=CARTESIAN_POINT('',(0.215,-0.12,0.));
#12425=CARTESIAN_POINT('',(0.215,0.025,-0.0275));
#12426=CARTESIAN_POINT('',(0.165,-0.125,0.0225));
#12427=CARTESIAN_POINT('',(0.165,-0.12,0.));
#12428=CARTESIAN_POINT('',(0.165,0.025,0.0225));
#12429=CARTESIAN_POINT('',(0.165,-0.125,-0.0275));
#12430=CARTESIAN_POINT('',(0.165,-0.12,0.));
#12431=CARTESIAN_POINT('',(0.165,0.025,-0.0275));
#12432=CARTESIAN_POINT('',(0.115,-0.125,0.0225));
#12433=CARTESIAN_POINT('',(0.115,-0.12,0.));
#12434=CARTESIAN_POINT('',(0.115,0.025,0.0225));
#12435=CARTESIAN_POINT('',(0.115,-0.125,-0.0275));
#12436=CARTESIAN_POINT('',(0.115,-0.12,0.));
#12437=CARTESIAN_POINT('',(0.115,0.025,-0.0275));
#12438=CARTESIAN_POINT('',(0.065,-0.125,0.0225));
#12439=CARTESIAN_POINT('',(0.065,-0.12,0.));
#12440=CARTESIAN_POINT('',(0.065,0.025,0.0225));
#12441=CARTESIAN_POINT('',(0.065,-0.125,-0.0275));
#12442=CARTESIAN_POINT('',(0.065,-0.12,0.));
#12443=CARTESIAN_POINT('',(0.065,0.025,-0.0275));
#12444=CARTESIAN_POINT('',(0.015,-0.125,0.0225));
#12445=CARTESIAN_POINT('',(0.015,-0.12,0.));
#12446=CARTESIAN_POINT('',(0.015,0.025,0.0225));
#12447=CARTESIAN_POINT('',(0.015,-0.125,-0.0275));
#12448=CARTESIAN_POINT('',(0.015,-0.12,0.));
#12449=CARTESIAN_POINT('',(0.015,0.025,-0.0275));
#12450=CARTESIAN_POINT('',(-0.035,-0.125,0.0225));
#12451=CARTESIAN_POINT('',(-0.035,-0.12,0.));
#12452=CARTESIAN_POINT('',(-0.035,0.025,0.0225));
#12453=CARTESIAN_POINT('',(-0.035,-0.125,-0.0275));
#12454=CARTESIAN_POINT('',(-0.035,-0.12,0.));
#12455=CARTESIAN_POINT('',(-0.035,0.025,-0.0275));
#12456=CARTESIAN_POINT('',(-0.085,-0.125,0.0225));
#12457=CARTESIAN_POINT('',(-0.085,-0.12,0.));
#12458=CARTESIAN_POINT('',(-0.085,0.025,0.0225));
#12459=CARTESIAN_POINT('',(-0.085,-0.125,-0.0275));
#12460=CARTESIAN_POINT('',(-0.085,-0.12,0.));
#12461=CARTESIAN_POINT('',(-0.085,0.025,-0.0275));
#12462=CARTESIAN_POINT('',(-0.135,-0.125,0.0225));
#12463=CARTESIAN_POINT('',(-0.135,-0.12,0.));
#12464=CARTESIAN_POINT('',(-0.135,0.025,0.0225));
#12465=CARTESIAN_POINT('',(-0.135,-0.125,-0.0275));
#12466=CARTESIAN_POINT('',(-0.135,-0.12,0.));
#12467=CARTESIAN_POINT('',(-0.135,0.025,-0.0275));
#12468=CARTESIAN_POINT('',(-0.185,-0.125,0.0225));
#12469=CARTESIAN_POINT('',(-0.185,-0.12,0.));
#12470=CARTESIAN_POINT('',(-0.185,0.025,0.0225));
#12471=CARTESIAN_POINT('',(-0.185,-0.125,-0.0275));
#12472=CARTESIAN_POINT('',(-0.185,-0.12,0.));
#12473=CARTESIAN_POINT('',(-0.185,0.025,-0.0275));
#12474=CARTESIAN_POINT('',(-0.235,-0.125,0.0225));
#12475=CARTESIAN_POINT('',(-0.235,-0.12,0.));
#12476=CARTESIAN_POINT('',(-0.235,0.025,0.0225));
#12477=CARTESIAN_POINT('',(-0.235,-0.125,-0.0275));
#12478=CARTESIAN_POINT('',(-0.235,-0.12,0.));
#12479=CARTESIAN_POINT('',(-0.235,0.025,-0.0275));
#12480=CARTESIAN_POINT('',(-0.285,-0.125,0.0225));
#12481=CARTESIAN_POINT('',(-0.285,-0.12,0.));
#12482=CARTESIAN_POINT('',(-0.285,0.025,0.0225));
#12483=CARTESIAN_POINT('',(-0.285,-0.125,-0.0275));
#12484=CARTESIAN_POINT('',(-0.285,-0.12,0.));
#12485=CARTESIAN_POINT('',(-0.285,0.025,-0.0275));
#12486=CARTESIAN_POINT('',(-0.335,-0.125,0.0225));
#12487=CARTESIAN_POINT('',(-0.335,-0.12,0.));
#12488=CARTESIAN_POINT('',(-0.335,0.025,0.0225));
#12489=CARTESIAN_POINT('',(-0.335,-0.125,-0.0275));
#12490=CARTESIAN_POINT('',(-0.335,-0.12,0.));
#12491=CARTESIAN_POINT('',(-0.335,0.025,-0.0275));
#12492=CARTESIAN_POINT('',(-0.385,-0.125,0.0225));
#12493=CARTESIAN_POINT('',(-0.385,-0.12,0.));
#12494=CARTESIAN_POINT('',(-0.385,0.025,0.0225));
#12495=CARTESIAN_POINT('',(-0.385,-0.125,-0.0275));
#12496=CARTESIAN_POINT('',(-0.385,-0.12,0.));
#12497=CARTESIAN_POINT('',(-0.385,0.025,-0.0275));
#12498=CARTESIAN_POINT('',(-0.435,-0.125,0.0225));
#12499=CARTESIAN_POINT('',(-0.435,-0.12,0.));
#12500=CARTESIAN_POINT('',(-0.435,0.025,0.0225));
#12501=CARTESIAN_POINT('',(-0.435,-0.125,-0.0275));
#12502=CARTESIAN_POINT('',(-0.435,-0.12,0.));
#12503=CARTESIAN_POINT('',(-0.435,0.025,-0.0275));
#12504=CARTESIAN_POINT('',(0.,0.025,0.));
#12505=CARTESIAN_POINT('',(0.,-0.12,0.));
#12506=CARTESIAN_POINT('',(0.,-0.12,0.));
#12507=CARTESIAN_POINT('',(0.,-0.12,0.));
#12508=CARTESIAN_POINT('',(0.,-0.12,0.));
#12509=CARTESIAN_POINT('',(0.,-0.12,0.));
#12510=CARTESIAN_POINT('',(0.,-0.12,0.));
#12511=CARTESIAN_POINT('',(0.,-0.12,0.));
#12512=CARTESIAN_POINT('',(0.,-0.12,0.));
#12513=CARTESIAN_POINT('',(0.,-0.12,0.));
#12514=CARTESIAN_POINT('',(0.,-0.12,0.));
#12515=CARTESIAN_POINT('',(0.,-0.12,0.));
#12516=CARTESIAN_POINT('',(0.,-0.12,0.));
#12517=CARTESIAN_POINT('',(0.,-0.12,0.));
#12518=CARTESIAN_POINT('',(0.,-0.12,0.));
#12519=CARTESIAN_POINT('',(0.,-0.12,0.));
#12520=CARTESIAN_POINT('',(0.,-0.12,0.));
#12521=CARTESIAN_POINT('',(0.,-0.12,0.));
#12522=CARTESIAN_POINT('',(0.,-0.12,0.));
#12523=CARTESIAN_POINT('',(0.,-0.12,0.));
#12524=CARTESIAN_POINT('',(0.,-0.12,0.));
#12525=CARTESIAN_POINT('',(0.,-0.12,0.));
#12526=CARTESIAN_POINT('',(0.,-0.12,0.));
#12527=CARTESIAN_POINT('',(0.,-0.12,0.));
#12528=CARTESIAN_POINT('',(0.,-0.12,0.));
#12529=CARTESIAN_POINT('',(0.,-0.12,0.));
#12530=CARTESIAN_POINT('',(0.,-0.12,0.));
#12531=CARTESIAN_POINT('',(0.,-0.12,0.));
#12532=CARTESIAN_POINT('',(0.,-0.12,0.));
#12533=CARTESIAN_POINT('',(0.,-0.12,0.));
#12534=CARTESIAN_POINT('',(0.,-0.12,0.));
#12535=CARTESIAN_POINT('',(0.,-0.12,0.));
#12536=CARTESIAN_POINT('',(0.,-0.12,0.));
#12537=CARTESIAN_POINT('',(0.,-0.12,0.));
#12538=CARTESIAN_POINT('',(0.,-0.12,0.));
#12539=CARTESIAN_POINT('',(0.,-0.12,0.));
#12540=CARTESIAN_POINT('',(0.,-0.12,0.));
#12541=CARTESIAN_POINT('',(0.,0.,0.));
#12542=MECHANICAL_DESIGN_GEOMETRIC_PRESENTATION_REPRESENTATION('',(#7910,
#7911),#12543);
#12543=(
GEOMETRIC_REPRESENTATION_CONTEXT(3)
GLOBAL_UNCERTAINTY_ASSIGNED_CONTEXT((#12546))
GLOBAL_UNIT_ASSIGNED_CONTEXT((#12551,#12550,#12549))
REPRESENTATION_CONTEXT('SFM-120-01-L-D-A-TR','TOP_LEVEL_ASSEMBLY_PART')
);
#12544=(
GEOMETRIC_REPRESENTATION_CONTEXT(3)
GLOBAL_UNCERTAINTY_ASSIGNED_CONTEXT((#12547))
GLOBAL_UNIT_ASSIGNED_CONTEXT((#12551,#12550,#12549))
REPRESENTATION_CONTEXT('SFM-120-01-L-D-A_terminal','COMPONENT_PART')
);
#12545=(
GEOMETRIC_REPRESENTATION_CONTEXT(3)
GLOBAL_UNCERTAINTY_ASSIGNED_CONTEXT((#12548))
GLOBAL_UNIT_ASSIGNED_CONTEXT((#12551,#12550,#12549))
REPRESENTATION_CONTEXT('C-20-01-D-L_pins','COMPONENT_PART')
);
#12546=UNCERTAINTY_MEASURE_WITH_UNIT(LENGTH_MEASURE(3.93700787401575E-7),
#12551,'DISTANCE_ACCURACY_VALUE','Maximum Tolerance applied to model');
#12547=UNCERTAINTY_MEASURE_WITH_UNIT(LENGTH_MEASURE(3.93700787401575E-7),
#12551,'DISTANCE_ACCURACY_VALUE','Maximum Tolerance applied to model');
#12548=UNCERTAINTY_MEASURE_WITH_UNIT(LENGTH_MEASURE(3.93700787401575E-7),
#12551,'DISTANCE_ACCURACY_VALUE','Maximum Tolerance applied to model');
#12549=(
NAMED_UNIT(*)
SI_UNIT($,.STERADIAN.)
SOLID_ANGLE_UNIT()
);
#12550=(
NAMED_UNIT(*)
PLANE_ANGLE_UNIT()
SI_UNIT($,.RADIAN.)
);
#12551=(
CONVERSION_BASED_UNIT('INCH',#12553)
LENGTH_UNIT()
NAMED_UNIT(#12552)
);
#12552=DIMENSIONAL_EXPONENTS(1.,0.,0.,0.,0.,0.,0.);
#12553=LENGTH_MEASURE_WITH_UNIT(LENGTH_MEASURE(25.4),#12554);
#12554=(
LENGTH_UNIT()
NAMED_UNIT(*)
SI_UNIT(.MILLI.,.METRE.)
);
#12555=PRODUCT_DEFINITION_SHAPE('','',#12560);
#12556=PRODUCT_DEFINITION_SHAPE('','',#12561);
#12557=PRODUCT_DEFINITION_SHAPE(' ','NAUO PRDDFN',#20);
#12558=PRODUCT_DEFINITION_SHAPE('','',#12562);
#12559=PRODUCT_DEFINITION_SHAPE(' ','NAUO PRDDFN',#21);
#12560=PRODUCT_DEFINITION('','',#12566,#12563);
#12561=PRODUCT_DEFINITION('','',#12567,#12564);
#12562=PRODUCT_DEFINITION('','',#12568,#12565);
#12563=PRODUCT_DEFINITION_CONTEXT('',#12582,'design');
#12564=PRODUCT_DEFINITION_CONTEXT('',#12582,'design');
#12565=PRODUCT_DEFINITION_CONTEXT('',#12582,'design');
#12566=PRODUCT_DEFINITION_FORMATION_WITH_SPECIFIED_SOURCE('','',#12572,
 .NOT_KNOWN.);
#12567=PRODUCT_DEFINITION_FORMATION_WITH_SPECIFIED_SOURCE('','',#12573,
 .NOT_KNOWN.);
#12568=PRODUCT_DEFINITION_FORMATION_WITH_SPECIFIED_SOURCE('','',#12574,
 .NOT_KNOWN.);
#12569=PRODUCT_RELATED_PRODUCT_CATEGORY('','',(#12572));
#12570=PRODUCT_RELATED_PRODUCT_CATEGORY('','',(#12573));
#12571=PRODUCT_RELATED_PRODUCT_CATEGORY('','',(#12574));
#12572=PRODUCT('SFM-120-01-L-D-A-TR','SFM-120-01-L-D-A-TR',
'SFM-120-01-L-D-A-TR',(#12578));
#12573=PRODUCT('SFM-120-01-L-D-A_terminal','SFM-120-01-L-D-A_terminal',
'SFM-120-01-L-D-A_terminal',(#12579));
#12574=PRODUCT('C-20-01-D-L_pins','C-20-01-D-L_pins','C-20-01-D-L_pins',
(#12580));
#12575=PRODUCT_CATEGORY('','');
#12576=PRODUCT_CATEGORY('','');
#12577=PRODUCT_CATEGORY('','');
#12578=PRODUCT_CONTEXT('',#12582,'mechanical');
#12579=PRODUCT_CONTEXT('',#12582,'mechanical');
#12580=PRODUCT_CONTEXT('',#12582,'mechanical');
#12581=APPLICATION_PROTOCOL_DEFINITION('international standard',
'automotive_design',2010,#12582);
#12582=APPLICATION_CONTEXT(
'core data for automotive mechanical design processes');
ENDSEC;
END-ISO-10303-21;
